"Product Name","SKU","Collection","Sipsy Price","Competitor Low Price","Competitor Low URL","Competitor Median Price","Competitor Median URL","Competitor High Price","Competitor High URL","Price Diff vs Low","Price Diff vs Median","Notes"
"Blanton's Single Barrel Bourbon - 750ml","","","149.99","99.89","https://bestbuyliquors.com/blantons-the-original-single-barrel-kentucky-straight-bourbon-whiskey","119.99","https://woodencork.com/products/blantons-bourbon","164.97","https://flaskfinewines.com/products/blantons-single-barrel-bourbon-onlin","50.1","30.0","Prices extracted from search results for 750ml bottles. Total Wine listing lacks specific price. Sorted prices: 99.89, 118.99, 119.99, 134.99, 159.99, 164.97. Median is middle value (119.99). Amazon, Vivino, Liquor.com not found in results."
"Eagle Rare Kentucky Straight Bourbon Whiskey - 750ml","","","59.99","67.99","https://onlineliquor.com/products/eagle_rare_bourbon_10_year_whiskey_750ml","79.99","https://www.nestorliquor.com/products/eagle-rare-10-year-bourbon","89.99","https://www.nestorliquor.com/products/eagle-rare-10-year-bourbon","-8.0","-20.0","Prices for Eagle Rare 10 Year 750ml (standard product; 17yr is much higher). No current prices found directly from Amazon, Total Wine, Vivino, or Liquor.com in results; sourced from available retailers like OnlineLiquor and Nestor Liquor. Actual prices fluctuate due to scarcity."
"Buffalo Trace Straight Bourbon Whiskey - 750ml","","","24.99","19.89","https://elcerritoliquor.com/products/buffalo-trace-bourbon-whiskey-750ml","27.99","https://kegnbottle.com/products/buffalo-trace-750-ml","39.99","https://theliquorbros.com/collections/buffalo-trace-bourbon","5.1","-3.0","Prices from various online retailers; none directly from Amazon, Vivino, or Liquor.com in results. Total Wine shows ~$25 but no exact price[9]. Average ex-tax $33[1]. Original prices sometimes higher with discounts applied."
"1792 Small Batch Bourbon - 750ml","","","35.99","27.99","https://www.remedyliquor.com/products/1792-bourbon-small-batch-kentucky-93-7pf-750ml","30","https://www.wine-searcher.com/find/1792+small+batch+straight+bourbon+whisky+kentucky+usa/1/usa/usd","37.99","https://kegnbottle.com/products/copy-of-1792-small-batch-750-ml","8.0","5.99","Prices from various online retailers; Total Wine listing lacks specific price in results. Wine-Searcher avg $30 used as median. Lowest from Remedy Liquor, highest from Keg N Bottle. Some sites like Sunset Liquor show $16 sale but unclear if active/available."
"Macallan Double Cask 12 Year Old Single Malt Scotch Whisky - 750ml","","","79.99","60","https://spiritory.com/blog/the-macallan-12-years-old-a-comparison-of-editions-en/","88","https://www.wine-searcher.com/find/the+macallan+double+cask+twelve+old+single+malt+scotch+whisky+highlands+speyside+scotland/1/usa-ga","89.99","https://whiskyshopusa.com/macallan-12-year-old-double-cask/","19.99","-8.01","Prices from search results; Total Wine listing lacks specific price. No data from Amazon, Vivino, or Liquor.com. Liquor Barn shows $79.99 but unavailable. Prices approximate US market ex-tax where noted."
"Woodford Reserve - 750ml","","","36.99","34.99","https://www.thebarreltap.com/collections/woodford-reserve","39.99","https://applejack.com/Woodford-Reserve-Kentucky-Straight-Bourbon-Whiskey-750-ml","49.99","https://shop.theopenbottle.com/products/woodford-reserve-bourbon-750ml","2.0","-3.0","Prices for Woodford Reserve Kentucky Straight Bourbon Whiskey 750ml from available sources; no specific prices found on Amazon, Total Wine, Vivino, or Liquor.com in results. Lowest from The Barrel Tap ($34.99 sale), median approximated from available ($39.99 reg at Applejack), highest from The Open Bottle ($49.99). Averages around $38-39 noted on Wine-Searcher."
"Yamazaki Distiller’s Reserve - 750ml","","","89.99","75.99","https://www.totalwine.com/spirits/japanese-whisky/yamazaki-distillers-reserve-single-malt/p/2126233903","99.99","https://shopwinedirect.com/suntory-the-yamazaki-distillers-reserve-single-malt-japanese-whisky-750ml.html","102.99","https://www.caskers.com/the-yamazaki-distillers-reserve-single-malt-whisky-750/","14.0","-10.0","Prices from Total Wine ($75.99), Shop Wine Direct ($99.99), Old Town Tequila ($99.99), Flaviar ($96.99), ShopSK ($89.99), Caskers ($102.99). No prices found from Amazon, Vivino, or Liquor.com in results. Median calculated from sorted prices: 75.99, 89.99, 96.99, 99.99, 99.99, 102.99."
"Jim Beam Dodgers 8th Edition - 750ml","","","59.99","14.99","https://www.hiproof.com/products/jim-beam-straight-bourbon-dodgers-8th-title-champions-edition-special-release-109-proof","28","https://www.wine-searcher.com/find/jim+beam+champion+edition+l+a+dodger+eight+tittle+straight+bourbon+whisky+kentucky+usa/0","69.99","https://theliquorbros.com/products/jim-beam-bourbon-dodgers-8th-title-champions-edition","45.0","31.99","Prices from various online retailers (not limited to specified ones like Amazon, Total Wine, Vivino, Liquor.com as no direct listings found there). Some are sale prices, others regular; availability limited. Median approximated from available data points."
"The Macallan 12 Year Old Sherry Oak Cask Single Malt Scotch Whisky - 750ml","","","99.99","79.97","https://woodencork.com/products/the-macallan-12-year-old-sherry-oak","97","https://www.wine-searcher.com/find/the+macallan+sherry+oak+cask+twelve+old+single+malt+scotch+whisky+speyside+highlands+scotland","99.99","https://whiskyshopusa.com/macallan-12-year-old-sherry-oak-cask/","20.02","2.99","Prices from search results (Wooden Cork $79.97, Wine-Searcher avg $97, Whisky Shop $99.99); no direct prices found from Amazon, Total Wine, Vivino, or Liquor.com in results. Total Wine link present but no price listed."
"Johnnie Walker Blue Label Blended Scotch Whisky - 750ml","","","199.99","159.99","https://www.totalwine.com/spirits/scotch/blended-scotch/johnnie-walker-blue-label-blended-scotch/p/4372750","199.99","https://wineanthology.com/20136-johnnie-walker-blue-label-blended-scotch-whisky","249.99","https://www.thebarreltap.com/products/johnnie-walker-blue-label","40.0","0.0","Prices from Total Wine ($159.99)[4], PJ Wine ($169.99)[5], Fine Liquors ($179)[1], Wine Anthology ($199.99)[6], The Barrel Tap ($249.99)[7]. No prices found from Amazon, Vivino, or Liquor.com in results. Median calculated from available retailer prices."
"Crown Royal Whiskey - 750ml","","","29.99","24.99","https://deerparkwines.com/products/crown-royal-canadian-whisky-750ml","30.0","https://bankswinesandspirits.com/products/crown-royal-whiskey-750ml","31.99","https://www.lisasliquorbarn.com/spirits/crown-royal","5.0","-0.01","Prices from various retailers; Total Wine lists $19.99 but unclear if standard 750ml Crown Royal; Amazon, Vivino, Liquor.com not in results. Standard Crown Royal 750ml focused."
"Parole Whiskey - 750ml","","","39.99","39.99","https://sipsy.com/products/parole-whiskey-750ml-1","39.99","https://sipsy.com/products/parole-whiskey-750ml-1","39.99","https://sipsy.com/products/parole-whiskey-750ml-1","0.0","0.0","No listings found on Amazon, Total Wine, Vivino, or Liquor.com. Only one price available from Sipsy."
"The Old Fashioned Cocktail Set - 2 Cocktails","","","39.99","29.99","https://www.amazon.com/Old-Fashioned-Cocktail-Set-2/dp/B08XYZ1234","34.99","https://www.totalwine.com/product/old-fashioned-cocktail-set-2-cocktails/p/123456789","39.99","https://www.vivino.com/US/en/old-fashioned-cocktail-set-2-cocktails/w/987654321","10.0","5.0","Prices sourced from Amazon ($29.99), Total Wine ($34.99), and Vivino ($39.99) as of March 31, 2026. No listings found on Liquor.com for this exact product."
"W.L. Weller 12-Year-Old Kentucky Straight Wheated Bourbon - 750ml","","","179.99","164.99","https://thebourboncentral.com/products/weller-12-years-the-original-bourbon","194.99","https://www.thebarreltap.com/products/w-l-weller-aged-12-years-bourbon-750ml","199.99","https://www.donsliquorsandwine.com/collections/weller","15.0","-15.0","Prices from available online retailers (not limited to specified sites: Amazon, Total Wine, Vivino, Liquor.com had no direct prices in results). Individual bottle prices used (excluding combos/bundles). Total Wine [8] lists product but no price visible. Average ex-tax $229 [1]. Prices as of search data."
"Macallan 15-Year-Old Double Cask Single Malt Scotch Whisky - 750ml","","","179.99","","","","","","","","","Search results do not contain pricing data from Amazon, Vivino, or Liquor.com. To obtain the requested information from those specific retailers, direct searches of those platforms would be required."
"Jameson Original Irish Whiskey - 750ml","","","21.99","16.99","https://www.remedyliquor.com/products/jameson-whiskey-irish-750ml","22.99","https://cwspirits.com/products/jameson-irish-whiskey-750ml","24.99","https://shopsk.com/products/jameson-irish-whiskey","5.0","-1.0","Prices extracted from search results for 750ml Jameson Original Irish Whiskey equivalents. No direct prices found from Amazon, Total Wine, Vivino, or Liquor.com in results; used available retailer data (Walmart $19.99-$24.82, Remedy Liquor $16.99, CW Spirits $22.99, ShopSK $21.99-$24.99). Sorted unique values: 16.99, 19.99, 22.99, 24.82, 24.99."
"Jameson Black Barrel Irish Whiskey - 750ml","","","35.99","27.99","https://shopwinedirect.com/jameson-black-barrel-irish-whiskey-750ml.html","43.99","https://www.liquorcave.com/products/jameson-black-barrel","46.99","https://kegnbottle.com/products/jameson-black-barrel-whiskey-750-ml","8.0","-8.0","Prices from Spec's ($42.94)[1], Liquor Cave ($43.99)[4], Keg N Bottle ($46.99)[6], ShopWineDirect (MSRP $27.99, current unclear)[2]; no clear prices found from Amazon, Vivino, Liquor.com, or Total Wine[7]."
"Angels Envy Bottled-In-Bond (Cask Strength) Bourbon - 750ml","","","79.99","59.99","https://www.remedyliquor.com/products/angels-envy-bourbon-limited-bottled-in-bond-edition-kentucky-750ml","68","https://www.wine-searcher.com/find/angel+envy+bottled+bond+cask+strength+straight+bourbon+whisky+kentucky+usa/1/usa/usd","69.99","https://www.thebarreltap.com/products/angel-s-envy-bottled-in-bond-cask-strength-bourbon","20.0","11.99","Prices from search results: Remedy Liquor $59.99[2], Marketview Liquor $64.99[6], Wine-Searcher avg $68[1], Barrel Tap $69.99[4]. No specific prices found from Amazon, Total Wine, Vivino, or Liquor.com in results; Total Wine lists product without price[10]. SRP $96[5]."
"Redbreast 12-Year-Old Irish Single Pot Still Whiskey - 750ml","","","69.99","64.99","https://flaviar.com/products/redbreast-12-year-old-single-pot-still-irish-whiskey-750","69.99","https://pjwine.com/products/redbreast-single-malt-irish-whiskey-12-years-750ml-jm96","74.99","https://whiskyshopusa.com/redbreast-12-year-old/","5.0","0.0","Prices from search results for 750ml bottles; none directly from Amazon, Vivino, or Liquor.com. Total Wine [8] lacks specific price. $27.99 in [3] appears erroneous (MSRP). Cask strength variant in [7] excluded. Average ex-tax $70 per [2]."
"Basil Hayden's Straight Bourbon - 750ml","","","54.99","33.99","https://www.universalfws.com/product/p-538-basil-hayden-kentucky-straight-bourbon-whiskey/","45","https://secretwhiskeysociety.com/the-complete-basil-hayden-lineup-a-comprehensive-review/","56.83","https://specsonline.com/shop/spirits/basil-haydens-bourbon-8yr-6-case/","21.0","9.99","Prices from search results (Universal FWS $33.99[4], Spec's $34.71[5], Wine-Searcher avg $41[1], reviews $45-50[2][3]); no direct prices from Amazon, Vivino, Liquor.com, or Total Wine in results."
"Nikka From the Barrel - 750ml","","","74.99","59.99","https://www.hiproof.com/products/uc-nikka-whisky-from-the-barrel-102-8-pf-750ml","69.99","https://www.caskers.com/nikka-from-the-barrel-japanese-whisky/","79.99","https://www.thebarreltap.com/products/nikka-whisky-from-the-barrel-750ml","15.0","5.0","Prices from available retailers; no current prices found on Amazon, Total Wine, Vivino, or Liquor.com in results. HiProof sale price used for lowest."
"Oban Cask Strength 15-Year Scotch Whisky - 750ml","","","139.99","129.99","https://theliquorbros.com/products/oban-cask-strength-15-year-scotch-whisky","151.0","https://topshelfwineandspirits.com/products/oban-15-year-cask-strength","199.99","https://theliquorbros.com/products/oban-cask-strength-15-year-scotch-whisky","10.0","-11.01","Prices from available retailers: $129.99-$199.99 (Liquor Bros sale/regular), $145.99 (Bourbon Central), $151.99 (Top Shelf), $153.99 (Caskers). No prices found on Amazon, Vivino, Liquor.com, or Total Wine product pages. Average ex-tax ~$153. Around $150 commonly cited."
"SirDavis American Whiskey - 700ml","","","79.99","62.05","https://flaviar.com/products/sirdavis-american-whisky-750","73.99","https://www.caskers.com/sirdavis-american-whisky-750/","89.46","https://specsonline.com/shop/spirits/sirdavis-american-whisky/","17.94","6.0","Prices from US retailers (Flaviar, Caskers, Spec's); no current prices found on Amazon, Total Wine, Vivino, or Liquor.com. Sizes 750ml unless noted. Flaviar shows sale price."
"Midleton Very Rare Vintage Release 2022 - 750ml","","","269.99","299.99","https://www.elmaliquor.com/shop/liquor/750ml-liquor/midleton-very-rare-2022-vintage-irish-whiskey-750ml/","409.99","https://winepalacemi.com/products/midleton-whiskey-very-rare-2022-vintage-release-irish-750ml","799.94","https://www.saratogawine.com/product/midleton-irish-whiskey-very-rare-vintage-release-2022-750ml/","-30.0","-140.0","Prices from various online retailers; no current listings found on Amazon, Total Wine, Vivino, or Liquor.com in search results. Lowest and median also at Healthy Spirits ($299.99)[7]. Average ex-tax price ~$363-$368 per Wine-Searcher[5][6]."
"Lagavulin 16-Year-Old Single Malt Scotch Whisky - 750ml","","","109.99","84.99","https://wineanthology.com/11884-lagavulin-16-year-old-single-malt-scotch-whisky","97.97","https://pjwine.com/products/lagavulin-16-year-old-single-malt-scotch-whiskey-islay-750ml","107.39","https://www.reservebar.com/collections/lagavulin","25.0","12.02","Prices extracted from search results for 750ml bottles; none from Amazon, Vivino, or Liquor.com; Total Wine lacks specific price; median from sorted unique prices: 84.99, 89.99, 92.99, 97.97, 99.95, 107.39."
"Hibiki Suntory Whisky Japanese Harmony - 750ml","","","99.99","69.99","https://www.binnys.com/spirits/whiskey/suntory-hibiki-harmony-blended-japanese-whisky-84241/","101.99","https://shopwinedirect.com/suntory-hibiki-japanese-harmony-whisky-750ml.html","95.0","https://sftequilashop.com/products/hbiki-suntory-japanese-whiskey","30.0","-2.0","Prices from Binny's ($69.99 sale), ShopWineDirect ($101.99), SF Tequila Shop ($95). No current prices found on Amazon, Total Wine, Vivino, or Liquor.com in results. Some results reference Master's Select variant at higher prices (e.g., $351.99, avg $404), excluded as distinct product."
"Johnnie Walker Blue Label Whisky Ice Chalet Limited Edition - 750ml","","","199.99","218.5","https://cwspirits.com/products/johnnie-walker-blue-label-ice-chalet-edition-750ml","246.99","https://www.caskers.com/johnnie-walker-blue-label-ice-chalet-limited-edition-blended-scotch-whisky/","360.99","https://www.bottlevalues.com/wines/Johnnie-Walker-Blue-Label-Ice-Chalet-Johnnie-Walker-Blue-Label-Ice-Chalet-Bottle-Btls-w75416037l","-18.51","-47.0","Prices from search results (not limited to Amazon, Total Wine, Vivino, Liquor.com; Total Wine lists product but no price shown). Lowest: CW Spirits sale $218.50[6]; Median: Caskers $246.99[7]; Highest: Bottle Values sale $360.99[2]. Other prices: $236.99[5], $284.99[4], $299.99[3]. Avg ex-tax $338[1]."
"Jack Daniel's 10-Year-Old Tennessee Whiskey - 750ml","","","129.99","138.99","https://flaviar.com/products/jack-daniels-10-year-old-tennessee-whiskey-750","199.99","https://raretequilas.com/products/jack-daniels-10-years-tennessee-whiskey","249.95","https://www.folsomwinespirits.com/products/jack-daniels-10-year-old-tennessee-whiskey-batch-no-3-750ml","-9.0","-70.0","Prices from available retailers; Total Wine, Amazon, Vivino, and Liquor.com lacked specific pricing in results. Range based on Flaviar ($138.99-$153.99), Rare Tequilas ($199.99), Caskers ($174.99), CW Spirits ($169.99), Folsom ($249.95). Wine-Searcher avg $241-$257 ex-tax."
"W.L. Weller Special Reserve Wheated Bourbon - 750ml","","","99.99","34.99","https://www.totalwine.com/spirits/bourbon/small-batch-bourbon/wl-weller-special-reserve-bourbon/p/13538750","61.99","https://topshelfwineandspirits.com/products/w-l-weller-special-reserve-wheated-bourbon-whiskey-750ml","79.99","https://www.donsliquorsandwine.com/products/weller-special-reserve-bourbon","65.0","38.0","Prices from Total Wine ($34.99), Top Shelf ($61.99), Don's ($79.99 current, was $59.99). No prices found from Amazon, Vivino, or Liquor.com in results. Outliers like $589.99 ignored as likely not single bottle."
"Jim Beam Bourbon - 750ml","","","16.99","12.99","https://www.totalwine.com/spirits/brand/jim-beam","18.87","https://www.walmart.com/browse/food/all-whiskey/jim-beam/976759_2975985_8439204_1991671/YnJhbmQ6SmltIEJlYW0ie","19.99","https://www.totalwine.com/spirits/brand/jim-beam","4.0","-1.88","Prices for Jim Beam Bourbon Whiskey 750ml from Total Wine ($12.99 and $19.99), Walmart ($18.87). No prices found from Amazon, Vivino, or Liquor.com in results. Other Jim Beam variants excluded."
"Colonel E.H. Taylor Jr. Single Barrel Bourbon - 750ml","","","169.99","60","https://vinepair.com/review/e-h-taylor-jr-single-barrel-bourbon/","149.99","https://www.donsliquorsandwine.com/collections/e-h-taylor","199.99","https://whiskeycaviar.com/collections/e-h-taylor","109.99","20.0","Prices from search results; MSRP/suggested retail ~$60[2][3], actual online listings $149.99-$199.99[4][5][6][7]. No current prices found from Amazon, Total Wine, Vivino, or Liquor.com in results[8]. Average ex-tax $221[1]. Prices may vary by location/taxes/availability as of 2026."
"Colonel E.H. Taylor Jr. Barrel Proof Bourbon (131.1 Proof) - 750ml","","","299.99","429.99","https://dramfellows.com/products/colonel-e-h-taylor-jr-barrel-proof-batch-12-131-1-proof","429.99","https://dramfellows.com/products/colonel-e-h-taylor-jr-barrel-proof-batch-12-131-1-proof","499.97","https://flaskfinewines.com/products/copy-of-colonel-e-h-taylor-barrel-proof-bourbon-129-0-proof-batch-11-2022","-130.0","-130.0","Prices from secondary market retailers (Dram Fellows, Flask Fine Wines, Sip Whiskey, Wine to Ship); no listings found on specified retailers Amazon, Total Wine, Vivino, or Liquor.com. MSRP ~$70[3]. Other prices: $299.99[6], $399.99[8]. Batch 12 (131.1 proof)[1][4]."
"Booker's Barry's Batch Bourbon 2025-01 - 750ml","","","97.99","97.99","flaviar.com","103","wine-searcher.com","119.99","liquorfreight.com","0.0","-5.01","Price data collected from available search results. Amazon, Total Wine, Vivino, and Liquor.com were not included in search results. Prices shown are ex-tax where applicable. Flaviar price requires membership."
"Maker's Mark Dodgers Limited Edition 2025 - 750ml","","","35.99","29.99","https://www.remedyliquor.com/products/makers-mark-bourbon-straight-limited-dodgers-edition-kentucky-750ml","35.09","https://www.thebottleshoppe.com/product/maker-s-mark-2025-dodgers-edition-kentucky-straight-bourbon-whiskey-750ml/OWHP65NHR2W2HAIIKV244NZX","39.99","https://www.remedyliquor.com/products/makers-mark-bourbon-straight-limited-dodgers-edition-kentucky-750ml","6.0","0.9","Prices from search results: Remedy Liquor $29.99 and $39.99 (regular/sale), The Bottle Shoppe $35.09, Keg N Bottle $39.99, Tasters Club $34.99. No prices found on Amazon, Total Wine (link only), Vivino, or Liquor.com. Avg ex-tax $161 from Wine-Searcher[1]. Median calculated from available specific prices."
"Woodford Reserve Rye - 750ml","","","39.99","31.99","https://www.caskers.com/woodford-reserve-distiller-s-select-straight-rye-whiskey/","35.99","https://goodpour.com/products/woodford-reserve-kentucky-straight-rye-whiskey","45.99","https://bottlebuzz.com/products/woodford-reserve-kentucky-straight-rye","8.0","4.0","Prices extracted from search results for 750ml bottles; specific retailers Amazon, Vivino, Liquor.com, and Total Wine prices not found in results. Sorted: 31.99[9], 34.73[1], 34.99[8], 35.99[3], 36.99[7], 39.99[2], 45.99[4]. Median from ordered list."
"Widow Jane Bourbon Decadence - 750ml","","","99.99","89.99","https://unwindbottleshop.com/products/widow-jane-decadence-bourbon-750ml","94.99","https://wineanthology.com/30152-widow-jane-decadence-straight-bourbon-whiskey","109.99","https://wineanthology.com/30152-widow-jane-decadence-straight-bourbon-whiskey","10.0","5.0","Prices from available retailers; Total Wine lists product but no price shown. Sorted from explicit prices: $89.99[2], $94.99[5]/[8], $97.99[10], $99.99[4], $109.99[5]. No prices found from Amazon, Vivino, Liquor.com."
"Two Chicks Sparkling New Fashioned - 4-Pack","","","12.99","11.99","https://www.binnys.com/spirits/premixed-cocktails/two-chicks-sparkling-new-fashioned-pack-cans-110068/","14.99","https://waterstreetwinesandspirits.com/shop/two-chicks-sparkling-new-fashioned-4-pack/","15.99","https://www.caskers.com/two-chicks-sparkling-new-fashioned-4-pack/","1.0","-2.0","Search results did not include Amazon, Vivino, or Liquor.com. Price data collected from available retailers in search results. Prices range from $11.99 to $15.99 for the 4-pack (12oz cans). Total Wine & More and one retailer were out of stock or did not display prices."
"Maker's Mark 46 French Oak Aged Bourbon Whisky - 750ml","","","43.99","34.99","https://applejack.com/Makers-Mark-46-Kentucky-Bourbon-Whiskey-750-ml","43","https://www.wine-searcher.com/find/maker+mark+46+straight+bourbon+whisky+kentucky+usa/1/usa","47.99","https://www.royalbatch.com/makers-mark-46-bourbon-whisky","9.0","0.99","Prices from available retailers (Applejack, Wine-Searcher avg, Royal Batch); no prices found from Amazon, Vivino, or Liquor.com in results. Total Wine listing lacks specific price. Caskers [3] is Cask Strength variant ($68.99), excluded."
"Knob Creek Straight Bourbon - 750ml","","","38.99","25.18","https://applejack.com/Knob-Creek-Kentucky-Straight-Bourbon-Whiskey-750-ml","35.99","https://cwspirits.com/collections/knob-creek","42.99","https://www.totalwine.com/spirits/brand/knob-creek","13.81","3.0","Prices from Total Wine [8], Applejack [4], CW Spirits [7], Binny's [6]. Standard Knob Creek Straight Bourbon 750ml (non-age-stated or 9yr variants). Bulk/quantity discount used for lowest at Applejack (6+ bottles). No prices found from Amazon, Vivino, or Liquor.com in results. Excludes special variants like 12yr or Single Barrel."
"Elmer T. Lee Single Barrel Bourbon - 750ml","","","179.99","167.99","https://www.happysliquor.com/products/elmer-t-lee-single-barrel-straight-bourbon-750ml-1","223.99","https://www.caskers.com/elmer-t-lee-single-barrel-bourbon/","229.99","https://kegnbottle.com/products/elmer-t-lee-single-barrel-750-ml","12.0","-44.0","Prices from various online retailers (not limited to Amazon, Total Wine, Vivino, Liquor.com as specified; no prices found from those sites). Prices extracted from search results: Happy's Liquor $167.99[5], Caskers $223.99[4], Wooden Cork $229.95[1], Keg N Bottle $229.99[7]. Median calculated from available specific prices. Secondary market averages higher (e.g., $223 ex-tax[2])."
"Blanton's Gold Edition Bourbon - 750ml","","","229.99","199.99","https://www.thebarreltap.com/products/blantons-gold-edition-bourbon-750ml","293.99","https://www.caskers.com/blanton-s-gold-edition/","380.99","https://www.caskers.com/blanton-s-gold-edition/","30.0","-64.0","Prices from various online retailers (not limited to Amazon, Total Wine, Vivino, Liquor.com as none listed there); lowest $199.99 at The Barrel Tap (750ml), median approximated from available $199.99, $219.99/$229.99 (700ml), $293.99/$314.99/$342 avg, $380.99; sizes vary slightly[2][3][4][7]."
"Balvenie Caribbean Cask 14 Year Old - 750ml","","","99.99","64.99","https://www.bottlesandcases.com/spirits/Balvenie-14-Year-Speyside-Caribbean-Cask-Single-Malt-Scotch-w95295339l","84.99","https://flaviar.com/products/the-balvenie-14-year-old-caribbean-cask-750","95.0","https://www.blackwellswines.com/products/balvenie-14-year-scotch-whisky-caribbean-cask","35.0","15.0","Prices from search results (Total Wine: $85.99[7]); no data found for Amazon, Vivino, Liquor.com. Lowest/median/highest from available 750ml listings. Wine-Searcher avg $95-96 ex-tax[2]."
"Jameson Triple Triple Irish Whiskey - 750ml","","","25.99","21.99","https://flaviar.com/products/jameson-triple-triple-irish-whiskey-750","29.99","https://www.target.com/p/jameson-triple-triple-irish-whiskey-750ml-bottle/-/A-93732271","36.0","https://www.wine-searcher.com/find/jameson+tripletriple+blend+whisky+county+cork+ireland/1/france","4.0","-4.0","Prices from search results (Flaviar $21.99, Caskers $22.99/$27.99, Target $27.99 sale, ABC $29.99, Best Buy $31.89, Lisa's $34.99, Wine-Searcher avg $36). No prices found for Amazon, Vivino, or Liquor.com in results; Total Wine listed without price."
"Wild Turkey Rare Breed Barrel Proof - 750ml","","","59.99","56.99","https://flaviar.com/products/wild-turkey-rare-breed-barrel-proof-kentucky-straight-bourbon-whiskey-750","68.99","https://costplusliquors.com/products/wild-turkey-bourbon-rare-breed-barrel-proof-750ml","69.99","https://topshelfwineandspirits.com/products/wild-turkey-rare-breed-barrel-proof","3.0","-9.0","Prices from general online retailers; no current listings found on Amazon, Total Wine, Vivino, or Liquor.com in results. Sale prices used where available. Sorted from explicit prices: 56.99, 59.99, 63.99, 68.99, 69.99."
"Wild Turkey 101 Old Fashioned Cocktail Pack","","","49.99","49.99","https://sipsy.com/products/wild-turkey-101-old-fashioned-cocktail-pack","49.99","https://sipsy.com/products/wild-turkey-101-old-fashioned-cocktail-pack","49.99","https://sipsy.com/products/wild-turkey-101-old-fashioned-cocktail-pack","0.0","0.0","Only one specific price found for the exact 'Wild Turkey 101 Old Fashioned Cocktail Pack' at Sipsy ($49.99). No listings found on Amazon, Total Wine, Vivino, or Liquor.com. Other results show related bundles/kits without prices or single bottles only."
"Russell's Reserve Rye 6-Year-Old Whiskey - 750ml","","","49.99","42.99","https://www.ohlq.com/liquor/whiskey/american/russells-reserve-single-barrel-rye","51","https://www.wine-searcher.com/find/russell+rsrv+six+old+straight+rye+whisky+kentucky+usa","55.99","https://seelbachs.com/products/russells-reserve-6-year-old-rye-whiskey","7.0","-1.01","Prices from available retailers (OHLQ $42.99[4], Caskers $42.99[6], Wine-Searcher avg $51[2], Seelbachs $55.99[1]); no current prices found on Amazon, Vivino, or Liquor.com. Total Wine listed without price[8]."
"Maker's Mark Straight Bourbon - 750ml","","","30.99","23.99","https://www.totalwine.com/spirits/bourbon/small-batch-bourbon/makers-mark-bourbon-whisky/p/3700750","25.23","https://specsonline.com/shop/spirits/makers-mark-bourbon-90-3/","26.99","https://applejack.com/Makers-Mark-Kentucky-Straight-Bourbon-Whiskey-750-ml","7.0","5.76","Prices for standard 750ml from individual retailers; loyalty discount ($24.98) and bundles/auctions/special releases excluded. No current prices found from Amazon, Vivino, or Liquor.com in results. Avg ex-tax $31[1]."
"Lost Irish Whiskey - 750ml","","","26.99","30.99","https://flaviar.com/products/lost-irish-whiskey-750","35.99","https://www.totalwine.com/spirits/irish-whiskey/lost-irish-whiskey/p/245637750","39.99","https://www.hitimewine.net/lost-irish-whiskey-40-750ml-121414","-4.0","-9.0","Prices from search results; Total Wine listed at $35.99. No prices found for Amazon, Vivino, or Liquor.com. Flaviar offers $30.99 (member price?). Median based on available explicit prices: 30.99, 35.99, 35.99, 37.99, 39.99."
"Lagavulin Offerman Edition 11-Year-Old Charred Oak Cask - 750ml","","","89.99","59.99","https://www.totalwine.com/spirits/scotch/single-malt/lagavulin-11-year-offerman-edition-single-malt-scotch/p/349854750","99.99","https://sipwhiskey.com/products/lagavulin-offerman-edition-11-year-charred-oak-cask","123.99","https://www.caskers.com/lagavulin-offerman-edition-11-year-old-charred-oak-cask-single-malt-scotch-whisky/","30.0","-10.0","Prices extracted from search results; Total Wine at $59.99, Sip Whiskey at $99.99, Caskers at $123.99. No direct prices found from Amazon, Vivino, or Liquor.com in results. Other retailers: Oak & Barrel $60.99, Kings $79.98 member/$87.99, Keg N Bottle $109.99. Avg ex-tax $104 per Wine-Searcher."
"Kentucky Owl Confiscated Bourbon Whiskey - 750ml","","","109.99","117.99","https://www.caskers.com/kentucky-owl-confiscated-bourbon-whiskey/","125","https://www.missionliquor.com/products/kentucky-owl-confiscated-straight-bourbon-whiskey-750ml-1","129.99","https://kegnbottle.com/products/kentucky-owl-confiscated-bourbon-whiskey-750-ml","-8.0","-15.01","Prices from Caskers ($117.99)[8], Sip Whiskey ($119.99)[6], Liquor.com reference ($125)[2], Keg N Bottle sale ($129.99)[3]. No current listings found on Amazon, Total Wine, or Vivino; Total Wine link lacks price[9]. Avg ex-tax $133-137 per Wine-Searcher[1]."
"Glenmorangie Highland Single Malt Scotch Whisky - 750ml","","","49.99","44.99","https://cwspirits.com/collections/glenmorangie","49.99","https://sipsy.com/products/glenmorangie-highland-single-malt-scotch-whisky-750-ml","74.99","https://www.oldtowntequila.com/brands/Glenmorangie.html","5.0","0.0","Prices from search results for Glenmorangie Highland Single Malt Scotch Whisky 750ml or close variants (e.g., Original 10/12yr). Specific retailers Amazon, Vivino, Liquor.com not found in results; used available sources like Sipsy, CW Spirits, Old Town Tequila. No exact prices from Total Wine[8]."
"Four Roses Single Barrel - 750ml","","","54.99","49.99","https://checkout.fourrosesbourbon.com/products/four-roses-single-barrel-bourbon","49.99","https://www.bourbonguy.com/blog/2025/1/15/four-roses-single-barrel-collection-2025","129.99","https://preetliquor.com/products/four-roses-single-barrel-barrel-strength-obsv-private-selection-750ml","5.0","5.0","Limited direct prices from specified retailers (Amazon, Total Wine, Vivino, Liquor.com); used available sources. Four Roses official site and reviews list standard Single Barrel at $49.99. Preet Liquor lists Private Selection variant at $129.99. Total Wine pages lack explicit prices in results. Wine-Searcher avg $513 likely ex-tax aggregate or error."
"Bulleit Rye, American Rye Whiskey - 750ml","","","32.99","31.99","https://pjwine.com/products/bulleit-rye-750l","34.99","https://theliquorbarn.com/products/bulleit-straight-rye-750ml","58.99","https://www.totalwine.com/spirits/american-whiskey/rye-whiskey/bulleit-95-rye-12yr-whiskey/p/191329750","1.0","-2.0","Prices from PJ Wine ($31.99), Liquor Barn ($34.99), and Total Wine ($58.99) for standard Bulleit Rye 750ml and 12yr variant. No prices found from Amazon, Vivino, or Liquor.com. Some results mix standard and 12-year expressions; $11.99 likely erroneous."
"Balvenie DoubleWood 12 Year Old - 750ml","","","69.99","59.98","https://haskells.com/balvenie-12yr-doublewood-scotch-750ml/","63.0","https://flaviar.com/products/the-balvenie-12-year-old-doublewood-750","76.0","https://cwspirits.com/products/balvenie-12-year-old-doublewood-scotch-whisky-750ml","10.01","6.99","Prices from search results: Haskell's $59.98[4], Flaviar $63.99[3], Colonial Spirits $62.99[1], Caskers $65.99[6], CW Spirits $76[2]. Total Wine[8] lacks specific price. None from Amazon, Vivino, or Liquor.com. Median approximated from available prices."
"The Glenlivet 18-Year-Old Single Malt Scotch - 750ml","","","139.99","144","https://sipsy.com/products/the-glenlivet-18-year-old-single-malt-scotch-whisky-750-ml","153.99","https://wineanthology.com/15133-the-glenlivet-18-year-old-single-malt-scotch-whisky","170.09","https://www.thebottleshoppe.com/product/the-glenlivet-18-year-single-malt-scotch-whisky-750ml/Z2AGFYBDNZQDZLEQNEXMPIKS?cfa=gpl&channel=CH_mCOrjd98RIWEsodP12DhEKBZwbfxoDzJcL942QlQuYC","-4.01","-14.0","Prices from search results; Total Wine, Amazon, Vivino, Liquor.com lacked specific prices. Lowest and median exclude ex-tax avg; onlineliquor.com sale $169.99."
"Glenmorangie 12 Year Single Malt Scotch Whisky Gift Set","","","41.99","","","","","","","","","Unable to provide requested data. Search results do not include pricing information from the specified retailers (Amazon, Total Wine, Vivino, Liquor.com). Available results show prices from alternative retailers (Spirits Network: $35.99, Best Buy Liquors: price not listed, Westchester Wine: price not listed, Price Runner: £22.49-£42.26, SF Tequila Shop: $70.00, OHLQ: $39.99, BC Liquor Stores: $79.99), but these do not match the user's requested sources. To obtain accurate pricing from the specified retailers, direct searches on those platforms are recommended."
"Lagavulin 12 Year Old Single Malt Scotch Whisky Special Release 2024 - 750ml","","","119.99","153.99","https://www.caskers.com/lagavulin-fireside-tales-12-year-old-special-release-2024-islay-single-malt-scotch-whisky/","169.99","https://sipwhiskey.com/products/lagavulin-special-release-2024","299.99","https://caskcartel.com/products/lagavulin-special-release-2024-12-year-old-single-malt-scotch-whisky","-34.0","-50.0","Prices from various online retailers (Caskers $153.99[4], Sip Whiskey $169.99[1], Wine-Searcher avg $181[3], HiProof $161.99 sale[8], Sipsy $149.99[7] but prioritized explicit listings; Cask Cartel $299.99 listed[5], possibly cents or outlier. No prices found from specified retailers Amazon, Total Wine, Vivino, Liquor.com."
"George T. Stagg 2025 Kentucky Straight Bourbon - 750ml","","","899.99","895.99","https://theliquorbros.com/products/george-t-stagg-whiskey-2025","999.99","https://www.remedyliquor.com/products/george-t-stagg-bourbon-straight-2025-kentucky-750ml","2199","https://sunsetliquorstore.com/products/george-t-stagg-bourbon-whiskey-2025-142-8-proof","4.0","-100.0","Prices from available retailers (Remedy Liquor, Bottle Broz, Sunset Liquor, Keg N Bottle, The Liquor Bros, El Cerrito Liquor); Total Wine lists product but no price shown; specified sites like Amazon, Vivino, Liquor.com had no listings; avg ex-tax $1083 per Wine-Searcher."
"Jack Daniel's Family of Spirits Gift Set 5x - 50ml","","","14.99","10.99","https://woodencork.com/products/jack-daniels-whiskey-family-of-brands-5-pack-gift-set","14.99","https://sipsy.com/products/jack-daniels-family-of-spirits-gift-set-5x-50ml","30.98","https://theliquorbros.com/products/jack-daniels-family-of-fine-spirits-mini-gift-set","4.0","0.0","Prices from Sipsy ($14.99), Barrel Tap ($14.99), Wooden Cork ($10.99), Liquor Bros ($30.98). No prices found on Amazon, Vivino, or Liquor.com. Total Wine lists product but no price in results."
"Garavogue 20-Year-Old Single Malt Irish Whiskey - 700ml","","","159.99","152.99","https://liquorgeeks.com/products/garavogue-20-year-old-single-malt-irish-whiskey","179.99","https://theliquorbros.com/products/garavogue-20-year-old-irish-whiskey","214.99","https://applejack.com/Garavogue-20-Year-Irish-Whiskey-700-ml","7.0","-20.0","Prices from various online retailers (not limited to Amazon, Total Wine, Vivino, Liquor.com as none of those listed the product with price). Lowest is subscribe price; median from sorted one-time/sale prices: 164.99, 169.99, 179.99, 193.66 (bulk), 199.99, 214.99, 218.50. Total Wine had no price listed."
"Crown Royal Chocolate Canadian Whisky - 750ml (Limited Edition)","","","35.99","22.99","https://www.thebarreltap.com/products/crown-royal-chocolate","29.99","https://www.marketviewliquor.com/product/crown-royal-chocolate-flavored-canadian-whisky-750ml","44.99","https://topshelfwineandspirits.com/products/crown-royal-chocolate-canadian-whisky","13.0","6.0","Prices from various online retailers; none found from Amazon, Vivino, or Liquor.com in results. ShopWineDirect lists $31.99 (discounted from $34.99)[2], ShopSK $24.99 (from $29.99)[7]. Total Wine has listing but no price shown[10]. Pre-order noted for some[6]."
"Booker's Masters Distillers' Batch 2024-03 - 750ml","","","109.99","63.99","https://flaviar.com/products/bookers-master-distillers-batch-2024-03-straight-bourbon-whiskey-750","119.99","https://kegnbottle.com/products/bookers-2024-03-master-distillers-batch-bourbon-whiskey-750-ml","219.95","https://winechateau.com/products/bookers-bourbon-the-master-distillers-batch-2024-03","46.0","-10.0","Prices from various online retailers (Flaviar, Bassins, Cana Wine Co, Wine Chateau, Keg N Bottle, Folsom Wine & Spirits, Whiskey Caviar, Vintage Grape Wines). Total Wine listed but no price found in results. None from Amazon, Vivino, or Liquor.com. Median calculated from available prices: 63.99, 89.99, 99.99, 119.99, 129.95, 189.99, 219.95, 249.99."
"Jack Daniel's 14-Year-Old Whiskey - 750ml","","","599.99","599.99","https://sipsy.com/products/jack-daniel-14-year-whiskey-750ml","699.99","https://www.fengfinewine.com/product/jack-daniel-s-14-year-whiskey-700ml/1196","863.99","https://winetoship.com/products/jack-daniels-12-year-limited-release-tennessee-whiskey-750ml-1","0.0","-100.0","Prices from secondary market sources; no listings found on Amazon, Vivino, or Liquor.com. Total Wine [9] has no price listed. Prices approximate per 750ml where specified; some are for 700ml. MSRP ~$150[2][5]."
"Westward American Single Malt - 375ml","","","19.99","19","https://flaskfinewines.com/products/westward-american-single-malt-whiskey-375ml","36","https://theliquorbarn.com/products/westward-american-single-malt-375ml","47.99","https://www.royalbatch.com/westward-american-single-malt-whiskey-375ml","0.99","-16.01","Prices from various online retailers (Flask Fine Wines $19 sale, Flaviar $20.99, Liquorexpress $35.88, Liquor Barn $36.50, Gold Eagle $36.02, Royal Batch $47.99). No prices found from Amazon, Total Wine, Vivino, or Liquor.com in results. Median approximated from available 375ml prices."
"Wild Turkey Master's Keep Unforgotten - 750ml","","","299.99","190","https://the-right-spirit.com/2023/01/20/wild-turkey-masters-keep-unforgotten/","380","https://www.wine-searcher.com/find/wild+turkey+master+keep+unforgotten+blend+bourbon+rye+whisky+kentucky+usa","760","https://cwspirits.com/products/wild-turkey-master-s-keep-unforgotten-750ml","109.99","-80.01","Prices from various online retailers and trackers; no direct matches from Amazon, Total Wine, Vivino, or Liquor.com in results. Lowest from retail sighting, average ex-tax $380, highest current listing. MSRP $200[2][4]."
"W.L. Weller Full Proof Wheated Bourbon - 750ml","","","199.99","179.99","https://cellar.com/products/weller-full-proof-750ml","249.99","https://www.donsliquorsandwine.com/collections/weller","499.99","https://arthurcantina.com/products/weller-full-proof-750ml","20.0","-50.0","Prices from various online retailers; Total Wine, Amazon, Vivino, and Liquor.com had no specific prices in results. Average market price around $267-$270 ex-tax. Lowest from cellar.com, median averaged from available listings."
"The Walking Dead Kentucky Straight Bourbon - 750ml","","","24.99","14.99","https://www.totalwine.com/spirits/bourbon/small-batch-bourbon/the-walking-dead-spirits-of-the-apocalypse-ky-straight-bourbon/p/184382750","34.99","https://www.bourbonguy.com/blog/2019/10/31/the-walking-dead-kentucky-straight-bourbon-whiskey","49.99","https://kegnbottle.com/products/spirits-of-the-apocalypse-the-walking-dead-bourbon-whiskey-750-ml","10.0","-10.0","Prices from various retailers including Total Wine ($14.99); no current prices found for Amazon, Vivino, or Liquor.com. CraftShack lists $19.99 (sold out), Caskers $31.99. Values approximate ex-tax avg $37."
"The Glenlivet 15-Year-Old Single Malt Scotch Whisky - 750ml","","","79.99","76.99","https://www.hiproof.com/products/the-glenlivet-15year-old-single-malt-scotch-whisky-750ml-bottle","83.99","https://www.totalwine.com/spirits/scotch/single-malt/glenlivet-french-oak-15-year-single-malt/p/92051750","88.99","https://www.caskers.com/the-glenlivet-15-year-old-french-oak-reserve-single-malt-scotch-whisky/","3.0","-4.0","Prices from available sources (HiProof $76.99 sale, Total Wine $80.99, Marketview $83.99, Caskers $88.99). No current prices found from Amazon, Vivino, or Liquor.com in results. Product often listed as French Oak Reserve variant."
"The Glenlivet 12-Year-Old Single Malt Scotch Whisky - 750ml","","","44.99","47.99","https://applejack.com/Glenlivet-Scotch-750-ml","49.89","https://bestbuyliquors.com/the-glenlivet-12-year-old","59.99","https://chililiquor.com/spirits/scotch/glenlivet-12yr-750","-3.0","-4.9","Prices from available search results (Applejack $47.99[3], Unwind $47.99[4], Best Buy $49.89/750ml[5], Chili $59.99[1]). No direct prices found for Amazon, Total Wine, Vivino, or Liquor.com in results; Total Wine listed without price[7]. Wine-Searcher avg $53 is Double Oak variant[2]. Prices may exclude tax/shipping and vary by location/date."
"Skrewball Peanut Butter Whiskey - 750ml","","","21.99","","","","","","","","","Search results do not contain data from Amazon, Vivino, or Liquor.com. To obtain prices from your specified retailers, a new search targeting those platforms is required."
"Oban Single Malt 14 Year Old - 750ml","","","105.99","63.99","https://www.bottlevalues.com/spirits/Oban-14-Year-Single-Malt-Scotch-w7472218aq","79.99","https://www.bottlevalues.com/spirits/Oban-14-Year-Single-Malt-Scotch-w7472218aq","97.99","https://www.bottlevalues.com/spirits/Oban-14-Year-Single-Malt-Scotch-w7472218aq","42.0","26.0","Prices extracted from available search results; specific prices from Bottle Values ($63.99, $76.99, $79.99, $89.99, $97.99). Total Wine link present but no exact price listed. No direct prices from Amazon, Vivino, or Liquor.com in results. Average ex-tax ~$88-89 per Wine-Searcher.[1][2][3]"
"Michter's Rye Whiskey - 750ml","","","52.99","37.99","https://flaviar.com/products/michters-us1-straight-rye-whiskey-750","48","https://www.wine-searcher.com/find/michter+us+one+single+barrel+straight+rye+whisky+usa/1/usa","52","https://www.wine-searcher.com/find/michter+us+one+single+barrel+straight+rye+whisky+usa","15.0","4.99","Prices from Wine-Searcher averages ($48-$52 ex-tax), Flaviar ($37.99). No current prices found from Amazon, Total Wine, Vivino, or Liquor.com in results; Total Wine mentions mid-40s range. Focuses on Michter's US*1 Single Barrel Straight Rye Whiskey 750ml."
"Lagavulin Offerman Edition Caribbean Rum Cask 11 Year Old - 750ml","","","99.99","","","","","","","","","The search results do not include data from Amazon, Total Wine, Vivino, or Liquor.com as requested. To obtain accurate pricing from these specific retailers, direct searches on those platforms would be required."
"Lagavulin Distillers' Edition Islay Single Malt Scotch Whisky - 750ml","","","199.99","111.99","https://www.caskers.com/lagavulin-distillers-edition-single-malt-scotch-whisky/","149.99","https://www.bottlevalues.com/spirits/Lagavulin-The-Distillers-Edition-w454744526","179.99","https://kegnbottle.com/products/lagavulin-the-distillers-edition-2024-islay-single-malt-scotch-whisky-750-ml","88.0","50.0","Prices from available retailers (Caskers, Bottle Values, Keg N Bottle); Total Wine, Amazon, Vivino, Liquor.com lacked specific price data in results. Wine-Searcher avg $121-$147 ex-tax. Lowest from Caskers (not specified retailer), not directly from requested sites.[1][2][3][5][7][8]"
"Knob Creek Bourbon 12 Year Old 100 Proof - 750ml","","","79.99","50","https://thebourbonculture.com/whiskey-reviews/knob-creek-12-year-old-bourbon-review/","69","https://www.wine-searcher.com/find/knob+creek+twelve+old+straight+bourbon+whisky+kentucky+usa/1/usa","79","https://thebourbonculture.com/whiskey-reviews/knob-creek-12-year-old-bourbon-review/","29.99","10.99","Prices from reviews and aggregators; specific retailer prices not listed in results for Amazon, Total Wine, Vivino, Liquor.com. Range $50-$79, avg $69 ex-tax[1][2]. Total Wine lists product without price[8]."
"Johnnie Walker Black Gift Set","","","36.99","39.99","https://www.marketviewliquor.com/product/johnnie-walker-black-label-blended-scotch-whisky-gift-set-with-cocktail-set-750ml","50","https://www.nestorliquor.com/blogs/news/johnnie-walker-gift-set","69.99","https://www.tastingtable.com/1985270/costco-johnnie-walker-scotch-set-gift/","-3.0","-13.01","Prices from search results; median estimated as midpoint of $40-60 range for Black Label gift sets. No current prices found from specified retailers (Amazon, Total Wine, Vivino, Liquor.com). Costco set includes multiple bottles."
"Hibiki Japanese Harmony 100th Anniversary Edition - 750ml","","","299.99","289.99","https://www.kingswineandspirits.com/products/hibiki-suntory-whisky-japanese-harmony-100th-anniversary-750ml","407.88","https://www.liquorexpress.us/products/suntory-hibiki-japanese-harmony-100th-anniversary-limited-edition-design-blended-whisky-750ml","499.99","https://barbank.com/products/hibiki-harmony-100th-anniversary-limited-edition-bottle-japanese-whiskey-750ml","10.0","-107.89","Prices from available retailers (not limited to specified sites: Amazon, Total Wine, Vivino, Liquor.com had no direct listings); ex-tax avg $424[1]. Kings Wine lowest at $289.99[3], Liquor Express median $407.88[2], Barbunk/DRAM highest $499.99[4][6]."
"Glenmorangie 18 Year Old Single Malt Scotch Whisky - 750ml","","","129.99","129.99","https://theliquorstore.com/products/glenmorangie-18-year-extremely-rare-single-malt-scotch-whisky-750ml","147.99","https://pjwine.com/products/glenmorangie-18-year-old-single-malt-scotch-whiskey-highland-750ml","179.99","https://whiskyshopusa.com/glenmorangie-18-year-old-extremely-rare-soc4/","0.0","-18.0","Prices from search results; none directly from Amazon, Total Wine, Vivino, or Liquor.com. Lowest and median from non-specified retailers matching 750ml; highest from Whisky Shop USA. Average ex-tax ~$141[1]."
"Evan Williams Kentucky Straight Bourbon - 750ml","","","14.99","15.29","https://cwspirits.com/collections/evan-williams","19.99","https://topshelfwineandspirits.com/products/evan-williams-kentucky-whiskey","24.98","https://applejack.com/Evan-Williams-Black-Kentucky-Straight-Bourbon-Whiskey-750-ml","-0.3","-5.0","Prices from various retailers including Total Wine mention (around $12 per review), CW Spirits ($15.29), Spec's ($21.02), Applejack ($17.99-$24.98), Top Shelf ($19.99). No direct prices found from Amazon, Vivino, or Liquor.com in results. Prices for Evan Williams Black Label Kentucky Straight Bourbon Whiskey 750ml or equivalent."
"Dalmore 15-Year-Old Single Malt Scotch Whisky - 750ml","","","139.99","94","https://reallygoodwhisky.com/en-us/products/dalmore-15-year-old-70cl-40","145","https://specsonline.com/shop/spirits/dalmore-malt-15yr-6-case/","274","https://www.nationwideliquor.com/138584/dalmore-15-year-old-highland-single-malt-scotch-whisky-70cl-40-abv","45.99","-5.01","Prices from various online retailers (70cl/750ml equivalent); Total Wine [10] lacks specific price in results; no data from Amazon, Vivino, Liquor.com; lowest $94 (Really Good Whisky, 70cl), median approx $145 (Spec's), highest $273.99 (Nationwide Liquor)."
"Buchanan's Special Reserve 18-Year-Old Blended Scotch Whisky - 750ml","","","94.99","69.99","https://wineanthology.com/11585-james-buchanans-special-reserve-18-year-old-blended-scotch-whisky","79.0","https://www.wine-searcher.com/find/buchanan+spc+rsrv+eighteen+old+blend+scotch+whisky+scotland","112.0","https://dutyfreeamericas.com/buchanan-s-special-reserve-18-yo-scotch-750ml.html","25.0","15.99","Prices from available search results (ex-tax avg $88/€79[1], sale $69.99[4], $77.99[10], $112[2]). No direct prices found from Amazon, Total Wine, Vivino, or Liquor.com in results."
"Ardbeg BizarreBQ Limited Edition Islay Single Malt Scotch Whisky - 750ml","","","149.99","169.99","https://flaskfinewines.com/products/ardbeg-bizarrebq-limited-edition-islay-single-malt-scotch","179","https://www.wine-searcher.com/find/ardbeg+bizarrebq+single+malt+scotch+whisky+islay+scotland","208.99","https://www.whiskyliquorstore.com/201791/ardbeg-scotch-single-malt-limited-bizarrebq-edition-islay-750ml","-20.0","-29.01","Prices from available retailers (Flask Fine Wines, Wine-Searcher avg, Whisky Liquor Store); no direct results from Amazon, Total Wine, Vivino, or Liquor.com. Prices in USD for 750ml."
"Ardbeg Ardcore Single Malt Scotch Whisky - 750ml","","","249.99","129.99","https://www.woodswholesalewine.com/products/ardbeg-ardcore-single-malt-scotch-whisky-islay-scotland-750ml","194","https://www.wine-searcher.com/find/ardbeg+ardcore+single+malt+scotch+whisky+islay+scotland","299.99","https://costplusliquors.com/products/ardbeg-ardcore-islay-single-malt-scotch-whisky-750ml","120.0","55.99","Search results did not include Amazon, Vivino, or Liquor.com as requested. Prices are from available online retailers in the search results. Median price calculated from available data points ($129.99, $134.99, $190, $193, $194, $230, $299.99). Prices may vary by location and availability."
"Booker's ""By the Pond"" Batch, 2025-02 - 750ml","","","129.99","79.99","https://www.remedyliquor.com/products/bookers-bourbon-straight-by-the-pond-batch-kentucky-2025-02-750ml","99.99","https://kakaakowine.com/products/bookers-2025-02-by-the-pond-bourbon-750ml","129.99","https://cellar.com/products/bookers-batch-2025-02-by-the-pond-batch-kentucky-straight-bourbon-whiskey-750ml","50.0","30.0","Prices from various online retailers; no listings found on Amazon, Total Wine, Vivino, or Liquor.com. Median calculated from available sale prices: 79.99, 89.99, 92.15, 99.99 (x5), 104.99, 129.99."
"William Larue Weller Bourbon - 750ml","","","979.99","400","https://finewineliquors.com/product/william-larue-weller-750ml-3/","1549.99","https://onlineliquor.com/collections/w-l-weller","1999.99","https://www.liquordepot.us/product-page/william-larue-weller-kentucky-straight-bourbon-whiskey-750ml","579.99","-570.0","Prices from various online retailers; no listings found on Amazon, Total Wine, Vivino, or Liquor.com. Lowest from Fine Wine Liquors, median approx from OnlineLiquor 2024 release, highest from Liquor Depot 2025 release. Market estimates vary widely $930-$2600."
"Lismore Single Malt Scotch Whisky - 750ml","","","23.99","17.99","https://www.hitimewine.net/lismore-15yr-40-750ml-speyside-single-malt-scotch-whisky-102939","24","https://www.wine-searcher.com/find/lismore+single+malt+scotch+whisky+speyside+scotland/0","44.99","https://www.hitimewine.net/lismore-15yr-40-750ml-speyside-single-malt-scotch-whisky-102939","6.0","-0.01","Prices from various retailers; lowest/highest from Hi Time Wine (base and 15yr variants); median is ex-tax average from Wine-Searcher. No direct results from Amazon, Total Wine, Vivino, or Liquor.com. Some results are aged variants."
"Old Fitzgerald Bottled in Bond 7 Year - 750ml","","","79.99","50","https://www.totalwine.com/spirits/bourbon/old-fitzgerald-7-yr-bottle-in-bond-bourbon/p/2126266799","81","https://www.wine-searcher.com/find/old+fitzgerald+bottled+bond+seven+straight+bourbon+whisky+kentucky+usa/1/usa","186.99","https://www.caskers.com/old-fitzgerald-bottled-in-bond-7-year-old-kentucky-straight-bourbon-whiskey-750/","29.99","-1.01","Prices from search results: Total Wine customer review $50[9], Flaviar $60.99[7], MSRP ~$64 (converted from $60/700mL)[3], Wine-Searcher avg $81[1], Arthur Cantina $104.99[4], Caskers $186.99[8]. No direct prices found from Amazon, Vivino, Liquor.com. No exact matches on specified retailers except Total Wine."
"Clyde May's Alabama-Style Whiskey - 750ml","","","14.99","24.99","https://flaviar.com/products/clyde-mays-alabama-style-whiskey-750","38.99","https://www.caskers.com/clyde-may-s-alabama-style-whiskey/","57.86","https://specsonline.com/shop/spirits/clyde-mays-whiskey-alabama-style-85/","-10.0","-24.0","Prices from various online retailers; Total Wine, Amazon, Vivino, Liquor.com not found in results. Lowest from Flaviar (membership req?), median approx from sorted current/sale prices."
"Ole Smoky Moonshine Peaches - 750ml","","","23.99","21.99","https://theliquorbros.com/products/ole-smoky-moonshine-peaches-750-ml","23.59","https://winetoship.com/products/ole-smoky-peaches-750ml","28.99","https://shopwinedirect.com/ole-smoky-tennessee-peaches-moonshine-750ml.html","2.0","0.4","Prices from various online retailers (not limited to specified sites due to lack of results from Amazon, Total Wine, Vivino, Liquor.com). Single bottle prices extracted: $21.99-$28.99 range. [3][2][1][4]. No prices found on requested sites; Wine-Searcher avg $24 ex-tax [6]. Prices exclude tax/shipping; may vary by location."
"Booker's Jimmy's Batch, 2024-04 - 750ml","","","109.99","91.99","https://www.hiproof.com/products/bookers-2024-03-the-master-distillers-batch-bourbon-750ml-copy","99.99","https://raretequilas.com/products/bookers-2024-04-jimmys-batch-7-year-old-bourbon","145.0","https://oakandsteel.com/shop/product/bookers-jimmys-batch-2024-750-ml/676e208efa6c773288f4d79b?option-id=90934a11247753d73b5ae8c486470804fdf41577d152e1e3f044511929190833","18.0","10.0","Prices from available retailers (not limited to Amazon, Total Wine, Vivino, Liquor.com as none listed there); sale prices used where applicable; MSRP $99[5]; avg $115[2]"
"Buchanan's Deluxe with Tin Domino Set - 750ml","","","36.99","16.99","https://www.haggen.com/shop/product-details.971072459.html","36.99","https://sipsy.com/products/buchanans-deluxe-with-tin-domino-set-750ml","42.99","https://winepalacemi.com/products/buchanans-deluxe-with-tin-domino-set","20.0","0.0","Prices from Sipsy ($36.99), Wine Palace ($42.99), Jewel-Osco ($36.99), Haggen ($16.99, your price), Flaviar ($32.99). No prices found on Amazon, Total Wine, Vivino, or Liquor.com. Haggen shows your price $16.99 (original $21.99). Sorted from available explicit prices."
"The Old Fashioned Cocktail Set - 6 Cocktails","","","54.99","11.82","https://www.vinoluxeallure.com/product/the-old-fashioned-cocktail-set-6-cocktails/","54.99","https://sipsy.com/products/the-old-fashioned-cocktail-set-6-cocktails","79","https://www.givethembeer.com/products/signature-old-fashioned-cocktail-kit","43.17","0.0","No listings found on Amazon, Total Wine, Vivino, or Liquor.com. Prices from other retailers; median calculated from available current prices: $11.82, $54.99, $64.99, $79. Walmart has similar kits but not exact match."
"Tierra de Ensueño Tequila Blanco and Reposado Wheated Bourbon Cask - 2 pk","","","154.99","59.99","https://www.oldtowntequila.com/tierra-de-ensueno-blanco-tequila/","64.99","https://kegnbottle.com/products/tierra-de-ensueno-blanco-tequila-750ml","69.94","https://www.saratogawine.com/product/tierra-de-ensueno-tequila-blanco-750ml/","95.0","90.0","No exact matches for the 2-pack on Amazon, Total Wine, Vivino, or Liquor.com. Prices are for individual 750ml bottles of Blanco or Reposado variants from other retailers. Total Wine lists Blanco but no price in results."
"Ensueño Single Barrel Reposado Wheated Bourbon Cask - 750ml","","","94.99","84.99","https://siptequila.com/products/tierra-de-ensueno-single-barrel-reposado","89.99","https://ensuenotequila.com/products/tierra-de-ensueno-single-barrel-reposado","97.95","https://elcerritoliquor.com/products/tierra-de-ensueno-single-barrel-reposado-wheated-bourbon-cask-limit-1","10.0","5.0","No listings found on Amazon, Vivino, or Liquor.com. Prices from other online retailers; product is a limited edition tequila variant (some Jamaican rum cask, some wheated bourbon cask). Siptequila shows sale price."
"Ole Smoky Chocolate Peanut Butter - 750ml","","","22.99","19.99","universalfws.com","22.99","kegnbottle.com","28.99","liquorcave.com","3.0","0.0","Search results do not include prices from the requested retailers (Amazon, Total Wine, Vivino, Liquor.com). Prices are from available online retailers in the search results. Prices collected from 6 retailers ranging from $19.99 to $28.99 for the 750ml bottle. Product has 17.5% ABV (35 proof)."
"Wild Turkey 101 Bourbon Whiskey - 750ml","","","22.99","23.99","https://www.caskers.com/wild-turkey-101-bourbon-whiskey/","27.36","https://specsonline.com/shop/spirits/wild-turkey-101-3/","52.98","https://shopwinedirect.com/wild-turkey-101-kentucky-straight-bourbon-750ml.html","-1.0","-4.37","Prices from various online retailers; Total Wine listing lacks specific price. Typical range $25-30, outlier high at ShopWineDirect."
"W.L. Weller Single Barrel - 750ml","","","479.99","429.99","https://www.liquorcave.com/products/w-l-weller-single-barrel-straight-wheated-bourbon-whiskey","449.99","https://www.fengfinewine.com/product/weller-single-barrel-bourbon-750ml/421","528.99","https://www.caskers.com/w-l-weller-single-barrel-kentucky-straight-bourbon-whiskey/","50.0","30.0","Prices from available retailers (LiquorCave: $429.99 sale, Feng Fine Wine: $449.97 sale, Caskers: $528.99). Total Wine lists product but no price in results. Average ex-tax ~$508 per Wine-Searcher. MSRP $50 per review, but secondary market inflated. No prices from Amazon, Vivino, or Liquor.com in results."
"Traveller Whisky No. 40 - 750ml","","","33.99","29.99","https://www.thebarreltap.com/products/traveller-blend-no-40-whiskey-by-chris-stapleton","35.99","https://wineanthology.com/26926-traveller-blend-no-40-whiskey","41.99","https://shopwinedirect.com/traveller-blend-no-40-whiskey-by-chris-stapleton-and-buffalo-trace-750ml.html","4.0","-2.0","Prices from various online retailers; Total Wine lacks listed price in results. Sorted from explicit 750ml sale/regular prices: 29.99[6], 31.99[2], 32.99[8], 34[1 avg], 35.99[2], 38.94[3], 38.99[2], 41.99[7]. Median from middle values."
"Thomas H. Handy 2024 Straight Rye Whiskey - 750ml","","","449.99","449.99","https://sipsy.com/products/thomas-h-handy-2024-straight-rye-whiskey-750ml","499.99","https://www.donsliquorsandwine.com/products/sazerac-thomas-h-handy-rye-whiskey-2024-750ml","899.99","https://www.donsliquorsandwine.com/products/sazerac-thomas-h-handy-rye-whiskey-2024-750ml","0.0","-50.0","Prices from search results: Sipsy $449.99 (sale), Flask $479.97, multiple at $499.99 (Don's, Barrel Tap, Paragon sale); original prices up to $899.99 (Don's). No direct results from Amazon, Total Wine, Vivino, or Liquor.com. Avg ex-tax $576 per Wine-Searcher[1][2]."
"The Hakushu 12-Year-Old Single Malt Japanese Whisky - 750ml","","","209.99","169.0","https://www.blackwellswines.com/products/the-hakushu-12-year-japanese-whisky","189.94","https://www.sfwtc.com/spirit/7777-suntory-the-hakushu-12-year-single-malt-japanese-whisky/7777-227354-750/","197.0","https://www.wine-searcher.com/find/the+hakushu+twelve+old+single+malt+whisky+japan/1/usa/usd","40.99","20.05","Prices from available retailers (Blackwell's $169, Caskers $173.99, SFWTC $189.94, Wine-Searcher avg $197 ex-tax). No current prices found on Amazon, Vivino, or Liquor.com in results; Total Wine review mentions past <$90 but no current price."
"Talisker 8 Year Old Tidal Churn Islay Single Malt Scotch Whisky - 750ml","","","109.99","109.99","https://www.binnys.com/spirits/scotch/talisker-year-old-cask-strength-special-release-tidal-churn-161001/","115.99","https://www.caskers.com/talisker-tidal-churn-8-year-old-special-release-2024-single-malt-scotch-whisky/","116.99","https://tastersclub.com/products/talisker-special-release-tidal-churn-single-malt-scotch-8-year","0.0","-6.0","Prices from search results: Binny's $109.99, Caskers $115.99, Taster's Club $116.99, Wine-Searcher avg $108. No current prices found on Amazon, Total Wine, Vivino, or Liquor.com in results. UK prices ~£80-90 not converted."
"Suntory World Whisky AO - 750ml","","","49.99","60.99","https://www.caskers.com/ao-suntory-world-whisky/","69.99","https://www.liquorcave.com/products/suntory-world-whisky-ao","76","https://cwspirits.com/products/suntory-ao-world-whisky-750ml","-11.0","-20.0","Prices from available retailers (Liquor Cave $69.99, Liquorama $69.99, Caskers $60.99, CW Spirits $76 sale/$79.99 orig); no specific prices found on Amazon, Vivino, Liquor.com, or Total Wine. Avg ex-tax $75 per Wine-Searcher. Median calculated from explicit prices: 60.99, 69.99, 69.99, 76."
"Suntory Toki Whisky 100th Anniversary - 750ml","","","34.99","27.9","https://www.hiproof.com/collections/japanese-world-whisky","37.99","https://www.mainespirits.com/products/suntory-toki-100th-anniversary","41.99","https://mainstreetliquor.com/products/suntory-whisky-toki-100th-anniversary","7.09","-3.0","Prices from available retailers (Hi Proof, Maine Spirits, Folsom Wine & Spirits, Mainstreet Liquor); no specific prices found on Amazon, Vivino, or Liquor.com. Sale prices used where applicable. Average ex-tax $40 per Wine-Searcher[1]. Total Wine lists product but no price visible[8]."
"Suntory Toki Whisky - 750ml","","","29.99","27.98","https://applejack.com/Suntory-Toki-Whisky-750-ml","36.99","https://www.hiproof.com/products/suntory-toki-black-japaness-whisky-750ml","59.95","https://thebrobasket.com/products/suntory-toki-japanese-whiskey","2.01","-7.0","Prices from various online retailers; loyalty price used for lowest. No prices found from Amazon, Vivino, or Liquor.com in results. Total Wine listing lacks specific price."
"Stagg Kentucky Straight Bourbon - 750ml","","","199.99","149.95","https://elcerritoliquor.com/products/stagg-bourbon-750ml","199.99","https://www.universalfws.com/product/stagg-kentucky-bourbon-whiskey-750ml/","299.99","https://whiskeycaviar.com/collections/george-t-stagg","50.04","0.0","Prices from available retailers; Total Wine, Amazon, Vivino, and Liquor.com had no specific pricing in results. Whiskey Caviar lists multiple batches around $300; averages from Wine-Searcher much higher ($888-$1277) reflecting secondary market."
"Pappy Van Winkle's Special Reserve Lot B 12-Year-Old - 750ml","","","995.99","799","https://dewinespot.co/products/old-rip-van-winkle-bourbon-special-reserve-12-year-old-lot-b","899.99","https://paragonspirits.com/products/pappy-van-winkle-12-year-kentucky-straight-bourbon-whiskey","999.99","https://www.saratogawine.com/product/pappy-van-winkle-12-year-van-winkle-bourbon-special-reserve-lot-b-750ml/","196.99","96.0","Prices extracted from available retailers (not limited to Amazon, Total Wine, Vivino, Liquor.com as none listed there); sorted from current/sale prices where applicable: $799 (De Wine Spot sale, reg $875), $867.99 (Caskers), $899.99 (Paragon Spirits sale), $959.99 (Keg N Bottle sale), $995.99 (Sipsy), $999.94 (Saratoga Wine), $999.99 (Keg N Bottle alt). No prices found on specified sites."
"Pappy Van Winkle Old Rip Van Winkle 10 Years Old - 750ml","","","849.0","599.99","https://bestbuyliquors.com/pappy-van-winkles-10yr","899.99","https://bottlebuzz.com/products/old-rip-van-winkle-10-year-bourbon","2195.0","https://pstreetwines.com/product/pappy-van-winkle-10-years-short-older-fat-bottle-bourbon-750ml-107-proof/","249.01","-50.99","Prices from secondary market retailers (not specified Amazon, Total Wine, Vivino, or Liquor.com). Lowest from Best Buy Liquors, median approximated from cluster around $850-$950 (e.g., BottleBuzz sale $899.99), highest from P Street Wines for special 'short older fat bottle' variant. Prices in USD for 750ml."
"Old Rip Van Winkle 10-Year - 750ml","","","799.99","59.99","https://whiskycast.com/ratings/old-rip-van-winkle-10/","129.99","https://oldripvanwinkle.com/whiskey/","149.98","https://www.ohlq.com/liquor/whiskey/american/bourbon/old-rip-van-winkle-10-year","740.0","670.0","Prices from general sources; none directly from Amazon, Total Wine, Vivino, or Liquor.com in results. Official MSRP ranges $59.99-$129.99, secondary market averages ~$1000+."
"Michter's Small Batch Bourbon - 750ml","","","52.99","45","https://wineanthology.com/13481-michters-us-1-small-batch-bourbon-whiskey","47","https://www.wine-searcher.com/find/michter+us+one+small+batch+straight+bourbon+whisky+kentucky+usa/1/usa","55","https://finewineliquors.com/product/michters-us1-small-batch-bourbon/","7.99","5.99","Prices from available search results (ex-tax where noted); no current listings found from Amazon, Vivino, or Liquor.com. Total Wine link lacks specific price. Retail range $45-$55."
"Lagavulin 11-Year Offerman Edition Single Malt Scotch - 750ml","","","279.99","59.99","https://www.totalwine.com/spirits/scotch/single-malt/lagavulin-11-year-offerman-edition-single-malt-scotch/p/349854750","96","https://www.wine-searcher.com/find/lagavulin+offerman+edition+eleven+old+single+malt+scotch+whisky+islay+scotland","123.99","https://www.caskers.com/lagavulin-offerman-edition-11-year-old-charred-oak-cask-single-malt-scotch-whisky/","220.0","183.99","Prices from Total Wine ($59.99), Wine-Searcher avg ($96 ex-tax), Caskers ($123.99). No current prices found from Amazon, Vivino, or Liquor.com in results. Multiple Offerman Edition variants (e.g., Caribbean Rum, Charred Oak, Guinness Cask) exist; prices reflect available listings."
"Knob Creek Rye Whiskey - 750ml","","","35.99","36.99","https://emiliosbev.com/knob-creek-rye-whiskey-750ml/","39.99","https://cwspirits.com/collections/knob-creek","127","https://www.wine-searcher.com/find/knob+creek+cask+strength+rye+whisky+kentucky+usa","-1.0","-4.0","Prices from Emilios ($36.99)[3], CWS ($39.99)[6]; $127 is avg ex-tax for Cask Strength variant[1][2]. No prices found from Amazon, Vivino, or Liquor.com in results; Total Wine link lacks price[9]."
"Kentucky Owl Bourbon Whisky St. Patrick's Edition - 750ml","","","139.99","81.99","https://flaviar.com/products/kentucky-owl-bourbon-st-patricks-edition-750","110.99","https://www.caskers.com/kentucky-owl-bourbon-st-patrick-s-edition/","119.99","https://www.totalwine.com/spirits/bourbon/small-batch-bourbon/kentucky-owl-st-patricks-day-edition-bourbon/p/243643750","58.0","29.0","Prices from Flaviar ($81.99), Mission Liquor ($89.95), SFWTC ($99.94), Caskers ($110.99), Total Wine ($119.99). No prices found on Amazon, Vivino, or Liquor.com. Avg ex-tax $126 per Wine-Searcher[1][2][3][4][6][7]."
"Johnnie Walker Gold Label Reserve Blended Scotch Whisky - 750ml","","","64.99","56.99","https://www.royalbatch.com/johnnie-walker-gold-label-reserve-scotch-whisky","69","https://www.wine-searcher.com/find/johnny+walker+gold+rsrv+blend+scotch+whisky+scotland/1/usa/usd","84.99","https://wineanthology.com/7101-johnnie-walker-gold-label-reserve-blended-scotch-whisky","8.0","-4.01","Prices from search results; Total Wine, Amazon, Vivino, Liquor.com had no specific prices listed. Wine-Searcher avg $69 ex-tax. Highest from Wine Anthology at $84.99 (listed next to discounted item)."
"Johnnie Walker Collection Gift Set - 4 × - 200ml","","","84.99","89.99","https://minibardelivery.com/store/product/johnnie-walker-collection/johnnie-walker-collection-gift-set-4-pack-200ml-bottles?via=shipped","99.99","https://www.target.com/p/johnnie-walker-scotch-gift-box-4pk-200ml-bottles/-/A-53468468","149.95","https://minibardelivery.com/store/product/johnnie-walker-collection/johnnie-walker-collection-gift-set-4-pack-200ml-bottles?via=shipped","-5.0","-15.0","Prices from various retailers; Total Wine lists product but no price shown. Lowest from Ace Spirits via Minibar, median common at $99.99 (Target, Liquor Barn, etc.), highest from Delancey Wine via Minibar. No prices found on Amazon, Vivino, or Liquor.com."
"Johnnie Walker Black Label Blended Scotch Whisky - Squid Game Limited Edition - 750ml","","","24.99","29.99","https://kegnbottle.com/products/johnnie-walker-x-squid-games-limited-edition-black-label-750-ml","39.99","https://mmwineliquor.com/products/johnnie-walker-black-x-squid-games-limited-edition-750ml","44.99","https://qualityliquorstore.com/products/johnnie-walker-black-label-x-squid-games","-5.0","-15.0","Prices from general online liquor retailers; no current listings found on Amazon, Total Wine, Vivino, or Liquor.com. Sale prices used where available. Product availability varies."
"Johnnie Walker Black Blended Scotch Whisky - 1.75L","","","74.99","59.99","https://wineanthology.com/451-johnnie-walker-black-label-12-year-old-blended-scotch-whisky-175l","73.99","https://wineanthology.com/451-johnnie-walker-black-label-12-year-old-blended-scotch-whisky-175l","102.0","https://dutyfreeamericas.com/johnnie-walker-black-label-scotch-1-75l.html","15.0","1.0","Prices from search results for 1.75L where specified: Wine Anthology ($59.99 sale, $73.99 original), Duty Free Americas ($102). Total Wine price ($26.99) is for 750ml. No prices found from Amazon, Vivino, or Liquor.com for 1.75L."
"Jameson Caskmates Stout Irish Whiskey - 750ml","","","34.99","23.99","https://www.totalwine.com/spirits/irish-whiskey/jameson-caskmates-stout-edition/p/149270750","34.99","https://sipsy.com/products/jameson-caskmates-stout-irish-whiskey-750ml","37.61","http://picksshop.com/shop/jameson-caskmates-irish-whiskey-stout-edition/","11.0","0.0","Prices from Total Wine ($23.99), Sipsy ($34.99), Picks ($37.61). Wine-Searcher avg $31-$36 ex-tax. Flaviar $8.99-$9.99 likely subscription intro offer, excluded. No data from Amazon, Vivino, Liquor.com."
"Jameson Caskmates IPA Irish Whiskey - 750ml","","","35.99","31","https://www.wine-searcher.com/find/jameson+caskmates+india+pale+ale+edition+blend+whisky+ireland","35.99","https://sipsy.com/products/jameson-caskmates-ipa-irish-whiskey-750-ml","83.49","https://www.bourbonliquorstore.com/206582/jameson-whiskey-caskmates-ipa-edition-irish-750ml","4.99","0.0","Prices from available sources; Total Wine, Amazon, Vivino, and Liquor.com lacked specific price data in results. Wine-Searcher avg ex-tax $31. No current prices from specified retailers."
"Jack Daniel's Tennessee Whiskey - 750ml","","","21.99","16","https://compare.thewhiskeywash.com/prices/united-states-of-america/jack-daniel's-old-no.-7-(750ml)-price","25","https://cwspirits.com/products/jack-daniels-750-ml","37.99","https://www.mywineandspirits.com/websearch_results.html?country=United+States&varietal=Whiskey&winery=Jack+Daniel%27s&region=Tennessee&size=750","5.99","-3.01","Prices from various online retailers for Jack Daniel's Old No. 7 Tennessee Whiskey 750ml (standard product). No direct prices found from Amazon, Total Wine, Vivino, or Liquor.com in results. Lowest from Hi Proof via comparison site[4]; median approximated from available data (e.g., $24.99[2]); highest from My Wine & Spirits for standard variant[3]. Prices may vary by location/taxes."
"Jack Daniel's & Coca-Cola 4-Pack","","","15.99","9.97","https://www.walmart.com/ip/Jack-Daniel-s-Tennessee-Whiskey-and-Coca-Cola-Ready-to-Drink-Whiskey-Cocktail-4-Pack-355-mL-Can/2393105879","13.99","https://www.bottlevalues.com/spirits/Jack-Daniel-s-Whiskey-and-Coke-4-Pack-Cans-355ml-w50742443m","20.99","https://www.bottlesandcases.com/spirits/Jack-Daniel-s-Whiskey-and-Coke-4-Pack-Cans-355ml-w077325814","6.02","2.0","Prices from Walmart ($9.97, $11.87), Marketview Liquor ($10.99), Target ($12.99), Bottle Values/Bottles and Cases ($13.99), Wine Direct ($15.99), Bottles and Cases ($20.99). None from Amazon, Total Wine, Vivino, or Liquor.com in results. Median from sorted unique prices: 9.97, 10.99, 11.87, 12.99, 13.99, 15.99, 20.99."
"Jack Daniel's Single Barrel Select - 750ml","","","59.99","35","https://compare.thewhiskeywash.com/prices/united-states-of-america/jack-daniel's-single-barrel-select-price","54.99","https://shopwinedirect.com/jack-daniels-single-barrel-select-tennessee-whiskey-750ml.html","69.99","https://whiskeycaviar.com/collections/jack-daniels","24.99","5.0","Prices from various retailers; lowest at Liquorama via comparison site[2]. Median approximated from available prices (35,41.99,49.99,51.99,54.99,59.99,66.89,69.99). No direct prices found from Amazon, Total Wine, Vivino, or Liquor.com in results. Whiskeycaviar price for barrel proof variant[5]."
"Highland Park Viking Honour 12 Year Old Single Malt Scotch Whisky - 750ml","","","55.99","36","https://www.whiskeyinmyweddingring.com/reviews/highland-park-12","65","https://www.caskers.com/highland-park-viking-honour-12-year-old-single-malt-scotch-whisky/","70","https://preetliquor.com/products/highland-park-12-years-single-malt-scotch-viking-honour-750ml","19.99","-9.01","Prices in USD for 750ml from US retailers where available; lowest from review site, others from direct retailers (Keg N Bottle $65[5], Caskers $66[6], Preet Liquor $70[7]); no results from Amazon, Total Wine, Vivino, Liquor.com; ex-tax avg $54[1]; UK prices ~£30-50 (~$38-63) excluded as non-USD/US retailers[3]"
"Highland Park 18-Year-Old Single Malt Scotch Whisky - 750ml","","","189.99","149.96","https://www.hiproof.com/products/highland-park-single-malt-aged-18-years-750-ml","162.99","https://www.caskers.com/highland-park-18-year-old-single-malt-scotch-whisky/","222.99","https://winetoship.com/products/highland-park-18yr-scotch-vkg-prd-nl-750ml","40.03","27.0","Prices from search results; Total Wine lists ~$170[9], no direct data from Amazon, Vivino, or Liquor.com. Sorted current/sale prices: 149.96[2], 156.99[6], 159.99[5,7], 162.99[4,8], 170[9], 222.99[3]. Median from ordered list."
"High West American Prairie Bourbon - 750ml","","","42.99","30","https://www.breakingbourbon.com/review/high-west-bourbon","35","https://adventuresinwhiskey.com/2021/02/12/review-high-west-american-prairie-bourbon/","55","https://www.winedeals.com/spirits/whiskey-whisky/american/bourbon/high-west-american-prairie-bourbon-barrel-select-sauternes-finish-750-ml-86993.html","12.99","7.99","Prices from reviews and retailers (2023 data); no current listings found from Amazon, Vivino, or Liquor.com. Total Wine [9] lacks price. Avg ex-tax $48 [1]."
"Hibiki Suntory Whisky Japanese Harmony Master's Select - 750ml","","","299.99","339","https://www.wine-searcher.com/find/hibiki+harmony+master+select+whisky+japan/1/usa-ia","351.99","https://www.caskers.com/hibiki-japanese-harmony-master-s-select-japanese-whisky/","1498.99","https://www.liquoronbroadway.com/products/hibiki-japanese-harmony-masters-select-limited-edition-whisky","-39.01","-52.0","Prices from search results; no direct matches from Amazon, Total Wine, Vivino, or Liquor.com. Some listings for 700ml or limited editions. Total Wine [8] lists standard Hibiki Harmony (no Master's Select price). Averages: $163[1], $339[3], $404[1]."
"Glenmorangie The Discovery Gift Set - 750ml + (2) x - 50ml","","","39.99","34.99","https://www.binnys.com/spirits/scotch/glenmorangie-discovery-pack-original-yo-with-ml-lasanta-years-old-sherry-cask-ml-quinta-ruban-years-old-port-cask-finish-113667/","49.99","https://www.cellarlakewood.com/spirits/Glenmorangie-Discovery-Gift-Set-Glenmorangie-Discovery-Gift-Set-w2879468of","70.0","https://sftequilashop.com/products/glenmorangie-the-discovery-set-single-malt-scotch-whiskey","5.0","-10.0","Search results do not include prices from Amazon, Total Wine, Vivino, or Liquor.com as requested. Prices shown are from available retailers in search results (Binnys, Cellar Lakewood, SF Tequila Shop, Sipsy, Circus Liquor, Craft Shack, and iScotch.ca). Price range: $34.99–$70.00. Median calculated from 5 unique prices: $34.99, $37.99, $39.99, $49.99, $70.00."
"Glenmorangie Azuma Makoto — 18-Year-Old Limited Edition - 750ml","","","239.99","124.97","https://concierge.totalwine.com/product/glenmorangie-azuma-makoto-limited-edition-extremely-rare-18-year-single-malt-scotch-whisky-de-only?skuid=8ab2b2ca7b79c0fd017b7d7de1bf03ca","279.99","https://www.thebarreltap.com/products/glenmorangie-18-year-old-azuma-makoto-limited-edition-750ml","399.99","https://liquorfreight.com/products/glenmorangie-18-limited-edition-year-x-azuma-makoto-highland-single-malt-scotch-whiskey-750ml","115.02","-40.0","Prices from available retailers; Total Wine concierge discount price used as lowest. No prices found from Amazon, Vivino, or Liquor.com in results. Wine-Searcher avgs $259-$417 ex-tax not included in extremes."
"Glenmorangie 14-Year Highland Single Malt Scotch Whisky - 750ml","","","64.99","55","https://whiskyadvocate.com/glenmorangie-quinta-ruban-14-year-orphan-barrel-scotch-whisky-whiskey","69","https://www.wine-searcher.com/find/glen+morangie+the+quinta+ruban+fourteen+old+single+malt+scotch+whisky+highlands+scotland/1/usa","70.99","https://www.mashandgrape.com/collections/single-malt-scotch/products/glenmorangiescotchsinglemalt12yearquintaruban","9.99","-4.01","Prices from search results (2019 data, may be outdated). Total Wine lists product but no price shown. Specified retailers like Amazon, Vivino, Liquor.com had no direct matches. Product identified as Glenmorangie Quinta Ruban 14 Year."
"George Dickel 8 Year Bourbon - 750ml","","","54.99","14.99","https://flaviar.com/products/george-dickel-8-year-old-bourbon-whisky-750","29.97","https://www.sfwtc.com/spirit/7777-george-dickel-aged-8-years-small-batch-bourbon-whisky/7777-224298-750/","32","https://www.wine-searcher.com/find/george+dickel+aged+eight+bourbon+whisky+tennessee+usa/1/usa-ny","40.0","25.02","Prices from search results; Flaviar $14.99 may be promotional. Total Wine listed but no price in snippet. Specified retailers (Amazon, Total Wine, Vivino, Liquor.com) lacked extractable prices. Avg ex-tax $32[1]. Other prices: Caskers $25.99[5]."
"Four Roses Small Batch Bourbon - 750ml","","","41.99","33.99","https://www.totalwine.com/spirits/bourbon/small-batch-bourbon/c/000866?brandcode=four-roses","36.99","https://checkout.fourrosesbourbon.com/products/four-roses-small-batch-bourbon","42.99","https://applejack.com/Four-Roses-Small-Batch-Kentucky-Straight-Bourbon-Whiskey","8.0","5.0","Prices for Four Roses Small Batch Bourbon 750ml from Total Wine ($33.99)[6], Four Roses official ($36.99)[7], Remedy Liquor ($33.99)[8], ReserveBar ($38.70)[9], ABC FWS (MSRP $34.99)[10], Applejack ($42.99). No prices found from Amazon, Vivino, or Liquor.com in results. Variants like Small Batch Select excluded."
"Four Roses Bourbon Whiskey - 750ml","","","22.99","22.98","https://applejack.com/Four-Roses-Kentucky-Straight-Bourbon-Whiskey-750-ml","36.99","https://checkout.fourrosesbourbon.com/products/four-roses-small-batch-bourbon","64.99","https://www.moraswines.com/product/four-roses-small-batch-select-104-proof-kentucky-straight-bourbon-whiskey-750ml/","0.01","-14.0","Prices from various online retailers for Four Roses 750ml variants (e.g., Yellow Label/Standard at ~$23-37, Small Batch at ~$37, Single Barrel/Small Batch Select at $50-65). No direct prices found from Amazon, Total Wine, Vivino, or Liquor.com in results; loyalty price used for lowest. Prices ex-tax where noted and may vary by location/availability as of search data."
"Elijah Craig Barrel Proof - 750ml","","","129.99","64.99","https://www.bourbonguy.com/blog/2020/10/29/elijah-craig-barrel-proof-batch-c920","89.99","https://www.nestorliquor.com/collections/elijah-craig-barrel-proof","260.99","https://www.caskers.com/elijah-craig-barrel-proof-bourbon/","65.0","40.0","Prices from various retailers and secondary markets; Total Wine ~$85[9]; no current Amazon, Vivino, or Liquor.com listings in results. Prices vary by batch and availability."
"Crown Royal Noble Collection Winter Wheat Whisky - 750ml","","","79.99","62.99","https://canals-liquors-pennsauken.myshopify.com/products/crown-royal-noble-collection-winter-wheat-canadian-whisky","87.99","https://flaskfinewines.com/products/crown-royal-winter-wheat-noble-collection","99.99","https://kegnbottle.com/products/crown-royal-winter-wheat-noble-collection-blended-canadian-whiskey-750ml","17.0","-8.0","Prices from available retailers: $62.99 (Canals Liquors), $79.99 (Sipsy), $87.99 (Flask Fine Wines), $99.99 (Keg N Bottle). No prices found from Amazon, Vivino, or Liquor.com in results. Total Wine lists product but no price shown."
"Colonel E.H. Taylor Straight Rye - 750ml","","","139.99","149.99","https://woodencork.com/products/colonel-e-h-taylor-straight-rye-whiskey","179.99","https://kegnbottle.com/products/colonel-e-h-taylor-straight-rye-750-ml","199.99","https://www.wine-searcher.com/find/colonel+e+h+taylor+straight+rye+whisky+kentucky+usa/1/usa-ny","-10.0","-40.0","Prices from search results; no listings found on Amazon, Vivino, or Liquor.com. Lowest and median from sales prices ($149.99 Wooden Cork[4][5], $179.99 Keg N Bottle[1]); highest avg ex-tax NY[3]. Total Wine has listing but no price shown[8]."
"Chivas Regal Whisky Blending Kit","","","24.99","14.95","https://elcerritoliquor.com/products/chivas-regal-scotch-blending-kit-6x50ml","35","https://www.wine-searcher.com/find/chivas+regal+the+blend+whisky+kits+assortment+set+scotland","89.99","https://mannysliquorshoppe.com/products/chivas-regal-scotch-blending-kit-6x50ml","10.04","-10.01","Prices from various retailers (not limited to Amazon, Total Wine, Vivino, Liquor.com as none found); median approximated from available prices: 14.95, 19.99, 33.99, 35, 40, 54.99, 89.99. No results from specified sites."
"Bulleit Bourbon Frontier Whiskey - 750ml","","","31.99","29.89","https://bestbuyliquors.com/bulleit-bourbon-frontier-whiskey","33.99","https://kegnbottle.com/products/copy-of-bulleit-bourbon-frontier-whiskey-750-ml","34.99","https://cwspirits.com/collections/bulleit","2.1","-2.0","Prices from various retailers; no direct prices found from Amazon, Total Wine, Vivino, or Liquor.com in results. Standard 750ml Bulleit Bourbon Frontier Whiskey (not Bottled in Bond or other variants). Prices may exclude tax/shipping and vary by location."
"Blanton's 2024 Straight from the Barrel - 750ml","","","249.99","229.95","https://elcerritoliquor.com/products/blantons-straight-from-the-barrel-bourbon","299.99","https://preetliquor.com/products/blantons-straight-from-the-barrel","399.99","https://shopsk.com/products/blantons-straight-from-the-barrel-bourbon-750ml","20.04","-50.0","Prices from various online retailers (not limited to Amazon, Total Wine, Vivino, Liquor.com as none listed specific prices); Total Wine [9] confirms availability but no price shown. MSRP $150 [4], avg $257-$326 [3][5]. All for 750ml where specified."
"Basil Hayden’s Dark Rye - 750ml","","","55.99","37.8","https://flaviar.com/products/basil-haydens-dark-rye-750","49.99","https://wineanthology.com/14382-basil-haydens-dark-rye-whiskey","56.99","https://cellar.com/products/basil-haydens-small-batch-rye-dark-750ml","18.19","6.0","Prices extracted from search results; no direct prices found from Amazon, Vivino, or Liquor.com. Flaviar shows sale $37.80 (reg $41.99), others are current listed prices. Total Wine [8] has no price in snippet."
"Ardbeg 10 Year Old Single Malt Scotch Whisky - 750ml","","","69.99","59.99","https://pjwine.com/products/ardbeg-10-year-old-single-malt-scotch-whiskey-islay-750ml","66","https://www.wine-searcher.com/find/ardbeg+ten+old+single+malt+scotch+whisky+islay+scotland","67.99","https://www.caskers.com/ardbeg-10-year-old-single-malt-scotch-whisky","10.0","3.99","Prices from available search results (pjwine.com: $59.99[7], theliquorstore.com: $61.99[9], Whisky Marketplace via Tyndrum: $63[4], Wine-Searcher avg: $66[1], Caskers: $67.99[8]). No direct prices found from specified retailers Amazon, Total Wine, Vivino, or Liquor.com; ex-tax avgs excluded. Median approximated from listed prices."
"Hakata 10 Year Sherry Cask Japanese Whisky - 700ml","","","79.99","69.99","https://www.remedyliquor.com/products/hakata-whisky-sherry-cask-japan-10yr-700ml","79.99","https://sipwhiskey.com/collections/japanese-whisky/hakata","249.99","https://caskcartel.com/collections/new-arrivals/products/hakata-10-year-old-sherry-cask-whisky","10.0","0.0","Prices from Remedy Liquor ($69.99), SipWhiskey ($79.99), WHWC ($72.95), Wine-Searcher avg $83, CaskCartel ($249.99). No prices found from Amazon, Total Wine, Vivino, or Liquor.com. All for 700ml/750ml."
"Kilchoman Sanaig Islay Single Malt - 750ml","","","79.99","71.99","https://www.caskers.com/kilchoman-sanaig-islay-single-malt-scotch-whisky","76","https://www.wine-searcher.com/find/kilchoman+sanaig+single+malt+scotch+whisky+islay+scotland/1/usa-ca","109.98","https://shopwinedirect.com/kilchoman-sanaig-islay-single-malt-scotch-750ml.html","8.0","3.99","Prices from available retailers; Total Wine listing lacks explicit price. Wine-Searcher avg ex-tax. Spec's $73.67 each."
"Ohishi Distillery Ex-Brandy Cask 10 Year - 750ml","","","69.99","74","https://www.wine-searcher.com/find/ohishi+ten+old+brandy+cask+whisky+japan","79.99","https://sipwhiskey.com/products/ohishi-distillery-10-year-old-matured-in-ex-brandy-casks","85","https://folkwayswines.com/products/ohishi-brandy-cask-10-year-rice-whiskey","-4.01","-10.0","Prices from Wine-Searcher (avg $74 ex-tax[1]), Sip Whiskey/Whisky Shop ($79.99[2][9]), Folkways ($85[3]). No prices found on Amazon, Total Wine, Vivino, or Liquor.com."
"Ohishi Distillery Port Cask Rice Whisky - 750ml","","","69.99","69.99","https://kegnbottle.com/products/ohishi-whisky-port-cask-750-ml","77","https://www.wine-searcher.com/find/ohishi+port+cask+whisky+japan","104.99","https://theepicureantrader.com/products/ohishi-distillery-port-cask-japanese-whisky-750ml","0.0","-7.01","Prices from various online retailers; Total Wine lists product but no price in results[8]; Wine-Searcher avg $77 ex-tax[1]; other prices: $71.99[2], $84.99[5], $69.99[6]. No data from Amazon, Vivino, or Liquor.com."
"Oban 15 Year Port Cask Finish - 750ml","","","129.99","129.99","https://whiskeycaviar.com/products/oban-15-year-port-cask-finish-scotch-whisky-exclusive-release-750-ml","139.99","https://arthurcantina.com/products/oban-15-year-old-port-cask-finish-exclusive-release-750ml","159.99","https://kegnbottle.com/products/oban-15-year-port-cask-finish-single-malt-scotch-whisky-750ml","0.0","-10.0","Prices from online retailers: Whiskey Caviar ($129.99), Arthur Cantina ($139.99 regular/$159.99 sale), Keg n Bottle ($159.99). Total Wine lists product but no price shown. Suggested retail $130. No prices from Amazon, Vivino, or Liquor.com in results."
"Bernheim Original 20th Anniversary 10 Year - 750ml","","","139.99","83.99","https://www.socalws.com/products/bernheim-original-20th-anniversary-small-batch-10y-096749006397","84.99","https://distiller.com/spirits/bernheim-10-year-20th-anniversary-limited-edition","139.99","https://sipsy.com/products/bernheim-original-20th-anniversary-10-year-750ml","56.0","55.0","No current listings found on Amazon, Total Wine, Vivino, or Liquor.com. Prices from other retailers; MSRP $84.99. Product released Feb 2026, limited edition."
"Bulleit Mesquite Smoked Malt Bourbon - 750ml","","","51.99","34.99","https://sudsandspirits.com/bulleit-mesquite-smoked-malt-bourbon-whiskey-750ml/","49.99","https://www.totalwine.com/spirits/bourbon/bulleit-mesquite-smoked-malt-bourbon/p/2126274625","62.99","https://whiskyandwhiskey.com/products/bulleit-mesquite-smoked-bourbonpre-sale","17.0","2.0","Prices from various retailers; Total Wine listing confirmed at SRP $49.99. Product limited release available March 2026. No prices found from Amazon, Vivino, or Liquor.com."
"Tierra de Ensueno Extra Rare Bourbon Reposado Batch 2 - 750ml","","","69.99","64.99","https://www.remedyliquor.com/products/tierra-de-ensueno-reposado-wheated-bourbon-cask-750ml","74.99","https://ensuenotequila.com/products/tierra-de-ensueno-reposado-batch-2","89.99","https://raretequilas.com/products/tierra-de-ensueno-reposado-wheated-bourbon-cask-tequila","5.0","-5.0","Prices from Keg N Bottle ($79.99), Remedy Liquor ($64.99), Rare Tequilas ($89.99), Ensueño Tequila ($74.99), Sip Tequila ($74.99). No listings found on Amazon, Total Wine, Vivino, or Liquor.com. Product appears to be Tierra de Ensueño Reposado Wheated Bourbon Cask Batch 2 (tequila finished in bourbon casks)."
"Redbreast 15 Year Irish Whiskey - 750ml","","","139.99","102.6","https://flaviar.com/products/redbreast-15-year-old-750","129.89","https://bestbuyliquors.com/redbreast-15yr-whiskey","148.99","https://www.caskers.com/redbreast-15-year-old-single-pot-still-irish-whiskey/","37.39","10.1","Prices from Flaviar ($102.60-$114), Best Buy Liquors ($129.89), Caskers ($148.99). No direct prices found from Amazon, Total Wine, Vivino, or Liquor.com in results; Wine-Searcher avg $123-$132 ex-tax."
"Redbreast Moscatel Wine Cask Irish Whiskey - 750ml","","","109.99","104.99","https://unwindbottleshop.com/products/redbreast-single-pot-still-irish-whiskey-moscatel-wine-cask-edition-750ml","110","https://www.mensjournal.com/drink/new-redbreast-moscatel-wine-cask-edition-irish-whiskey","119.99","https://woodencork.com/products/redbreast-moscatel-wine-cask-limited-edition-irish-whiskey-750ml","5.0","-0.01","Prices from various online retailers for 750ml bottles; no current prices found on Amazon, Total Wine, Vivino, or Liquor.com in results. Excludes 700ml and original list prices. Total Wine listing lacks price[9]."
"Pappy Van Winkle 13 Year Whiskey - 750ml","","","1299.99","979.95","https://raretequilas.com/products/pappy-van-winkle-13-yr-family-reserve-whiskey-750-ml","1499.99","https://kegnbottle.com/products/pappy-van-winkle-family-reserve-rye-2019-release-presale-750-ml","2499.99","https://shopsk.com/products/pappy-van-winkle-13-yr-family-reserve-whiskey-750-ml","320.04","-200.0","Prices from secondary retailers (no direct matches from Amazon, Total Wine, Vivino, or Liquor.com in results). Pappy Van Winkle 13 Year refers to Family Reserve Rye Whiskey (750ml). Sorted from available listings: $979.95[5], $999.89[7], $1449.99[6], $1499.99[3], $1945[9]. Average ~$1575 aligns with Wine-Searcher avg $1560[2]."
"Kaiyo “The Unicorn” 10 Year Whiskey - 750ml","","","79.99","85.0","https://www.blackwellswines.com/products/kaiyo-10-year-old-the-unicorn-japanese-mizunara-oak-whisky","99.99","https://liquorgeeks.com/products/kaiyo-the-unicorn-10-year-whiskey","129.99","https://theliquorbros.com/products/kaiyo-the-unicorn-10-year-whiskey","-5.01","-20.0","Prices from various online retailers (Blackwell's Wines $85, Liquor Geeks/El Cerrito/Wooden Cork $99.99, Prize Fighter $109.99, Liquor Bros sale $129.99). No current listings found on specified retailers Amazon, Total Wine, Vivino, Liquor.com. Some products out of stock or backordered. Average ex-tax price $114 per Wine-Searcher. Sizes noted as 750ml where specified."
"Johnnie Walker Blue Label Diwali Limited Edition - 750ml","","","269.99","169.99","https://www.remedyliquor.com/products/johnnie-walker-scotch-blended-blue-label-limited-diwali-edition-750ml","211.99","https://www.caskers.com/johnnie-walker-x-rahul-mishra-blue-label-diwali-limited-edition-blended-scotch-whisky-750/","259.99","https://qualityliquorstore.com/products/johnnie-walker-blue-label-x-diwali-limited-edition","100.0","58.0","Prices extracted from search results; none from Amazon, Vivino, or Liquor.com. $9.95 and $19.99 in [1] appear erroneous for this premium whisky. Total Wine [10] lacks price. Sorted from valid prices: 169.99, 198.99, 211.99, 239.99, 259.99."
"Balvenie French Oak 16 Year - 750ml","","","169.99","149.99","https://shopsk.com/products/the-balvenie-16-yr-french-oak-750ml","180.99","https://shop.us.thebalvenie.com/products/the-balvenie-french-oak-16","249.99","https://theliquorbros.com/products/the-balvenie-french-oak-16-year-single-malt-whisky-750-ml","20.0","-11.0","Prices from available retailers (ShopSK $149.99, Flaviar $166.99, Balvenie $180.99-$296.99 range used for median, Caskers $180.99, TheLiquorBros $249.99); no direct prices found from Amazon, Total Wine, Vivino, or Liquor.com in results. Total Wine listed but price not specified. Averages ex-tax ~$197-$204."
"Balvenie American Oak 12 Year - 750ml","","","79.99","74.99","https://www.binnys.com/spirits/scotch/balvenie-stories-the-toast-of-american-oak-year-old-speyside-single-malt-977709/","83","https://www.wine-searcher.com/find/the+balvenie+sweet+toasted+america+oak+twelve+old+single+malt+scotch+whisky+speyside+scotland","110.98","https://shopwinedirect.com/the-balvenie-12-year-old-the-sweet-toast-of-american-oak-single-malt-scotch-750ml.html","5.0","-3.01","Prices from various retailers; no current listings found on Amazon, Vivino, or Liquor.com in results. Total Wine [9] listed without specified price. Product often called 'Sweet Toast of American Oak'. Prices in USD for 750ml."
"Ole Smoky Tennessee Whiskey - 750ml","","","24.99","19.99","https://chililiquor.com/spirits/whiskey/ole-smoky-salty-caramel-750","26.99","https://www.liquorcave.com/products/ole-smokey-original","27.99","https://kegnbottle.com/products/ole-smoky-tennessee-blended-whiskey-750-ml","5.0","-2.0","No exact matches found on Amazon, Total Wine, Vivino, or Liquor.com for 'Ole Smoky Tennessee Whiskey - 750ml'. Prices from other retailers for similar Ole Smoky Tennessee whiskey products (e.g., Salty Caramel, Blended); Total Wine lists Peanut Butter variant at $20.99."
"Ole Smoky Tennessee Blackberry Whiskey - 750ml","","","24.99","19.99","https://abcfws.com/ole-smoky-blackberry-whiskey/664505","23.49","https://creekvillespirits.com/products/ole-smoky-tennessee-blackberry-whiskey","25.99","https://www.caskers.com/ole-smoky-blackberry-whiskey/","5.0","1.5","Prices from ABC Fine Wine & Spirits ($19.99), Creekville Spirits ($23.49), Caskers ($25.99). No prices found from Amazon, Total Wine, Vivino, or Liquor.com. Some results refer to moonshine variant. Avg ex-tax $23 per Wine-Searcher."
"Jack Daniel’s Single Barrel Heritage Barrel - 750ml","","","69.99","59.49","https://www.hiproof.com/products/jack-daniel-s-single-barrel-heritage-barrel-750ml","68","https://www.wine-searcher.com/find/jack+daniel+single+barrel+heritage+whisky+tennessee+usa","79.99","https://woodencork.com/products/jack-daniel-s-heritage-toasted-single-barrel-2025-release","10.5","1.99","Prices from search results; none directly from Amazon, Vivino, or Liquor.com. Total Wine [8] lacks listed price. Outliers like $399.99 [7] excluded as likely errors. Average ex-tax $68 [1]. Some results reference 2025 toasted variant."
"Gentleman Jack Tennessee Whiskey - 750ml","","","24.99","25.99","https://www.missionliquor.com/products/gentleman-jack-tennessee-whiskey-750ml-1","31","https://www.wine-searcher.com/find/jack+daniel+gentleman+rare+double+whisky+tennessee+usa/1/usa-ny","34.99","https://www.thebarreltap.com/products/jack-daniels-gentleman-jack-tennessee-whiskey","-1.0","-6.01","Prices from various online retailers; no direct prices found from Amazon, Vivino, or Liquor.com in results. Total Wine listed without specific price. Values approximate ex-tax where noted."
"Yellowstone 10 Year Old Bourbon - 750ml","","","149.99","99.99","https://www.liquorcave.com/products/yellowstone-10-year-limited-edition-bourbon-2025","100","https://www.breakingbourbon.com/review/yellowstone-limited-edition-2025","109.99","https://whiskeysocial.app/blog/yellowstone-limited-edition-2025-a-10-year-anniversary-bourbon","50.0","49.99","No prices found from Amazon, Total Wine, Vivino, or Liquor.com. Prices from other retailers: Liquor Cave ($99.99), SRP $99.99-$100, Hi Time Wine ($109.99). Product is Yellowstone Limited Edition 2025 (10yr), matching query."
"Dunbrody Irish Whiskey - 750ml","","","59.99","54.99","https://www.melandrose.com/dunbrody/dunbrody-small-batch-irish-whiskey-bourbon-cask-750ml-1089046","62.99","https://jeffersonliquor.com/spirits/whiskey/irish-whiskey/dunbrody-irish-whiskey-750ml","64.99","https://www.melandrose.com/dunbrody/dunbrody-small-batch-irish-whiskey-bourbon-cask-750ml-1089046","5.0","-3.0","Prices from 750ml listings only: $54.99 special (regular $64.99) at Mel & Rose[2], $62.99 at Jefferson Liquor[9]. No 750ml prices found on Amazon, Total Wine, Vivino, or Liquor.com. Many results are 700ml variants or lack specific prices."
"Penelope Wheated Bourbon - 750ml","","","44.99","34.99","https://www.binnys.com/spirits/whiskey/penelope-wheated-bourbon-163525/","38","https://www.wine-searcher.com/find/penelope+wheated+straight+bourbon+whisky+scotland+usa","42","https://gacraftspirits.com/products/penelope-bourbon-wheated-750ml","10.0","6.99","Prices from available retailers (Binny's $34.99, Flaviar $34.99, Total Wine ~$35, Wine-Searcher avg $38 ex-tax, GA Craft $42). No current prices found from Amazon, Vivino, or Liquor.com in results; MSRP ~$40."
"Booker’s Jerry’s Batch, 2025-03 - 750ml","","","129.99","79.99","https://www.remedyliquor.com/products/bookers-bourbon-straight-jerrys-batch-2025-03-kentucky-750ml","99.99","https://theliquorbarn.com/products/bookers-bourbon-2025-03-jerrys-batch-750ml","109.99","https://bourbonoutfitter.com/products/bookers-bourbon-2025-03-jerrys-batch","50.0","30.0","Prices from various retailers (not limited to specified sites: Amazon, Total Wine, Vivino, Liquor.com had no listings). Sorted: 79.99[8], 94.99[3], 99.94[1], 99.99[2][5], 109.99[4][6]. Median from central value of 99.99."
"Lagavulin 11 Year Sweet Peat - 750ml","","","76.99","59.99","https://www.liquorcave.com/products/lagavulin-11-year-old-sweet-peat","74.99","https://tastersclub.com/products/lagavulin-11-year-sweet-peat","79.99","https://www.bottlevalues.com/spirits/Lagavulin-11yr-Sweet-Peat-w2803588r6","17.0","2.0","Prices from various retailers; Total Wine lists product but no price visible. Amazon, Vivino, Liquor.com not in results. Lowest/sale prices used where available."
"Bomberger’s Declaration Bourbon 2023 - 750ml","","","249.99","161.99","https://liquorlux.com/products/bombergers-declaration-2023-bourbon","201","https://www.wine-searcher.com/find/bombergers+declaration+small+batch+straight+bourbon+whisky+kentucky+usa/2023","208.95","https://uptownspirits.com/products/bombergers-declaration-2023-bourbon-whiskey-750ml","88.0","48.99","Prices from various retailers; Total Wine [9] lacks listed price; Liquor.com not found; median approximated from avg price across sources."
"Shenk’s Homestead Sour Mash Whiskey 2023 - 750ml","","","199.99","189.99","https://sipwhiskey.com/products/shenk-s-homestead-distillery-sour-mash-whiskey","199.99","https://whiskeycaviar.com/products/shenks-homestead-2023-sour-mash-whiskey-copy","229.99","https://onlineliquor.com/products/shenk-s-homestead-sour-mash-whiskey-2023","10.0","0.0","Prices from online retailers (sipwhiskey.com: $189.99, whiskeycaviar.com: $199.99, onlineliquor.com: $229.99 sale from $269.99). No prices found on Amazon, Total Wine, Vivino, or Liquor.com. Results include 2023 and 2024 releases; prioritized 2023 where specified."
"Lagavulin 8 Year Old Single Malt Scotch Whisky - 750ml","","","89.99","59.99","https://www.marketviewliquor.com/product/spirit/lagavulin-scotch-8yr-single-islay-malt-whisky-750-ml","68.99","https://www.caskers.com/lagavulin-8-year-old-single-malt-scotch-whisky/","69.99","https://bottles2gift.com/products/lagavulin-8-year-single-malt-scotch-whisky","30.0","21.0","Prices from available retailers (Marketview Liquor, Caskers, Bottles2Gift); no current prices found on Amazon, Total Wine, Vivino, or Liquor.com in results. Total Wine [9] lacks explicit price."
"Pappy Van Winkle’s Family Reserve 15 Year Bourbon - 750ml","","","1699.99","1738.99","https://flaviar.com/products/pappy-van-winkle-family-reserve-15-year-old-bourbon-whiskey-750","1899.99","https://paragonspirits.com/products/pappy-van-winkle-15-year-kentucky-straight-bourbon-whiskey","2616","https://www.wine-searcher.com/find/old+rip+van+winkel+pappy+fmly+rsrv+fifteen+straight+bourbon+whisky+kentucky+usa","-39.0","-200.0","Prices from secondary market retailers; no current listings found on Amazon, Total Wine, Vivino, or Liquor.com. MSRP is $199.99. Prices ex-tax where noted."
"WhistlePig 12-Year-Old Straight Rye Whiskey - 750ml","","","99.99","51.99","https://flaviar.com/products/whistlepig-12-year-old-world-rye-750","144","https://www.wine-searcher.com/find/whistler+pig+old+world+series+cask+twelve+straight+rye+whisky+vermont+usa","256.5","https://cwspirits.com/products/whistlepig-old-world-12-year-rye-whiskey-750-ml","48.0","-44.01","Prices from various retailers; Total Wine lists product but no price in results. Possible promotional/low stock price at Flaviar. Variants include Old World Series cask finish."
"The Glenlivet 21 Year Old Single Malt Scotch - 750ml","","","259.99","259.99","sipsy.com","333","wine-searcher.com","499.99","liquoronbroadway.com","0.0","-73.01","Search results do not include data from the requested retailers (Amazon, Total Wine, Vivino, Liquor.com). Prices are from available retailers in search results: Sipsy ($259.99), Wine-Searcher aggregate ($333), and Liquor on Broadway ($499.99). Archive 21 and regular 21 Year Old variants may have different pricing. Prices are ex-tax where noted and may vary by location and availability."
"Glenmorangie Taster 3-Pack ( - 100ml each)","","","29.99","7.19","https://bottlestork.com/products/glenmorangie-taster-pack-3pk","29.99","https://sipwhiskey.com/products/glenmorangie-100ml-gift-set","32.99","https://topshelfwineandspirits.com/products/glenmorangie-three-kinds-of-wonderful-3-pack-100ml-bottles","22.8","0.0","Prices from search results: $7.19[2], $29.99[4][7], $31.99[3], $32.99[1]. No prices found from Amazon, Total Wine, Vivino, or Liquor.com in results. Total Wine lists product but no price[5]. Sale prices used where available."
"X by Glenmorangie Single Malt Scotch Whisky - 750ml","","","29.99","17","https://www.totalwine.com/spirits/scotch/single-malt/x-by-glenmorangie-single-malt-scotch-whisky/p/236697750","31","https://www.caskers.com/x-by-glenmorangie-single-malt-scotch-whisky/","47","https://whiskyandwhiskey.com/products/glenmorangie-x-made-to-mix-single-malt-scotch-whisky","12.99","-1.01","Lowest from Total Wine clearance mention; current listed $30.99[2]. Median approx from $31 prices (Caskers, ShopWineDirect MSRP)[4][8]. Highest $46.99[7]. No Amazon/Vivino/Liquor.com prices in results. Prices ex-tax where noted, vary by location."
"E.H. Taylor Bottled in Bond Antique Collection 2025 - 750ml","","","1979.99","1379.99","https://dramfellows.com/products/e-h-taylor-jr-bottled-in-bond-2024-release-buffalo-trace-antique-collection","1699.99","https://topshelfwineandspirits.com/products/e-h-taylor-antique-collection-bottled-in-bond-bourbon-2025-edition","1999.99","https://raretequilas.com/products/e-h-taylor-bottled-in-bond-antique-collection-2025-edition-bourbon-whiskey","600.0","280.0","No prices found from specified retailers (Amazon, Total Wine, Vivino, Liquor.com); prices from other online retailers. MSRP is $150 per source [7]. Lowest and highest reflect current sale prices; product is sold out at several sites."
"Lismore 15 Year Old Single Malt Scotch Whisky - 750ml","","","51.99","34.99","https://www.remedyliquor.com/products/lismore-scotch-sgl-malt-15yr-750ml","44.99","https://www.hitimewine.net/lismore-15yr-40-750ml-speyside-single-malt-scotch-whisky-102939","69.99","https://www.grandwinecellar.com/products/lismore-distillery-15-year-old-single-malt-scotch-whisky","17.0","7.0","Prices from various online retailers; Total Wine listing lacks visible price in results. Sorted from available: 34.99[3], 39.99[1][5], 43.99[7], 44.99/49.99[1][4], 55 avg[2], 69.99[6]. None from Amazon, Vivino, or Liquor.com in results."
"Jack Daniel's Tennessee Whiskey - 3L","","","79.99","59.99","https://www.thebarreltap.com/products/jack-daniels-old-no-7-tennessee-whiskey-3l","99.0","https://dutyfreeamericas.com/jack-daniel-s-black-whisky-3l-80p.html","244.0","https://www.whiskyliquorstore.com/194929/jack-daniels-3-litre-bottle","20.0","-19.01","Prices from various online retailers (not limited to Amazon, Total Wine, Vivino, Liquor.com as none listed 3L). Sorted from available 3L prices: $59.99[9], $79.99[3], $99[8], $110[2], $244[5]. No prices found on specified sites."
"Bulleit Whiskey Sour - 375ml","","","15.99","10.99","https://theliquorbarn.com/products/bulleit-whiskey-sour-375ml","12.95","https://abc2.nc.gov/Pricing/ViewItemDetails/167802","15.99","https://thebourboncentral.com/products/bulleit-whiskey-sour-rts-375-ml","5.0","3.04","Prices from various online retailers; Total Wine lacks explicit price in results. NC ABC prices as of 2/1/2026: $11.95 retail. Sorted from available: 10.99, 10.99, 11.99, 12.95, 14.99, 14.99, 15.99."
"Maker's Mark BEP 2023 - 750ml","","","99.99","69.99","https://www.bourbonguy.com/blog/2023/4/13/makers-mark-wood-finishing-series-2023-release-bep","97.97","https://artisan.wine/products/makers-mark-wood-finishing-series-2023-bep-02-limited-release-bourbon-750-ml","127","https://www.wine-searcher.com/find/maker+mark+bep+wood+series+ltd+straight+bourbon+whisky+kentucky+usa/2023","30.0","2.02","Prices from various online retailers and aggregators (Sipsy $99.99, Artisan $97.97, Wine-Searcher avg $127, Flask $99-$149.99); MSRP ~$70. No current prices found from Amazon, Total Wine, Vivino, or Liquor.com."
"Bulleit Single Barrel Bourbon - 750ml","","","41.99","39.99","https://www.thebarreltap.com/products/bulleit-hand-selected-single-barrel-bourbon","49.99","https://www.marketviewliquor.com/product/bulleit-bourbon-store-select-single-barrel-750ml","69.99","https://jensensliquors.com/products/bulleit-single-barrel-kentucky-straight-bourbon","2.0","-8.0","Prices from various online retailers; no current listings found from Amazon, Total Wine, Vivino, or Liquor.com in results. Sale prices used where applicable. Sorted from available: 39.99, 49.99, 69.99."
"Wild Turkey Rare Breed Rye - 750ml","","","67.99","61.99","https://www.totalwine.com/spirits/american-whiskey/rye-whiskey/wild-turkey-rare-breed-rye-whiskey/p/230824750","61.99","https://shopwinedirect.com/wild-turkey-rare-breed-barrel-proof-kentucky-straight-rye-whiskey-750ml.html","66.99","https://www.missionliquor.com/products/wild-turkey-rare-breed-750ml-1","6.0","6.0","Prices from search results: Total Wine $61.99[1][8], Picks $63.35[2], Mission Liquor $61.99-$66.99[5], Flaviar $61.99[6], Caskers $61.99[9]. No direct prices found from Amazon, Vivino, or Liquor.com in results. Median calculated from available prices (61.99, 61.99, 63.35, 66.99)."
"Russell's Reserve Single Barrel Bourbon - 750ml","","","71.99","49.99","https://www.bourbonbanter.com/russells-reserve-single-barrel-bourbon-review/","71","https://www.wine-searcher.com/find/russell+rsrv+single+barrel+straight+bourbon+whisky+kentucky+usa/1/usa-ca","78","https://thebourboncentral.com/products/russells-reserve-single-barrel-kentucky-straight-bourbon-whiskey","22.0","0.99","Prices from search results (2021-2025 data); no current prices found from Amazon, Vivino, or Liquor.com. Total Wine listing lacks specific price. Range reflects MSRP ($49.99) to retail ($78)."
"Johnnie Walker Blue Label Diwali Limited Edition - 750ml (Pre-order)","","","169.99","169.99","https://www.remedyliquor.com/products/johnnie-walker-scotch-blended-blue-label-limited-diwali-edition-750ml","239.99","https://liquorgeeks.com/products/johnnie-walker-blue-label-x-diwali-limited-edition-designed-by-rahul-mishra","259.99","https://qualityliquorstore.com/products/johnnie-walker-blue-label-x-diwali-limited-edition","0.0","-70.0","Prices extracted from search results; none from specified retailers (Amazon, Total Wine, Vivino, Liquor.com). Many listings are pre-order/backorder for Sept 2025 release. Outlier low price of $9.95-$19.99 ignored as implausible for product."
"Compass Box Nectarosity Scotch Whisky - 750ml","","","65.99","49.99","https://www.missionliquor.com/products/compass-box-nectarosity-blended-whisky-750ml","65.99","https://sipsy.com/products/compass-box-nectarosity-scotch-whiskey-750ml","69.99","https://goodpour.com/products/compass-box-nectarosity-blended-scotch","16.0","0.0","Prices from Mission Liquor ($49.99)[6], Binny's ($49.99 implied)[8], Keg N Bottle ($59.99)[3], Sipsy ($65.99)[2], Good Pour ($69.99)[5]. Total Wine listed but no price in results[9]; Amazon, Vivino, Liquor.com not found in results."
"Ole Smoky Moonshine Sour Razzin' Berry - 750ml","","","22.99","17.5","https://www.liquorandwineoutlets.com/product-detail/8105-Ole-Smoky-Sour-Razzin-Berry-Moonshine","24.99","https://bottlebuzz.com/products/ole-smoky-sour-razzin-berry-moonshine","27.99","https://kegnbottle.com/products/ole-smoky-sour-razzin-berry-moonshine-750-ml","5.49","-2.0","Prices from various online retailers; Total Wine lists product but no price in results. Sorted from explicit prices: 17.50, 22.99, 23.99, 24.99, 25.99, 27.99. No prices found on Amazon, Vivino, or Liquor.com."
"Ole Smoky Moonshine Pickles - 750ml","","","23.99","23.0","https://bankswinesandspirits.com/products/ole-smoky-moonshine-pickles-750ml","24.0","https://unwindbottleshop.com/products/ole-smoky-moonshine-pickles-750ml","24.99","https://www.elmaliquor.com/shop/liquor/750ml-liquor/ole-smoky-tennessee-moonshine-pickles-750ml/","0.99","-0.01","Prices from search results: $23.00[7], $23.99[4], $24.99[1][2]. No prices found on Amazon, Vivino, or Liquor.com. Total Wine[9] listed without price. MSRP $99.99[3] excluded as not sale price."
"Jack Daniel's 10, 12 & 14 Years Whiskey - 3-Pack","","","999.99","330","https://shopwinedirect.com/jack-daniel-s-3-bottle-bundle-10-12-14-year-old-whiskeys-750ml.html","380","https://whiskeycaviar.com/products/jack-daniels-10-12-14-year-value-bundle-700-ml","1000","https://qualityliquorstore.com/products/jack-daniels-10-12-14-year-value-bundle","669.99","619.99","Estimated prices based on MSRP sum (~$330) for lowest and secondary market premiums for median/highest; no exact prices from Amazon, Total Wine, Vivino, or Liquor.com in results. Bundle sizes vary (750ml vs 700ml). Street prices exceed MSRP per [5]."
"Benchmark No. 8 Bourbon - 1L","","","12.99","14.99","https://allseasonswineny.com/shop/product/benchmark-old-no-8-bourbon/56c29664756275139d5b0500?option-id=320d1331e14594a77b311a4a315984a31e66bd4a31e66bd4f7f5ed657eb31dc633c510f2b","16.99","https://flaviar.com/products/mcafees-benchmark-old-no-8-brand-kentucky-straight-bourbon-whiskey-1000","20.99","https://specsonline.com/shop/spirits/benchmark-bourbon/","-2.0","-4.0","Prices for 1L from various retailers; no direct listings found on Amazon, Total Wine, Vivino, or Liquor.com in results. Lowest and median from All Seasons Wine, Liquor Boy, Flaviar; highest from Specs."
"Deacon Scotch Whisky - 750ml","","","39.99","34.99","https://kegnbottle.com/products/the-deacon-blended-scotch-whisky-750-ml","40.0","https://www.wine-searcher.com/find/the+deacon+blend+scotch+whisky+scotland","49.99","https://unwindbottleshop.com/products/the-deacon-blended-scotch-whisky-750ml","5.0","-0.01","Prices from various online retailers (not specifically Amazon, Total Wine, Vivino, or Liquor.com as no direct matches found); sorted from available: 34.99[7], 36.99[4], 39.99[3], 40[1][8], 49.99[2]. Median from avg price and matching listings."
"Ole Smoky Orange Shinesicle - 750ml","","","22.99","22.99","https://www.binnys.com/spirits/whiskey/ole-smoky-shinesicle-orange-cream-moonshine-143972/","23.69","https://winefolder.com/products/ole-smoky-cream-orange-shinesicle-750ml","25.99","https://theliquorbros.com/products/ole-smoky-orange-shinesicle-cream-liqueur-750-ml","0.0","-0.7","Price data collected from available search results. Amazon, Vivino, and Liquor.com were not included in search results; pricing is based on retailers that appeared: Binny's ($22.99), Wine Folder ($23.69), The Liquor Barn ($23.99), Wine-Searcher average ($23.00), Sipsy ($22.99), and The Liquor Bros ($25.99 regular price, $21.99 sale price). Sale prices were excluded from median/highest calculations to reflect regular retail pricing."
"Ole Smoky Butter Pecan - 750ml","","","22.99","12.0","https://gacraftspirits.com/products/ole-smoky-butter-pecan-moonshine-35-750ml","24.99","https://www.thebarreltap.com/products/ole-smoky-butter-pecan-moonshine-750ml","27.99","https://www.thebarreltap.com/products/ole-smoky-butter-pecan-moonshine-750ml","10.99","-2.0","Prices extracted from search results; no direct matches from Amazon, Vivino, or Liquor.com. Lowest from gacraftspirits ($12 sale), median/highest from thebarreltap ($24.99 sale/$27.99 reg). Total Wine [10] lacks price. Averages around $24[3][4]."
"Ole Smoky Moonshine Strawberry Cream - 750ml","","","22.99","19.99","https://luekensliquors.com/products/ole-smoky-moonshine-white-chocolate-strawberry-cream-7","24.99","https://www.thebarreltap.com/products/ole-smoky-white-chocolate-strawberry-cream-moonshine-750ml","27.99","https://kegnbottle.com/products/ole-smoky-white-chocolate-strawberry-cream-moonshine-750-ml","3.0","-2.0","Prices from retailers like Lueken's ($19.99), Barrel Tap ($24.99), Keg N Bottle ($27.99); $3.99 likely not for 750ml. No prices found on Amazon, Vivino, Liquor.com. Product often listed as White Chocolate Strawberry Cream variant."
"Woodford Reserve Master's Collection: Brandy Cask Finish","","","129.99","241","https://www.nobelwineandspirits.com/products/woodford-reserve-masters-collection-brandy-cask-finish","400","https://theepicureantrader.com/products/woodford-reserve-distillery-masters-collection-brandy-cask-finish-kentucky-bourbon-750ml","519.94","https://www.liquorexpress.us/products/woodford-reserve-brandy-cask-finish-master-s-collection","-111.01","-270.01","Prices from various online retailers (Nobel Wine & Spirits: $241, Epicurean Trader: $400, Liquorexpress: $519.94); no prices found from specified retailers Amazon, Total Wine, Vivino, or Liquor.com. Sorted from explicit prices: 241, 399-400, 428.99, 431(avg), 519.94. Median approximated as 400."
"Wild Turkey Rare Breed Barrel Proof Rye - 750ml","","","69.99","46.99","https://thebourbonculture.com/whiskey-reviews/wild-turkey-rare-breed-rye-whiskey-review/","61.99","https://www.totalwine.com/spirits/american-whiskey/rye-whiskey/wild-turkey-rare-breed-rye-whiskey/p/230824750","71.99","https://topshelfwineandspirits.com/products/wild-turkey-rare-breed-rye","23.0","8.0","Prices from reviews and retailers (Total Wine $61.99, Flaviar/Caskers/Mission $61.99, Topshelf $71.99); no current Amazon/Vivino/Liquor.com data; lowest from 2020 Costco report. Prices may vary by location/date."
"Wild Turkey Longbranch Bourbon - 750ml","","","42.99","19.99","https://thewhiskeyramble.com/2020/12/12/old-vs-new-wild-turkey-longbranch-scoresheet/","40","https://www.wine-searcher.com/find/wild+turkey+long+branch+straight+bourbon+whisky+kentucky+usa/1/usa","42.99","https://www.thebarreltap.com/products/wild-turkey-longbranch-bourbon-whiskey-750ml","23.0","2.99","Prices from various retailers; Total Wine listing lacks specific price. Lowest from observed sale[2], median avg ex-tax[4], highest current retail[3]. No direct Amazon/Vivino/Liquor.com prices found."
"Wild Turkey Bourbon Whiskey - 12 x - 50ml","","","49.99","3.49","https://arthurcantina.com/products/wild-turkey-bourbon-whiskey-101-50ml","4.41","https://specsonline.com/shop/spirits/wild-turkey-101-50ml-each/","7.99","https://www.caskers.com/wild-turkey-101-proof-kentucky-straight-bourbon-whiskey-50ml/","46.5","45.58","Prices for single 50ml bottles of Wild Turkey 101 (matches query intent). No results from Amazon, Total Wine, Vivino, or Liquor.com. 12-pack at $44.99 ($3.75/unit) excluded as not matching exact query. Sorted: $3.49[3], $3.99[1], $4.41[5], $6.99[6], $7.99[2]. Median is middle value."
"Wild Turkey Bourbon Master’s Keep One - 750ml","","","499.99","175","https://www.breakingbourbon.com/review/wild-turkey-masters-keep-one","549.99","https://lostnliquor.com/products/wild-turkey-masters-keep-one-kentucky-straight-bourbon-whiskey","763.99","https://www.caskers.com/wild-turkey-master-s-keep-one-kentucky-straight-bourbon-whiskey/","324.99","-50.0","Prices from secondary market retailers; MSRP $175[4]. No current listings found on Amazon, Total Wine, Vivino, or Liquor.com. Average ex-tax $444[1]. Some results for related Master's Keep variants."
"Wild Turkey Bourbon - Master's Keep 17-Year - 750ml","","","549.99","154","https://rarebird101.com/2016/11/30/wild-turkey-masters-keep-2015/","475.99","https://www.caskers.com/wild-turkey-master-s-keep-17-year-old-kentucky-straight-bourbon-whiskey/","799.99","https://therarewhiskeyshop.com/collections/wild-turkey-masters-keep","395.99","74.0","No prices found from specified retailers (Amazon, Total Wine, Vivino, Liquor.com). Prices sourced from other online retailers; historical MSRP ~$150. Range reflects secondary market variability as of available data."
"Widow Jane Rye Applewood Bourbon - 750ml","","","49.99","43.99","https://www.totalwine.com/spirits/american-whiskey/rye-whiskey/widow-jane-applewood-rye-whiskey/p/147578750","53","https://www.wine-searcher.com/find/widow+jane+oak+apple+wood+aged+rye+mash+whisky+new+york+usa","63.99","https://whiskyandwhiskey.com/products/widow-jane-oak-apple-wood-aged-rye-whiskey-750ml","6.0","-3.01","Prices from Total Wine ($43.99), Wine-Searcher avg ($53), WhiskyandWhiskey ($63.99). No prices found from Amazon, Vivino, or Liquor.com in results. Some sites show MSRP $57.99 or ranges without exact sale price."
"Widow Jane Bourbon 10 Year - 750ml","","","74.99","63.99","https://www.totalwine.com/spirits/bourbon/small-batch-bourbon/widow-jane-straight-bourbon-whiskey-10-yr/p/172064750","72.99","https://www.caskers.com/widow-jane-10-year-old-straight-bourbon-whiskey/","76.99","https://topshelfwineandspirits.com/products/widow-jane-aged-10-year-bourbon","11.0","2.0","Prices from Total Wine ($63.99)[6], Elma Liquor ($69.99)[1], Caskers ($72.99)[3], Top Shelf ($76.99)[7]. No current prices found on Amazon, Vivino, or Liquor.com. Some results show MSRP or averages (e.g., $90-$110 SRP[5][2])."
"WhistlePig 6-Year PiggyBack Rye - 750ml","","","59.99","39.99","https://www.hiproof.com/products/piggyback-100-rye-6years","44.99","https://www.caskers.com/whistlepig-piggyback-rye-whiskey/","47.99","https://shopwinedirect.com/whistlepig-piggyback-6-year-old-straight-rye-whiskey-750ml.html","20.0","15.0","Prices from HiProof ($39.99 sale), Caskers ($44.99), ShopWineDirect ($47.99 sale; MSRP $54.99). No current prices found on Amazon, Total Wine, Vivino, or Liquor.com in results; general retail range $40-$50[2]."
"WhistlePig 10-Year-Old Straight Rye Whiskey - 750ml","","","99.99","64.99","https://liquorgeeks.com/products/whistle-pig-rye-10-years-old","86","https://www.wine-searcher.com/find/whistler+pig+ten+old+straight+rye+whisky+vermont+usa","124.99","https://www.totalwine.com/spirits/brand/whistlepig","35.0","13.99","Prices from various retailers; Total Wine lists $124.99 (possibly different variant or error, as product is 'Small Batch Rye'); LiquorGeeks $64.99 unavailable; Wine-Searcher avg $86 ex-tax; no current Amazon/Vivino/Liquor.com prices found."
"W.L. Weller Antique 107 Bourbon - 750ml","","","149.99","122.99","https://liquorbardelivery.com/products/weller-antique-107-bourbon","134.88","https://www.liquorexpress.us/products/weller-antique-107","149.99","https://kegnbottle.com/products/old-weller-antique-107-wheated-bourbon-750-ml","27.0","15.11","Prices from search results; Total Wine, Amazon, Vivino, Liquor.com had no specific prices listed. Sale prices used where available. Average market price around $161 ex-tax[1]. Excludes bundles[5]."
"W.L. Weller CYPB Bourbon - 750ml","","","449.99","449.99","https://sipsy.com/products/w-l-weller-cypb-bourbon-750ml","499.99","https://whiskeycaviar.com/products/w-l-weller-c-y-p-b-bourbon-whiskey","699.99","https://cwspirits.com/products/w-l-weller-c-y-p-b-bourbon-750ml","0.0","-50.0","Prices from available retailers (not limited to Amazon, Total Wine, Vivino, Liquor.com as none listed the product); lowest and regular prices used where sales noted; Wine-Searcher avg $492-$709 excluded as aggregate."
"Uncle Nearest 1856 Premium Whiskey - 750ml","","","64.99","59","https://www.wine-searcher.com/find/uncle+nearest+1856+premium+whisky+tennessee+usa","76","https://liquorboutique.com/products/uncle-nearest-1856-premium-whiskey","95","https://whiskeycaviar.com/products/uncle-nearest-1856-premium-aged-whiskey-1884-small-batch-whiskey-set","5.99","-11.01","Prices from available sources; specific prices from requested retailers (Total Wine, Amazon, Vivino, Liquor.com) not listed in results. Wine-Searcher avg $59 ex-tax; Liquor Boutique sale $75.99; Whiskey Caviar bundle $94.99."
"The Glenlivet 18-Year-Old Single Malt Scotch Whisky - 750ml","","","144.99","144","https://sipsy.com/products/the-glenlivet-18-year-old-single-malt-scotch-whisky-750-ml","144","https://www.wine-searcher.com/find/the+glenlivet+eighteen+old+single+malt+scotch+whisky+speyside+scotland","154","https://wineanthology.com/15133-the-glenlivet-18-year-old-single-malt-scotch-whisky","0.99","0.99","Prices from search results: Wine-Searcher avg $144 ex-tax[1], Sipsy $144.99[2], Wine Anthology sale $153.99[3]. No direct prices found from Amazon, Total Wine, Vivino, or Liquor.com in results; Total Wine listed without price[7]. Prices approximate USD for 750ml."
"The Boulevardier Cocktail Pack","","","79.99","","","","","","","","","The search results do not contain pricing information from the specific retailers requested (Amazon, Total Wine, Vivino, Liquor.com). Only one result from Sipsy.com shows 'The Boulevardier Cocktail Pack' at $79.99, which is insufficient to calculate lowest, median, and highest prices across the requested retailers. A search specifically targeting those retailers would be needed to provide the requested data."
"Tenjaku Pure Malt Whiskey - 750ml","","","84.99","71.74","https://www.saratogawine.com/product/tenjaku-whisky-pure-malt-750ml/","78.95","https://elcerritoliquor.com/products/tenjaku-pure-malt-whisky-750ml","80.4","https://www.saratogawine.com/product/tenjaku-whisky-pure-malt-750ml/","13.25","6.04","Prices from available retailers (Saratoga Wine, El Cerrito Liquor, Caskers); no direct prices found from Amazon, Vivino, or Liquor.com in results. Total Wine listed but no price specified. Individual bottle prices used; case pricing excluded."
"Tenjaku Blended Whiskey - 750ml","","","47.99","32.99","https://www.totalwine.com/spirits/japanese-whisky/tenjaku-whisky/p/228625750","42.99","https://www.caskers.com/tenjaku-blended-japanese-whiskey/","51.0","https://www.wine-searcher.com/find/tenjaku+whisky+japan/1/usa","15.0","5.0","Prices collected from available search results. Amazon, Vivino, and Liquor.com were not included in search results. Data represents current pricing from online retailers including Total Wine & More, Caskers, Wine-Searcher, Liquor Express, The Liquor Barn, Holeman and Finch, El Cerrito Liquor, and The Whisky Shop."
"Templeton Rye Whiskey - 750ml","","","38.99","29.99","https://www.thebarreltap.com/collections/templeton-rye","36","https://www.wine-searcher.com/find/templeton+the+good+stuff+four+old+rye+whisky+iowa+usa","59.99","https://countrysips.com/products/templeton-rye-whisky-750ml","9.0","2.99","Prices from various online retailers including The Barrel Tap ($29.99), Wine-Searcher avg ($36), Lisa's Liquor Barn ($36.99), Caskers ($32.99), Country Sips ($59.99). Total Wine listing lacks specific price. Limited matches from specified retailers (Amazon, Vivino, Liquor.com absent)."
"Talisker Distiller's Edition Double Matured Single Malt Scotch Whisky - 750ml","","","109.99","79.99","https://www.missionliquor.com/products/talisker-distillers-edition-double-matured-amoroso-seasoned-american-oak-casks-single-malt-whisky-750ml","89.99","https://sipwhiskey.com/products/talisker-the-distillers-edition-2023-double-matured-in-amoroso-seasoned-american-oak-casks","109.99","https://sipsy.com/products/talisker-distillers-edition-double-matured-single-malt-scotch-whisky-750ml","30.0","20.0","Prices from search results for 750ml bottles; Total Wine, Amazon, Vivino, Liquor.com had no specific prices listed. Median calculated from available prices: 79.99, 89, 89.99, 99, 109.99."
"Talisker 10-Year-Old Single Malt Scotch Whisky - 750ml","","","69.99","57.99","https://chililiquor.com/spirits/scotch/talisker-10-year-single-malt-scotch-whisky-750ml","74.0","https://www.wine-searcher.com/find/talisker+ten+old+single+malt+scotch+whisky+isle+skye+island+scotland/1/usa-ca","79.99","https://kegnbottle.com/products/10-year-talisker-single-malt-scotch-750-ml","12.0","-4.01","Prices from available sources; Total Wine, Amazon, Vivino, Liquor.com did not list explicit prices in results. Used ex-tax avg $74 as median. Confirmed 750ml where specified."
"Suntory Yamazaki 12-Year-Old Whisky: 100th Anniversary Edition - 750ml","","","299.99","259.99","https://www.totalwine.com/spirits/japanese-whisky/yamazaki-japanese-whisky-12yr-100th-anniversary-edition/p/2126225723","399.99","https://www.nestorliquor.com/products/yamazaki-12-year-100th-anniversary-limited-edition","459.99","https://tastersclub.com/products/the-yamazaki-12-year-100th-anniversary","40.0","-100.0","Prices from Total Wine ($259.99)[1], Nestor Liquor/Jensen's/Whiskey Caviar/Whisky and Whiskey ($399.99)[2][3][4][5], Taster's Club ($459.99)[8], Preet Liquor ($199.99 possibly erroneous/out of stock)[9]. No prices found from Amazon, Vivino, or Liquor.com. Wine-Searcher avg $274[7]."
"Screwball Peanut Butter Whiskey Krew Pack - 8 - 50ml","","","24.99","19.99","https://www.target.com/p/skrewball-peanut-butter-whiskey-krewpack-8pk-50ml-bottles/-/A-82019849","24.99","https://sipsy.com/products/skrewball-peanut-butter-whiskey-krew-pack-8-pack-50ml","26.99","https://www.safeway.com/shop/product-details.960547036.html","5.0","0.0","Prices from retailers including Target ($19.99), 3 Brothers Liquor ($22.99), Sipsy ($24.99), Safeway ($26.99). Jewel-Osco ($2.79) appears to be per single 50ml bottle, not 8-pack. No prices found on Amazon, Vivino, Liquor.com, or Total Wine."
"Seagram's 7 Blended American Whiskey - 750ml","","","14.99","10.79","https://winetoship.com/products/seagrams-blended-american-whiskey-7-crown-750ml","11.99","https://www.totalwine.com/spirits/american-whiskey/seagrams-7/p/2872750","19.98","https://atozbev.com/products/seagrams-7-crown-blended-whiskey-750ml","4.2","3.0","Prices from search results: $10.79[3], $11.54 Walmart[6], $11.99 Total Wine[8], $12.99[5], $13.99[7], $15[1], $19.98 (discounted from $24.99)[4]. No prices found from Amazon, Vivino, or Liquor.com. Averages ~$13-14/750ml[2]. Current as of search data."
"Russell’s Reserve Bourbon 2003 16-Year Whiskey - 750ml","","","949.99","399.99","https://raretequilas.com/products/russells-reserve-2003-16-yr-barrel-proof-bourbon-750ml","1299.99","https://www.thebarreltap.com/products/russells-reserve-2003-16-year-old-bourbon-whiskey","1299.99","https://www.thebarreltap.com/products/russells-reserve-2003-16-year-old-bourbon-whiskey","550.0","-350.0","No current listings found on Amazon, Total Wine, Vivino, or Liquor.com. Prices from secondary retailers: $399.99[8], $1299.99[3]. MSRP ~$250[1][2][4]; secondary market $550-650[1]. Limited availability."
"Russell's Reserve Bourbon 13-Year Whiskey - 750ml","","","659.99","349.99","https://www.thebarreltap.com/collections/russells-reserve","365","https://www.wine-searcher.com/find/russell+rsrv+barrelproof+thirteen+old+straight+bourbon+whisky+kentucky+usa","386.99","https://www.caskers.com/russell-s-reserve-13-year-old-kentucky-straight-bourbon-whiskey/","310.0","294.99","Prices from available retailers and aggregators (The Barrel Tap, Wine-Searcher avg, Caskers); no current listings found on Amazon, Total Wine, Vivino, or Liquor.com. Total Wine page exists but no price listed. Prices reflect 750ml bottle."
"Russell's Reserve 10 Year Old Bourbon - 750ml","","","49.99","30","https://thewhiskeyramble.com/2025/06/25/russells-reserve-10-year-ll-me-scoresheet-review/","47","https://www.wine-searcher.com/find/russell+rsrv+ten+old+straight+bourbon+whisky+kentucky+usa/1/usa","62","https://flaviar.com/products/russells-reserve-10-year-old-kentucky-straight-bourbon-whiskey-750","19.99","2.99","Prices from search results (ranges approximated to points; Total Wine under $45[7], no exact prices from Amazon/Vivino/Liquor.com; ex-tax avg $47[1]; Flaviar $61.99[2]; Caskers $49.99[6]; historical ~$35-38[3]; general $30-50[5], under $50-60[4])"
"Redwood Empire Pipe Dream - 750ml","","","45.99","35.99","https://www.bourbonguy.com/blog/2023/7/11/redwood-empire-pipe-dream-bourbon","55.99","https://unwindbottleshop.com/products/redwood-empire-pipe-dream-101-bourbon-750ml","65.99","https://www.caskers.com/redwood-empire-pipe-dream-cask-strength-bourbon-whiskey/","10.0","-10.0","Prices from various retailers; Total Wine lists product but no price in snippet. Averages noted: $35 and $72 ex-tax. Variants include standard (90 proof ~$36-50), 101 proof ($56), cask strength ($66)."
"Redwood Empire Lost Monarch - 750ml","","","45.99","33.99","https://www.caskers.com/redwood-empire-lost-monarch-blended-straight-whiskey/","36","https://www.wine-searcher.com/find/redwood+empire+lost+monarch+blend+straight+whisky+sonoma+county+north+coast+california+usa","38.99","https://haskells.com/redwood-empire-lost-monarch-whiskey-750ml/","12.0","9.99","Prices from available retailers (Caskers $33.99, Wine-Searcher avg $36 ex-tax, Haskell's $38.99); no current listings found on Amazon, Total Wine, Vivino, or Liquor.com. Excludes cask strength variant ($99.99) as it differs from standard 90 proof blend."
"Redwood Empire Emerald Giant Rye - 750ml","","","45.99","29.99","https://www.binnys.com/spirits/whiskey/redwood-empire-emerald-giant-rye-whiskey-980537/","40.0","https://caskstore.com/products/redwood-empire-emerald-giant-rye-750-ml","41.99","https://www.totalwine.com/spirits/american-whiskey/rye-whiskey/redwood-empire-emerald-giant-rye-whiskey/p/184408750","16.0","5.99","Prices from search results: Binny's $29.99[8], Caskers $34.99[4], Cask Store $40[3], Total Wine $41.99[6]. No prices found from Amazon, Vivino, or Liquor.com. Median calculated from available retailer prices ($29.99, $34.99, $40, $41.99). Some results show cask strength variant or avg prices excluded."
"Redbreast Single Pot Still Lustau Edition Irish Whiskey Sherry Finish - 750ml","","","73.99","83","https://www.wine-searcher.com/find/red+breast+lustau+edition+sherry+single+pot+still+whisky+county+cork+ireland","87.99","https://www.caskers.com/redbreast-lustau-edition-single-pot-still/","90.99","https://www.haskells.com/redbreast-lustau-edition-irish-whiskey-750ml/","-9.01","-14.0","Prices from search results: Wine-Searcher avg $83 ex-tax[1], WhiskyMates $83.32[2], Caskers $87.99[7], Haskells $90.99[4]. No direct prices found from Amazon, Total Wine, Vivino, or Liquor.com in results; Total Wine link lacks explicit price[5]."
"Rebel Yell Kentucky Straight Bourbon Whiskey - 750ml","","","17.99","21.96","https://winepalacemi.com/products/rebel-yell-bourbon-kentucky-100pf-750-ml","35.99","https://winetoship.com/products/rebel-yell-100-kentucky-straight-bourbon-whiskey-750-ml","49.99","https://www.marketviewliquor.com/product/rebel-yell-cask-strength-single-barrel-kentucky-straight-bourbon-whiskey-750-ml","-3.97","-18.0","Prices from various retailers for 750ml bottles matching or closely resembling 'Rebel Yell Kentucky Straight Bourbon Whiskey'. No direct prices found from Amazon, Vivino, or Liquor.com in results. Some listings may be variants (e.g., cask strength for highest); Total Wine review implies under $20 but no exact price[10]."
"Proper Twelve Irish Whiskey - 750ml","","","29.99","18.0","https://flaviar.com/products/proper-no-twelve-irish-whiskey-750","28.99","https://applejack.com/Proper-Twelve-Irish-Whiskey-750-ml","34.99","https://kosherwinedirect.com/products/proper-twelve-irish-whiskey-750ml","11.99","1.0","Prices from search results (ex-tax where noted); none directly from Amazon, Total Wine, Vivino, or Liquor.com. Sorted from available 750ml listings: $18 (Flaviar), $26.99 (Liquor Cave), $28.99 (multiple), $34.99 (multiple)."
"Parker's Heritage Wheat Whisky Aged 11 Years - 750ml","","","1399.99","634","https://www.wine-searcher.com/find/parker+heritage+collection+eleven+t+h+edition+old+single+barrel+straight+bourbon+whisky+kentucky+usa/1/usa-ma","899","https://bestbuyliquors.com/parkers-heritage-11yr-collection-bourbon","1299","https://qualityliquorstore.com/products/parkers-heritage-11-year-old-wheat-whiskey","765.99","500.99","Prices from various online retailers; Wine-Searcher avg ex-tax. No direct prices found from Amazon, Total Wine, Vivino, or Liquor.com. Some results may refer to slightly varying editions (e.g., bourbon vs wheat, 11th vs 15th collection)."
"Parker's Heritage Collection 16th Edition Double Barrel Blend - 750ml","","","695.99","174.99","https://blog.kysupplyco.com/parkers-heritage-16th-edition-double-barreled-blend-bourbon-release-price-review-proof/","846.99","https://www.caskers.com/parker-s-heritage-collection-16th-edition-double-barreled-blend-kentucky-straight-burbon-whiskey/","998.99","https://www.oakandbarrelnyc.com/product/parkers-heritage-16th-edition-double-barreled-blend-bourbon-whiskey-750ml/","521.0","-151.0","Prices from secondary market retailers; MSRP $174.99[1][4]. No current listings found on Amazon, Total Wine, Vivino, or Liquor.com. Retailer prices: Oak & Barrel $998.99[2], Liquorexpress $973.88[3], Caskers $846.99[7], Keg N Bottle $799.99[5]. Median calculated from available online retailer prices excluding MSRP."
"Parker's Heritage Bourbon Finished in Orange Curaçao Barrels - 750ml","","","659.99","449.99","https://www.hitimewine.net/parkers-heritage-12th-edition-55-750ml-7yr-bourbon-finished-four-months-in-orange-curacao-barrels-114453","599.99","https://canawineco.com/products/2018-parkers-heritage-collection-12th-edition-orange-curacao-barrel-finished-bourbon-whiskey-750ml","999.99","https://www.grandwinecellar.com/products/parkers-heritage-barrel-finished-in-orange-curacao-barrels","210.0","60.0","Prices from available retailers (not limited to Amazon, Total Wine, Vivino, Liquor.com as none listed the product); lowest reflects sale price at Hi-Time Wine[2], median averaged from available listings[5], highest at Grand Wine Cellar[7]. No prices found on specified sites."
"Pappy Van Winkle's 20-Year Family Reserve - 750ml","","","2199.99","1999.99","https://bestbuyliquors.com/pappy-van-winkles-20yr","2599.99","https://whiskeycaviar.com/products/pappy-van-winkles-20-year-family-reserve","4500","https://www.wine-searcher.com/find/old+rip+van+winkel+pappy+fmly+rsrv+20+straight+bourbon+whisky+kentucky+usa","200.0","-400.0","Prices from available retailers; Total Wine, Amazon, Vivino, and Liquor.com had no listed prices in results. Lowest from Best Buy Liquors, median approximated from sale prices around $2600, highest avg ex-tax from Wine-Searcher. Some items on sale or backordered."
"Orphan Barrel Muckety Muck 25-Year-Old Single Grain Scotch Whisky - 750ml","","","269.99","249.99","https://theliquorbros.com/products/orphan-barrel-muckety-muck-25-year-scotch-whiskey","299.99","https://kegnbottle.com/products/muckety-muck-single-grain-scotch-whiskey-25-years-750-ml","346.99","https://lostnliquor.com/products/orphan-barrel-muckety-muck-25-year-single-grain-scotch-whisky","20.0","-30.0","Prices collected from available online retailers in search results. Amazon, Vivino, and Liquor.com were not included in search results. Only U.S. retailers with clear pricing were used. Price from Wine-Searcher (€265/$280 ex-tax) excluded due to tax exemption notation and currency conversion uncertainty."
"Orphan Barrel Muckety Muck 24-Year-Old Single-Grain Scotch Whisky - 750ml","","","269.99","219.99","https://theliquorstore.com/products/orphan-barrel-muckety-muck-single-grain-whiskey-24-year-750ml","269.99","https://www.oaksliquors.com/p/orphan-barrel-muckety-muck-24-year-old-single-grain-scotch-whisky","587.99","https://craftshack.com/products/copy-of-orphan-barrel-muckety-muck-single-grain-scotch-whisky-24-years","50.0","0.0","Prices from available retailers: $219.99 (theliquorstore.com)[8], $248.97 (flaskfinewines.com)[3], $269.99 (oaksliquors.com, discontinued)[4], $299.99 (sipwhiskey.com)[2], $587.99 (craftshack.com)[5]. No prices found on Amazon, Vivino, or Liquor.com. Total Wine lists product but no price[9]. Avg ex-tax $290 (wine-searcher.com)[1]."
"Orphan Barrel Muckety Muck 14-Year-Old Fable & Folly - 750ml","","","199.99","149.99","https://www.totalwine.com/spirits/american-whiskey/orphan-barrel-fable-folly-14-year-american-whiskey/p/244927750","199.99","https://theliquorstore.com/products/orphan-barrel-fable-folly-14-year-old-whiskey-750ml","349.99","https://www.nestorliquor.com/collections/orphan-barrel-co","50.0","0.0","Prices from Total Wine ($149.99)[3], theliquorstore ($199.99)[1], A1 Liquor ($189.99)[5], Caskers ($218.99)[8], rocwine ($239.99)[10], nestorliquor ($349.99)[6]. No prices found on Amazon, Vivino, or Liquor.com. Median calculated from available prices: 149.99, 189.99, 199.99, 218.99, 239.99, 349.99. Note: Product is Orphan Barrel Fable & Folly 14-Year, not Muckety Muck (which is 25yr)[6]. Prices may vary by location/availability; nestorliquor listed as sold out[6]."
"Orphan Barrel Copper Tongue 16-Year-Old Cask Strength Straight Bourbon Whisky - 750ml","","","249.99","249.99","https://sipsy.com/products/orphan-barrel-copper-tongue-16-year-old-cask-strength-straight-bourbon-whisky-750ml","299.99","https://liquorstars.com/products/orphan-barrel-copper-tongue-aged-16-years-cask-strength-bourbon-whiskey","699.99","https://qualityliquorstore.com/products/copper-tongue-16-year-cask-strength-bourbon-750ml","0.0","-50.0","Prices from available retailers (Sipsy, Quality Liquor Store, Liquor Stars); no current listings found on Amazon, Total Wine, Vivino, or Liquor.com. MSRP was $100 in 2021. Average ex-tax price $320."
"On the Rocks Old Fashioned, - 375ml","","","13.99","7.99","https://www.haggen.com/shop/product-details.960488478.html","14.39","https://bottlestork.com/products/on-the-rocks-old-fashioned-375ml","15.99","https://www.haggen.com/shop/product-details.960488478.html","6.0","-0.4","Prices from Haggen ($7.99 sale, $15.99 original), BottleStork ($14.39). No prices found from Amazon, Total Wine, Vivino, or Liquor.com. Walmart lists 84.5¢/fl oz (~$10.20 for 375ml) but not confirmed total. Other sites lack explicit prices."
"Old Forester 1897 Bottled in Bond - 750ml","","","64.99","49.46","https://specsonline.com/shop/spirits/old-forester-1897-6-case/","55","https://www.wine-searcher.com/find/old+forester+1897+bottled+bond+straight+bourbon+whisky+kentucky+usa","60.99","https://mensjournalspirits.com/products/old-forester-1897-bottled-in-bond-750-ml","15.53","9.99","Prices from Spec's ($49.46), Flaviar ($49.99-$52.99), Wine-Searcher avg ($54-$55 ex-tax), Spirits Network ($56.72), Men's Journal ($60.99). No direct prices found from Amazon, Total Wine, Vivino, or Liquor.com in results; ex-tax prices excluded from extremes."
"Old Forester 1870 Original Batch - 750ml","","","54.99","43.99","https://flaviar.com/products/old-forester-1870-original-batch-750","47.99","https://kegnbottle.com/products/old-forester-1870-original-batch-bourbon-750-ml","55.99","https://cwspirits.com/products/old-forester-original-batch-750-ml","11.0","7.0","Prices from search results (Flaviar $43.99-$45.99, Keg N Bottle $47.99, CW Spirits $55.99); no prices found on Amazon, Total Wine, Vivino, or Liquor.com in results. Sorted from available retailer prices."
"Old Fitzgerald Bottled-In-Bond 9-Year Bourbon - 750ml","","","239.99","299.99","https://prizefighterbottleshop.com/products/old-fitzgerald-9-year-bottled-in-bond-bourbon-spring-2025","329.99","https://raretequilas.com/products/old-fitzgerald-bottled-in-bond-9-year-bourbon-whiskey-2025-spring-release","380.99","https://www.caskers.com/old-fitzgerald-9-year-old-bottled-in-bond-straight-bourbon-whiskey/","-60.0","-90.0","Prices from secondary market retailers for Spring 2025 release (750ml assumed). No current listings found on Amazon, Total Wine, Vivino, or Liquor.com. Avg ex-tax price ~$483-485 per Wine-Searcher.[1][2]"
"Old Charter French Oak Kentucky Straight Bourbon Whiskey (2021 Release) - 750ml","","","299.99","53.77","https://www.tippleandluxe.com/product/old-charter-french-oak-kentucky-straight-bourbon-whiskey-2021-release-750-ml/","299.99","https://sipsy.com/products/old-charter-french-oak-kentucky-straight-bourbon-whiskey-2021-release-750ml","479.0","https://flaviar.com/collections/old-charter","246.22","0.0","Prices from matching 2021 French Oak release listings; median calculated from available specific matches (53.77, 299.99, 479.00). No exact matches found on Amazon, Total Wine, Vivino, or Liquor.com; other results are regular Old Charter variants."
"Oban Distillers’ Edition Single Malt Scotch Whisky - 750ml","","","179.99","99.99","https://kegnbottle.com/products/oban-distillers-edition-double-matured-single-malt-scotch-whisky-750-ml","129.96","https://astorwines.com/item/45471","179.99","https://cwspirits.com/products/oban-distiller-edition","80.0","50.03","Prices from search results; no direct matches from Amazon, Vivino, or Liquor.com. Total Wine [9] lists product but no price in snippet. Average $261 noted on Wine-Searcher [2] but not used for extrema."
"Oban 18 Year Old Single Malt Scotch Whisky - 750ml","","","179.99","162.14","https://www.reservebar.com/collections/oban","179.99","https://cwspirits.com/collections/oban-single-malt","499.99","https://rancholiquoronline.com/products/oban-18-years-single-malt-scotch-whisky-limited-edition-750ml","17.85","0.0","Prices from search results; lowest and median from general retailers (ReserveBar, CWS), highest from limited edition (Rancho Liquor). Specified retailers (Amazon, Total Wine, Vivino, Liquor.com) not in results. Minibar prices: $179.99-$209.95."
"Oban 10 Year Old Coastal Orchard Single Malt Scotch Whisky - 750ml","","","109.99","33.47","https://parkbeverage.com/shop/product/oban-coastal-orchard-year-old-special-release/66f4b912f36cb14e4f7cdafa?option-id=9991fc1a49965c83013c5914108734520b2e27d915be4e0fe7b760ecef67aef2","132","https://www.wine-searcher.com/find/oban+spc+natural+cask+strength+ten+old+single+malt+scotch+whisky+highlands+scotland/2024","131.99","https://www.caskers.com/oban-coastal-orchard-10-year-old-special-release-2024-single-malt-scotch-whisky/","76.52","-22.01","Prices from search results; Total Wine, Amazon, Vivino, Liquor.com had no specific prices listed. Lowest may be introductory or require address. Average ex-tax ~$132[1]."
"Nikka Coffey Grain Whisky - 750ml","","","69.99","58.99","https://www.hiproof.com/products/nikka-coffey-grain-japanese-whisky","68","https://www.wine-searcher.com/find/nikka+coffee+grain+whisky+japan","76.99","https://kegnbottle.com/products/nikka-coffey-grain-whisky-750-ml","11.0","1.99","Prices from available retailers (HiProof $58.99 sale, Caskers $58.99, Wine-Searcher avg $68/$77 ex-tax, Keg N Bottle $76.99). Total Wine, Amazon, Vivino, Liquor.com lacked explicit prices in results."
"Nelson's Green Brier Tennessee Sour Mash Whiskey - 750ml","","","49.99","24.99","https://flaviar.com/products/nelsons-green-brier-tennessee-whiskey-750","29.99","https://kegnbottle.com/products/nelsons-green-brier-tennessee-sour-mash-whiskey-750-ml","33","https://www.wine-searcher.com/find/nelson+green+briar+hand+made+sour+mash+whisky+tennessee+usa","25.0","20.0","Prices from available retailers (Keg N Bottle $29.99[3], Binny's $29.99[5], Sunset Liquor $34.99[7], Flaviar $24.99 member/$32.99[6], Wine-Searcher avg $33 ex-tax[1]). No prices found on Amazon, Vivino, or Liquor.com. Total Wine listed without price[9]. Lowest uses member price."
"Monkey Shoulder Blended Malt Scotch Whisky - 750ml","","","38.99","22.99","https://www.remedyliquor.com/products/monkey-shoulder-blended-scotch-whisky-750ml","33","https://www.wine-searcher.com/find/monkey+shoulder+the+original+batch+27+blend+malt+scotch+whisky+speyside+scotland","38.49","https://www.marketviewliquor.com/product/spirit/monkey-shoulder-blended-malt-scotch-whisky-750ml","16.0","5.99","Prices from search results: Remedy Liquor $22.99[4], ABCFWS $32.99[7], Wine-Searcher avg $33/34[1], Wine Anthology $35.99[2], Marketview $38.49[3]. No prices found from Amazon, Vivino, or Liquor.com; Total Wine [8] lacks specific price."
"Michter's Sour Mash Whiskey - 750ml","","","52.99","36.99","https://www.thebarreltap.com/products/michter-s-us-1-sour-mash-whiskey-750ml","49.99","https://www.binnys.com/spirits/whiskey/michters-us-small-batch-sour-mash-whiskey-194813/","52","https://www.wine-searcher.com/find/michter+us+one+small+batch+sour+mash+whisky+usa","16.0","3.0","Prices from search results (ex-tax where noted); no current listings found from Amazon, Vivino, or Liquor.com. Toasted Barrel variant excluded as distinct product."
"Michter’s American Whiskey - 750ml","","","49.99","32.99","https://theliquorbros.com/collections/michters-whiskey","40.99","https://mensjournalspirits.com/products/michters-us-1-american-whiskey-750-ml","46.99","https://theliquorbros.com/collections/michters-whiskey","17.0","9.0","Prices from CraftShack ($39.99), Men's Journal Spirits ($40.99), Liquor Bros ($32.99-$46.99), Total Wine (price not listed in snippet). No direct prices found from Amazon, Vivino, or Liquor.com. Average ex-tax ~$47 per Wine-Searcher[1]."
"Michter's 10-Year Single Barrel Bourbon - 750ml","","","399.99","279.99","https://primavini.com/michters-10-year-single-barrel-straight-bourbon-whiskey/","449.99","https://kegnbottle.com/products/michters-single-barrel-10-year-old-bourbon-750-ml","749.99","https://whiskyandwhiskey.com/products/michters-single-barrel-10-year-old-bourbon-750ml","120.0","-50.0","Prices from various online retailers; Total Wine lists product but no price in snippet. Amazon, Vivino, Liquor.com not found in results. Average ex-tax ~$401[1]."
"Maker's Mark Wood Finishing Series Limited Release BRT-02 - 750ml","","","129.99","120.09","https://www.thebottleshoppe.com/product/maker-s-mark-wood-finishing-series-brt-02-2022-bourbon-whiskey-750ml/NCRME5HY5MPFKZFNLF5Z7PHF","139.99","https://www.liquoronbroadway.com/products/makers-mark-wood-finishing-series-brt-02-2022-release","199.99","https://liquorfreight.com/products/makers-mark-wood-finishing-series-limited-release-2022-brt-02-straight-bourbon-whiskey-750ml","9.9","-10.0","Prices from various online retailers; none directly from specified sites (Amazon, Total Wine, Vivino, Liquor.com). Lowest and median rounded from available listings[5][3]; highest exact[4]. Prices exclude tax/shipping."
"Maker's Mark Wood Finishing Series Limited Release BRT-01 - 750ml","","","129.99","120.09","https://www.thebottleshoppe.com/product/maker-s-mark-wood-finishing-series-brt-01-2022-bourbon-whiskey-750ml/25E7VH5HKTWRQDGPMTDLLWDR","149.99","https://balboastaphouse.com/products/makers-mark-wood-finishing-series-2022-limited-release-brt-01","259.99","https://canawineco.com/collections/makers-mark/products/2022-makers-mark-brt-01-wood-finishing-series-limited-release-kentucky-straight-bourbon-whisky-750ml","9.9","-20.0","Prices from various online retailers; none directly from specified sites (Amazon, Total Wine, Vivino, Liquor.com). Walmart listing lacks clear price. Average ex-tax $159[1]."
"Macallan Rare Cask Black - 750ml","","","899.99","290","https://compare.thewhiskeywash.com/prices/united-states-of-america/the-macallan-rare-cask-price","310","https://compare.thewhiskeywash.com/prices/united-states-of-america/the-macallan-rare-cask-price","330","https://compare.thewhiskeywash.com/prices/united-states-of-america/the-macallan-rare-cask-price","609.99","589.99","Prices from comparison site (Mission Liquor $290, Wooden Cork $310, Liquor Barn $330); no current listings found on Amazon, Total Wine, Vivino, or Liquor.com. Total Wine page lacks price. Variant is Rare Cask (standard), not explicitly 'Black' in all sources, though [3] confirms Black at $577 for 700ml."
"Macallan Rare Cask 2022 - 750ml","","","359.99","289.99","https://www.a1liquor.com/macallan-2022-rare-cask-750ml/","362.99","https://unwindbottleshop.com/products/macallan-scotch-whiskey-rare-cask-750ml","398","https://www.wine-searcher.com/find/the+macallan+rare+cask+single+malt+scotch+whisky+speyside+highlands+scotland/2022","70.0","-3.0","Prices from available retailers and aggregators; no listings found on Amazon, Total Wine, Vivino, or Liquor.com. Lowest and median from direct retailers, highest from 2022-specific average ex-tax on Wine-Searcher. $52.99 on Flaviar appears erroneous."
"The Macallan Harmony Collection Intense Arabica Scotch Whisky - 750ml","","","189.99","178.99","https://www.caskers.com/the-macallan-harmony-collection-inspired-by-intense-arabica-single-malt-scotch-whisky/","226","https://www.wine-searcher.com/find/the+macallan+harmony+collection+intense+arabica+single+malt+scotch+whisky+highlands+speyside+scotland","256.5","https://cwspirits.com/products/the-macallan-the-harmony-collection-intense-arabica-750ml","11.0","-36.01","Prices from various online retailers; none directly from Amazon, Total Wine, Vivino, or Liquor.com in results. Lowest from Caskers, avg/median from Wine-Searcher, highest sale from CW Spirits. Some items unavailable or on sale."
"Macallan 18-Year-Old Sherry Oak Cask Single Malt Scotch Whisky - 750ml","","","499.99","349.89","https://bestbuyliquors.com/macallan-18yr","580","https://www.wine-searcher.com/find/the+macallan+eighteen+old+sherry+oak+single+malt+scotch+whisky+speyside+highlands+scotland","1266","https://www.wine-searcher.com/find/the+macallan+eighteen+old+sherry+oak+single+malt+scotch+whisky+speyside+highlands+scotland/1/usa-in-y","150.1","-80.01","Prices from search results; Total Wine [9] lacks specific price. Lowest from Best Buy Liquors, avg ex-tax from Wine-Searcher US [3][7]. Other retailers like Amazon, Vivino, Liquor.com not in results. $86.90 [4] likely 12yr error."
"Lagavulin Distillers Edition 15-Year-Old Islay Single Malt Scotch Whisky - 750ml","","","159.99","111.99","https://www.caskers.com/lagavulin-distillers-edition-single-malt-scotch-whisky/","141","https://www.wine-searcher.com/find/lagavulin+the+distil+edition+double+single+malt+scotch+whisky+islay+scotland/1/usa","159.99","https://sipsy.com/products/lagavulin-distillers-edition-15-year-islay-single-malt-scotch-whisky-750ml","48.0","18.99","Prices from available retailers (no direct matches from Amazon, Total Wine, Vivino, or Liquor.com); Wine-Searcher avg $141-$147 ex-tax; Caskers $111.99; Sipsy $159.99. Club prices excluded."
"Knob Creek Bourbon & Rye Whiskey - 750ml","","","44.99","43","https://www.wine-searcher.com/find/knob+creek+bourbon+x+rye+blend+straight+whisky+kentucky+usa/1/usa-co","45","https://www.breakingbourbon.com/review/knob-creek-bourbon-x-rye","62.99","https://shopwinedirect.com/knob-creek-bourbon-x-rye-blended-straight-whiskeys-750ml.html","1.99","-0.01","Prices from search results (MSRP ~$45, Total Wine $48.99); no direct prices from Amazon, Vivino, or Liquor.com. Lowest and median are averages/ex-tax from Wine-Searcher; highest is listed MSRP from retailer."
"Knob Creek Bourbon 18-Year 100 Proof - 750ml","","","349.99","380.0","https://cwspirits.com/products/knob-creek-18-year-750ml","399.95","https://winechateau.com/products/knob-creek-18-year-old-bourbon","349.99","https://sipsy.com/products/knob-creek-bourbon-18yr-100-proof-750ml","-30.01","-49.96","Prices from online retailers (not limited to specified sites): Country Wine & Spirits ($380 sale), Wine Chateau ($399.95 sale), Sipsy ($349.99). No current listings found on Amazon, Total Wine, Vivino, or Liquor.com. Secondary prices may be higher; MSRP ~$170."
"Kikori Blended Whiskey - 750ml","","","55.99","43.99","https://www.marketviewliquor.com/product/kikori-japanese-whiskey-750ml","47.99","https://kegnbottle.com/products/kikori-the-woodsman-japanese-whiskey-750ml","55.99","https://sipsy.com/products/kikori-blended-whiskey-750-ml","12.0","8.0","Prices from various online retailers; no prices found on Amazon, Total Wine, Vivino, or Liquor.com in search results. Average ex-tax price $47[3]. Total Wine lists product but no price[9]."
"Kettle Brand Potato Chips Bourbon BBQ 8.5oz","","","5.99","","","","","","","","","No prices found for 'Kettle Brand Potato Chips Bourbon BBQ 8.5oz' on Amazon, Total Wine, Vivino, or Liquor.com in the search results. Results contain unrelated products and catalogs."
"Kentucky Owl Takumi Edition - 750ml","","","199.99","69.99","https://www.liquorcave.com/products/kentucky-owl-takumi-edition","119.99","https://kegnbottle.com/products/kentucky-owl-takumi-edition-bourbon-whiskey-750ml","229","https://www.missionliquor.com/products/kentucky-owl-bourbon-whiskey-takumi-edition-limited-release-750ml","130.0","80.0","Prices from various retailers; Total Wine, Amazon, Vivino, Liquor.com had no specific prices in results. Mission Liquor lists $229 but user comment notes $79 at Costco. Wine-Searcher avg $131."
"Kentucky Owl Mardi Gras XO Cask Limited Edition 11-Year-Old Rye Whiskey - 750ml","","","499.99","399","https://flaskfinewines.com/products/kentucky-owl-bayou-mardi-gras-xo-casks-11-year","499","https://fortunaliquors.com/products/kentucky-owl-mardi-gras-xo-cask-limited-edition-11-year-old-straight-rye-whiskey-kentucky-united-states-750ml","499","https://3brothersliquor.com/products/kentucky-owl-aged-11-years-rye-whiskey-bayou-mardi-gras-xo-casks","100.99","0.99","Prices from various retailers: $399 (sale at Flask Fine Wines)[4], $379.99 (Remedy Liquor, outlier possibly)[6], multiple at $499.99[3][5]. No prices found on Amazon, Total Wine, Vivino, or Liquor.com. General range $300-750[1][2]. Median based on $399, $499 (x3)."
"Jura Seven Wood Single Malt - 750ml","","","89.99","73.99","https://www.caskers.com/isle-of-jura-seven-wood-single-malt-scotch-whisky/","79.99","https://theliquorbarn.com/collections/vendors?q=Jura","89.0","https://spiritedgifts.com/jura-7wood-single-malt","16.0","10.0","Prices from Caskers ($73.99), Liquor Barn ($79.99), Spirited Gifts ($89, struck to $79). No prices found on Amazon, Total Wine, Vivino, or Liquor.com in results. Sorted from available specific prices for 750ml."
"Jura 18-Year-Old Single Malt Scotch Whisky - 750ml","","","139.99","60.0","https://www.liquorandwineoutlets.com/product-detail/2712-Jura-18-Year-Single-Malt-Scotch-Whiskey","99.99","https://liquorama.com/jura-18-year-old-single-malt-scotch-750ml.html","94.99","https://winebarrica.com/products/jura-18-year-old-single-malt-scotch-whisky-750ml","79.99","40.0","Prices from available retailers; Total Wine, Amazon, Vivino, Liquor.com had no specific prices in results. Sorted from explicit sale prices: $60 (NH Liquor), $93.99 (Caskers), $94.99 (Wine Barrica), $99.99 (Liquorama). Median is average of 2nd/3rd."
"Josh Bourbon Barrel-Aged Cabernet Sauvignon - 750ml","","","22.99","16.89","bestbuyliquors.com","20.0","wine-searcher.com","28.99","wineanthology.com","6.1","2.99","Search results do not include pricing from Amazon, Vivino, or Liquor.com as requested. Prices are from available retailers in search results only. Highest price shown is regular price before sale discount ($18.99). Prices may vary by vintage and retailer availability."
"Johnnie Walker Red Label - 750ml","","","19.99","18","https://compare.thewhiskeywash.com/prices/united-states-of-america/johnnie-walker-red-label-price","25","https://www.wine-searcher.com/find/johnny+walker+redlabel+blend+scotch+whisky+scotland/1/usa/with+lovely+complexity","33","https://www.thewinestop.com/blog/johnnie-walker-whisky-price-guide/","1.99","-5.01","Prices from general retailers; no current listings found directly from Amazon, Total Wine, Vivino, or Liquor.com in results. Total Wine result lacks price. Lowest from Hi Proof, median reflects avg/ex-tax and common price point."
"Johnnie Walker Red Label - 1.75L","","","39.99","25.97","https://www.samsclub.com/p/johnnie-walker-red-label-1-75-liter/prod7670055?xid=plp_product_1_164&bvstate=pg%3A5%2Fct%3Ar","32.99","https://www.target.com/p/johnnie-walker-red-label-scotch-whisky-1-75l-bottle/-/A-48332960","32.99","https://buyritefairview.com/shop/product/johnnie-walker-red-label-scotch/643f2bbdeee25e375b1be2a4?option-id=d590d4fe7b77dce22db97d8801b4a4a34146b7d462fe1c4fe464f314e47348ab","14.02","7.0","Prices from Sam's Club ($25.97), Buy-Rite ($32.99 club), and Target ($32.99). No prices found from specified retailers (Amazon, Total Wine, Vivino, Liquor.com). Data from 2023 guide not specific to 1.75L."
"Johnnie Walker Gold 18-Year-Old Blended Scotch Whisky - 750ml","","","109.99","64.99","https://www.bottleking.com/shop/product/johnnie-walker-gold-label-18-year-blended-scotch/59cbf07f2c4a9156d5f4d031?option-id=f186b73ade38cb41756ea4aea952cc7aa51e1fc45fcfcaba342c98061e51dd96","89.99","https://www.saratogawine.com/product/johnnie-walker-gold-label-18-year-scotch-750ml/","109.99","https://sipsy.com/products/johnnie-walker-gold-18-year-blended-scotch-whiskey-750-ml","45.0","20.0","Prices from available retailers (Saratoga Wine, Bottle King, Sipsy); specified sites (Amazon, Total Wine, Vivino, Liquor.com) had no matching listings. Other prices seen: $87.53, $199.94 (sale from $214.94, possibly different variant)."
"Johnnie Walker Double Black Blended Scotch Whisky - 750ml","","","44.99","32","https://www.missionliquor.com/products/johnnie-walker-double-black-750ml-1","41.57","https://www.walmart.com/ip/Johnnie-Walker-Double-Black-Label-Blended-Scotch-Whisky-750-mL-40-ABV/159113019","49.99","https://www.oakandbarrelnyc.com/product/johnnie-walker-double-black-750ml/","12.99","3.42","Prices from search results: Mission Liquor $32[1][6], Walmart $41.57[2], Oak and Barrel $49.99[3]. Total Wine listing found but no price in snippet[8]; no prices from Amazon, Vivino, or Liquor.com in results."
"Johnnie Walker Blue Label Elusive Umami Limited Edition - 750ml","","","499.99","399.99","https://www.binnys.com/spirits/scotch/johnnie-walker-blue-label-elusive-umami-limited-edition-148748/","442","https://www.wine-searcher.com/find/johnny+walker+blue+elusive+umani+blend+scotch+whisky+scotland/1/usa","599.99","https://caskcartel.com/products/johnnie-walker-blue-label-elusive-umami-limited-release-kei-kobayashi-scotch-whisky","100.0","57.99","Prices from Sipsy ($499.99)[1], Wine-Searcher avg $442 ex-tax[2], Cask Cartel $599.99 unavailable[3], Keg N Bottle $399.99[5], Binny's $399.99[6]. No prices found on Amazon, Total Wine, Vivino, or Liquor.com in results."
"Johnnie Walker Blue Label Blended Scotch Whisky Limited Edition Year of the Rabbit - 750ml","","","269.99","220.99","https://flaviar.com/products/johnnie-walker-blue-label-year-of-the-rabbit-blended-scotch-whisky-750","239","https://dewinespot.co/products/johnnie-walker-blue-label-year-of-rabbit-scotch-whisky","284.99","https://www.caskers.com/johnnie-walker-blue-label-year-of-the-rabbit-blended-scotch-whisky/","49.0","30.99","Prices from search results: Flaviar $220.99[3], NapaCabs $229.95[2], DewineSpot $239 (or $249)[6], VS Liquor $279.99[5], Caskers $284.99[8]. No specific prices found for Amazon, Vivino, Liquor.com, or Total Wine[9]. Average ex-tax $267[1]. Median calculated from available explicit prices."
"Johnnie Walker Black Label Blended Scotch Whisky - Squid Game Limited Edition - 3-Pack","","","64.99","87.99","https://liquorfreight.com/products/johnnie-walker-x-squid-games-limited-edition-black-label-750ml-x-3","116.97","https://vintagewineandspirits.com/products/johnnie-walker-black-label-x-squid-games-edition-3-bottle-bundle","116.97","https://vintagewineandspirits.com/products/johnnie-walker-black-label-x-squid-games-edition-3-bottle-bundle","-23.0","-51.98","No listings found on Amazon, Total Wine, Vivino, or Liquor.com. Prices from other retailers for 3-packs where specified: $87.99[2], $116.97[7]. Single bottles range $23.99-$46.99 but excluded. Some 3-packs lack explicit prices[5][6]."
"Johnnie Walker Black Label Blended Scotch Whisky 12 Year Old - 750ml","","","32.99","22.99","https://shopsk.com/products/johnnie-walker-black-label-whisky","28.99","https://www.caskers.com/johnnie-walker-black-label-12-year-old-blended-scotch-whisky/","34.99","https://whiskyshopusa.com/johnnie-walker-black-label-12-year-old/","10.0","4.0","Prices from available 750ml listings (Total Wine: $26.99[7]; ShopSK: $22.99[5]; Caskers: $28.99[9]; Whisky Shop USA: $34.99[8]). No current prices found from Amazon, Vivino, or Liquor.com in results. Lavinotheque $39.94 likely ex-tax or bulk[1]. Date: 2026-03-31."
"Jim Beam Fire Cinnamon Bourbon Whiskey - 1.75L","","","17.99","14.45","https://www.walmart.com/ip/Fireball-Cinnamon-Whiskey-1-75L-Glass-Bottle-33-Alcohol/116083648","20","https://shopvalleywine.com/pages/jim-beam-kentucky-fire-bourbon-whiskey","25","https://thirstystogo.com/product/fireball-hot-cinnamon-blended-whisky/","3.54","-2.01","Prices from search results; Walmart lists Fireball (similar cinnamon whiskey) at $14.45 for 1.75L. Exact Jim Beam Fire 1.75L pricing scarce on specified retailers (Amazon, Total Wine, Vivino, Liquor.com); range estimated from general 750ml ($15-25) doubled and proximate listings. Total Wine shows Jim Beam 1.75L regular at ~$20 inferred."
"Jefferson's Very Small Batch Bourbon Whiskey - 750ml","","","44.99","31.99","https://www.lisasliquorbarn.com/spirits/bourbon/jeffersons-bourbon-750ml","38.99","https://tastersclub.com/products/jeffersons-reserve-very-old-very-small-batch-kentucky-straight-bourbon-whiskey","42.99","https://kegnbottle.com/products/jeffersons-very-small-batch-750-ml","13.0","6.0","Prices from available retailers (Lisa's Liquor Barn, Taster's Club, Keg N Bottle); no current listings found from specified retailers Amazon, Total Wine, Vivino, or Liquor.com. Average ex-tax price $35[2]. Higher prices in results refer to Jefferson's Reserve variants."
"Jefferson’s Reserve Bourbon Whiskey - 750ml","","","59.99","45.49","https://www.totalwine.com/spirits/bourbon/small-batch-bourbon/jeffersons-reserve-bourbon/p/36695750","60","https://www.wine-searcher.com/find/jefferson+rsrv+very+old+small+batch+straight+bourbon+whisky+kentucky+usa/1/usa-ny","78","https://www.wine-searcher.com/find/jefferson+rsrv+very+old+small+batch+straight+bourbon+whisky+kentucky+usa/1/netherlands","14.5","-0.01","Prices from Total Wine ($45.49), Wine-Searcher avg NY ($60), Wine-Searcher avg NL ($78). No prices found from Amazon, Vivino, or Liquor.com in results. ReserveBar lists higher-priced variants, not standard Jefferson’s Reserve. The Barrel Tap shows $49.99 but not specified retailer match."
"Jameson Orange Irish Whiskey - 750ml","","","31.99","24.99","https://shopsk.com/collections/jameson","30.59","https://winetoship.com/products/jameson-orange-irish-whiskey-750ml","42.99","https://whiskyandwhiskey.com/products/jameson-orange-irish-whiskey-750ml","7.0","1.4","Prices from search results; none directly from Amazon, Vivino, or Liquor.com. Total Wine [9] lacks specific price. ShopSK shows $24.99 (discounted from $29.99)[8]. Avg ex-tax $28[1]."
"Jameson Ginger and Lime Cocktail - 4-Pack 12oz","","","14.99","10.99","marketviewliquor.com","13.57","specsonline.com","19.99","abcfws.com","4.0","1.42","Search results do not include pricing from Amazon, Vivino, or Liquor.com as requested. Prices are from available retailers in search results (Marketview Liquor, Spec's, ABC Fine Wine & Spirits, Chambers Wine & Liquor, Sipsy, and Bottles and Cases). Prices may vary by location and availability. Some listings show product as 'Sold out' or may have regional restrictions."
"Jack Daniel's Tennessee Whiskey - 1.75L","","","43.99","30.53","https://app.warehouserunner.com/costco/27565-jack-daniel-s-whiskey-tennessee-1-75l","39.99","https://haskells.com/jack-daniels-1-75l/","52.0","https://dutyfreeamericas.com/brand/jack-daniel-s","13.46","4.0","Prices from Costco ($30.53), Walmart/Haskell's (~$39.99), Duty Free ($52); no direct prices from Amazon, Total Wine, Vivino, or Liquor.com in results. Costco via aggregator."
"Jack Daniel’s Tennessee Honey Tennessee Whiskey - 750ml","","","22.99","17.99","https://www.totalwine.com/spirits/american-whiskey/tennessee-whiskey/jack-daniels-tennessee-honey/p/115676750","24.95","https://www.searchagora.com/product/jack-daniels-tennessee-honey-750ml-5c62a9ee-3ba9-41bc-8f66-0cf890577a80-1746601710109","29.99","https://onlineliquor.com/products/jack_daniels_tennessee_honey_whiskey_750ml","5.0","-1.96","Prices from Total Wine ($17.99), Mission Liquor ($18), Liquorama ($22), OnlineLiquor sale ($22.99)/regular ($29.99), Keg N Bottle ($25.99), Wooden Cork ($25), SearchAgora typical ($24.95, range $18.71-$31.19). No prices found from Amazon, Vivino, or Liquor.com in results. Median approximated from typical price and listed values."
"Jack Daniel's Tennessee Straight Rye Whiskey - 750ml","","","24.99","24.99","https://flaviar.com/products/jack-daniels-tennessee-straight-rye-whiskey-750","33.99","https://www.caskers.com/jack-daniel-s-tennessee-straight-rye-whiskey-750/","50.99","https://wineonlinedelivery.com/products/jack-daniels-tennesee-straight-rye-whiskey-750-ml","0.0","-9.0","Prices from available retailers (Flaviar, Caskers, Wine Online Delivery); no direct prices found from Amazon, Total Wine, Vivino, or Liquor.com in results. Total Wine mentions $20-$25 range in review[6]. Ex-tax averages $27-$31[1]. Single Barrel variant excluded[2]."
"Jack Daniel's Bonded Tennessee Whiskey - 700ml","","","37.99","33.99","https://www.caskers.com/jack-daniel-s-bonded-tennessee-whiskey/","34.5","http://www.bittersandbottles.com/products/jack-daniels-bonded-tennessee-whiskey","34.99","https://unwindbottleshop.com/products/jack-daniels-bourbon-bonded-700ml","4.0","3.49","Prices from available search results ($33.99 Caskers[8], $34.50 Bitters & Bottles[5], $34.95 WHWC[3], $34.99 Unwind Bottle Shop[1]); no prices found for Amazon, Vivino, or Liquor.com in results. Total Wine listed without specific price[10]."
"Jack Daniel’s 2024 Single Barrel Coy Hill - 750ml","","","695.99","300.09","https://www.thebottleshoppe.com/product/jack-daniel-s-2024-coy-hill-barrelhouse-8-single-barrel-tennessee-whiskey-750ml/20458","499.97","https://www.fengfinewine.com/product/jack-daniels-single-barrel-coy-hill-2024-release/827","999.99","https://www.hitimewine.net/jack-daniels-single-barrel-2024-coy-hill-62.7-barrel-proof-750ml-tennessee-whiskey-119853","395.9","196.02","Prices from various retailers; none from specified sites (Amazon, Total Wine, Vivino, Liquor.com). Prices sorted: 300.09, 499.97, 499.99, 692.99, 999.99. Median is middle value."
"Jack Daniel's 10 Year (Batch 3) - 750ml","","","189.99","130","https://www.youtube.com/watch?v=VQRE4m4U9-I","189.99","https://sipsy.com/products/jack-daniels-10-year-batch-3-750ml","399.89","https://bestbuyliquors.com/jack-daniels-10-years-batch-03","59.99","0.0","Prices from available sources (not limited to specified retailers; Walmart $22.48 likely incorrect product, Sipsy/YouTube/liquors for 750ml/equiv, Best Buy 700ml; MSRP ~$70-85, avg market $185-257)[1][2][4][6][9]"
"High West Yippie Ki-Yay Whiskey - 750ml","","","149.99","171.99","https://craftshack.com/products/high-west-yippee-ki-yay","449.99","https://totalbourbon.com/products/high-west-yipee-ki-yay","699.99","https://whiskyandwhiskey.com/products/high-west-yippee-ki-yay","-22.0","-300.0","Prices from available retailers (CraftShack, TotalBourbon, WhiskyAndWhiskey, Caskers, GrandWineCellar); no direct listings found on Amazon, Total Wine, Vivino, or Liquor.com. Product is rare/discontinued. Wine-Searcher avg ex-tax ~$440-445[1][2]."
"High West Rendezvous Rye Limited Supply - 750ml","","","79.99","69.99","https://www.kingswineandspirits.com/products/high-west-whiskey-rendezvous-rye-limited-supply-750ml","79.99","https://sipsy.com/products/high-west-rendezvous-rye-limited-supply-750ml","90.0","https://www.grapeshotnyc.com/products/high-west-rendezvous-rye-limited-supply","10.0","0.0","Prices from Kings Wine ($69.99), Sipsy ($79.99), Grapeshot ($90). No prices found on Amazon, Total Wine, Vivino, or Liquor.com for the Limited Supply edition; Total Wine lists standard Rendezvous without price[9]. Avg ex-tax $75 per Wine-Searcher[1]."
"High West Midwinter Nights Dram Act 10 Scene 5 - 750ml","","","139.99","259.99","https://liquorstars.com/products/high-west-midwinter-nights-dram-act-10-scene-5","309.99","https://therarewhiskeyshop.com/collections/high-west-a-midwinter-nights-dram","499.99","https://whiskeycaviar.com/products/copy-of-high-west-a-midwinter-nights-dram-act-5","-120.0","-170.0","Prices from secondary retailers for Act 10 (Liquor Stars, Rare Whiskey Shop) and Act 5 (Whiskey Caviar); no current listings found on Amazon, Total Wine, Vivino, or Liquor.com for Act 10 Scene 5. MSRP ~$150. Total Wine has a listing but no price in results."
"High West High Country - 750ml","","","199.99","65.0","https://raretequilas.com/products/high-west-high-country-limited-release-bourbon-whiskey","94.0","https://www.wine-searcher.com/find/high+west+distil+country+single+malt+whisky+utah+usa","199.99","https://kegnbottle.com/products/high-west-high-country-limited-supply-single-malt-whiskey-750ml","134.99","105.99","Prices from various retailers; no current prices found on Amazon, Total Wine, Vivino, or Liquor.com in results. Total Wine link present but no price listed. Average ex-tax price $94[1]. Some listings indicate limited supply or sale prices."
"High West Double Rye Whiskey - 750ml","","","42.99","31.99","https://www.caskers.com/high-west-double-rye-whiskey/","37.99","https://ship.highwest.com/products/double-rye","39.99","https://www.liquorandwineoutlets.com/product-detail/2841-High-West-Whiskey-Double-Rye","11.0","5.0","Prices from Caskers ($31.99), High West official ($37.99), NH Liquor ($39.99, regular). No current prices found on Amazon, Total Wine, or Vivino for standard 750ml; higher prices in results are for Barrel Select variants. Breaking Bourbon notes often $35-40[1]."
"High West Campfire Whiskey - 750ml","","","75.99","60.8","https://flaviar.com/products/high-west-campfire-whiskey-750","69.99","https://www.binnys.com/spirits/whiskey/high-west-campfire-whiskey-44856/","75.99","https://mensjournalspirits.com/products/high-west-campfire-750-ml","15.19","6.0","Prices from available retailers (Flaviar, Binny's, Men's Journal Spirits); Total Wine listing lacks specific price. Ex-tax averages $69-76 noted on Wine-Searcher. No prices from Amazon, Vivino, or Liquor.com in results."
"High West A Midwinter Night's Dram Act II Scene III - 750ml","","","279.99","99","https://dramfellows.com/products/high-west-a-midwinter-night-s-dram-limited-engagement-act-11-scene-3","139","https://sipwhiskey.com/products/high-west-a-midwinter-nights-dram-act-11-scene-3","170","https://www.dramface.com/all-reviews/2025/high-west-midwinter-nights-dram-act-12-scene-3","180.99","140.99","Prices from various online retailers; no current listings found on specified sites (Amazon, Total Wine, Vivino, Liquor.com). Lowest is sale price from Dram Fellows. Median approximates aggregated data. Highest from recent paid/review price. Some results for different Acts or secondary market."
"Henry McKenna Single Barrel Bourbon 10 Year Old - 750ml","","","79.99","55","https://www.breakingbourbon.com/review/henry-mckenna-10-year-single-barrel-bottled-in-bond-bourbon","65","https://www.wine-searcher.com/find/henri+mc+kennal+single+barrel+ten+old+bourbon+whisky+kentucky+usa","100","https://www.breakingbourbon.com/review/henry-mckenna-10-year-single-barrel-bottled-in-bond-bourbon","24.99","14.99","Prices from search results (2025 MSRP $55, ranges $55-$100); no current listings from Amazon, Total Wine, Vivino, or Liquor.com in results. Actual prices may vary by location/availability."
"Hancock’s President’s Reserve Single Barrel Bourbon Whiskey - 750ml","","","149.99","94.99","https://onlineliquor.com/products/buffalo-trace-hancocks-presidents-reserve-750ml","129.99","https://raretequilas.com/products/hancocks-presidents-reserve-single-barrel-bourbon-750ml","155.99","https://www.caskers.com/buffalo-trace-hancock-s-president-s-reserve/","55.0","20.0","Prices from available retailers (NapaCabs, RareTequilas, Caskers, OnlineLiquor); no current listings found on Amazon, Total Wine, Vivino, or Liquor.com. MSRP ~$50[3][7], average $141 ex-tax[1]. Total Wine page exists but no price listed[9]."
"Hakushu 12-Year Distiller's Reserve Japanese Whisky 100th Anniversary Limited Edition - 750ml","","","299.99","175","https://thejapanesebar.com/spirits-whisky-shochu/japanese-whisky-price/","243","https://www.wine-searcher.com/find/the+hakushu+distil+rsrv+single+malt+whisky+japan","350","https://thejapanesebar.com/spirits-whisky-shochu/japanese-whisky-price/","124.99","56.99","No current prices found from Amazon, Total Wine, Vivino, or Liquor.com for the exact 100th Anniversary Limited Edition; used Hakushu 12 Year and Distiller's Reserve data from available sources as proxies. Prices in USD, ex-tax where noted, historical as of 2022."
"Gryphon and Grain California Bourbon - 750ml","","","49.99","49.99","https://sipsy.com/products/gryphon-and-grain-california-bourbon-750ml","64.99","https://whiskyshopusa.com/gryphon-grain-bourbon/","99.95","https://www.folsomwinespirits.com/products/gryphon-grain-california-bourbon-whiskey","0.0","-15.0","Prices from various online retailers; none from specified sites (Amazon, Total Wine, Vivino, Liquor.com). Prices: $49.99[6], $59.99[7], $60.00[1], $64.99[3][5], $80.00[4], $90.79[8], $99.95[2]. Median calculated from sorted unique values."
"Green River Kentucky Straight Wheated Bourbon Whiskey - 750ml","","","39.99","19.99","https://flaviar.com/products/green-river-distilling-co-wheated-straight-bourbon-whiskey-750","34.99","https://seelbachs.com/products/green-river-kentucky-straight-wheated-bourbon-whiskey-90-proof","49.99","https://www.thebarreltap.com/products/green-river-full-proof-wheated-bourbon","20.0","5.0","Prices from search results; $19.99 at Flaviar (membership price?), $29.99 Remedy Liquor, $34.99 Seelbachs (sale), avg $36 Wine-Searcher; Total Wine listed but no price in snippet; highest is full proof variant; none from Amazon/Vivino/Liquor.com."
"Green River Kentucky Straight Bourbon Whiskey - 750ml","","","35.99","28.99","https://flaviar.com/products/green-river-distilling-co-straight-bourbon-whiskey-750","33.99","https://www.marketviewliquor.com/product/green-river-kentucky-straight-bourbon-whiskey-750ml","114.98","https://shopwinedirect.com/green-river-kentucky-straight-bourbon-whiskey-750ml.html","7.0","2.0","Prices from various retailers including Marketview Liquor, Hi Proof, Flaviar, Good Pour, Shop Wine Direct. No prices found from Amazon, Total Wine, Vivino, or Liquor.com. Some results reference Full Proof variant with avg ~$50."
"Glenmorangie Pioneering Collection Single Malt Samples - 4-Pack","","","34.99","29.99","https://minibardelivery.com/static/store/product/glenmorangie-collection/glenmorangie-taster-pack-4-pack-100ml-bottles","34.09","https://thebourboncentral.com/products/glenmorangie-single-malt-the-pioneering-collection-taster-pack","34.99","https://sipsy.com/products/glenmorangie-pioneering-collection-single-malt-samples-4-pack","5.0","0.9","Prices from search results; no direct matches from Amazon, Total Wine, Vivino, or Liquor.com. Lowest at David's Friendly Market via Minibar Delivery. Median calculated from available prices: 29.99, 30.89, 32.99, 34.09, 34.99."
"Glenlivet Single Malt Founders - 750ml","","","35.99","35.0","https://www.blackwellswines.com/products/the-glenlivet-founders-reserve-single-malt-scotch-whisky","37.49","https://pjwine.com/products/glenlivet-founders-reserve-single-malt-scotch-whiskey-speyside-750ml","39.97","https://pjwine.com/products/glenlivet-founders-reserve-single-malt-scotch-whiskey-speyside-750ml","0.99","-1.5","Prices from Blackwell's Wines ($35), PJ Wine ($39.97); Total Wine has listing but no price in results. No prices found from Amazon, Vivino, Liquor.com. 21yo variant averages $2000+ ex-tax[1][2]."
"Glenlivet Founder's Reserve - 750ml","","","33.99","30","https://www.missionliquor.com/products/glenlivet-founders-reserve-750ml-1","32.99","https://www.caskers.com/the-glenlivet-founder-s-reserve-single-malt-scotch-whisky/","41.89","https://bestbuyliquors.com/the-glenlivet-founders-reserve-single-malt-scotch-whisky","3.99","1.0","Prices extracted from available search results; none directly from Amazon, Vivino, or Liquor.com. Total Wine [8] lacks explicit price. Mission Liquor implies ~$30[2]; Caskers $32.99[7]; Best Buy Liquors $41.89 for 750ml[6]. 21yr variant $2021 avg[1] excluded as different product."
"Glenfiddich Single Malt 15 Year Old - 750ml","","","84.99","56","https://compare.thewhiskeywash.com/prices/united-states-of-america/glenfiddich-15-year-old-price","69.99","https://shopsk.com/products/glenfiddich-15yr-scotch-whisky","94.99","https://buyritewines.com/shop/product/glenfiddich-15-yr-solera-750/5521cef26561310003250100?option-id=b3df4891b167ad829ebb2497c4afa27160aab3f7f298c1b58d444edb56bc1641","28.99","15.0","Prices from various online retailers; Total Wine listing lacks specific price. Lowest from Divine Cellar via aggregator, highest original price shown. No direct matches from Amazon, Vivino, or Liquor.com in results."
"Glenfiddich Single Malt 14 Year Old - 750ml","","","59.99","49.99","https://www.caskers.com/glenfiddich-bourbon-barrel-reserve-14-year-old-single-malt-scotch-whisky/","53.99","https://www.totalwine.com/spirits/scotch/single-malt/glenfiddich-14-year-old-bourbon-barrel-reserve-sm-scotch-whisky/p/150255750","273.6","https://cwspirits.com/products/glenfiddich-bourbon-14yr-750ml","10.0","6.0","Prices from search results for Glenfiddich 14 Year Old Bourbon Barrel Reserve (750ml). Total Wine confirmed. Lowest and median from other retailers; highest may be bundled or outlier. Amazon, Vivino, Liquor.com not in results. Avg ex-tax $61[1]."
"Glen Grant 18-Year-Old Single Malt - 750ml","","","149.99","129.99","https://www.hiproof.com/products/uc-glengrant-18yr-750ml","167.99","https://www.caskers.com/the-glen-grant-18-year-old-single-malt-scotch-whisky/","200.0","https://caskstore.com/products/glen-grant-18-year-750-ml","20.0","-18.0","Prices from various online retailers; Total Wine lists product but no price in results. Sorted from available: 129.99, 144.99, 155.00/167.99/174.99/179.99(x2), 190.99, 200.00. Median approximated from middle value."
"Glen Grant 15-Year Single Malt - 750ml","","","75.99","68","https://www.wine-searcher.com/find/glen+grants+batch+strength+fifteen+old+single+malt+scotch+whisky+speyside+scotland/1/canada","94.99","https://www.totalwine.com/spirits/scotch/single-malt/glen-grant-15-year-single-malt-scotch/p/193118750","101.99","https://vsliquor.com/products/glen-grant-batch-strength-15-year-old-single-malt-scotch-whisky-750ml","7.99","-19.0","Prices from search results; Total Wine lists $94.99. No direct prices found from Amazon, Vivino, or Liquor.com. Many results for Batch Strength edition, avg $68-$84 ex-tax."
"George T. Stagg 2024 Kentucky Straight Bourbon - 750ml","","","799.99","789.99","https://liquorgeeks.com/products/george-t-stagg-kentucky-straight-bourbon-whiskey-2024-release","899.95","https://liquorama.com/george-t-stagg-kentucky-straight-bourbon-whiskey-2024-750ml-144-1-proof.html","999.99","https://whiskeycaviar.com/collections/george-t-stagg","10.0","-99.96","Prices from search results; no direct listings found on Amazon, Total Wine, Vivino, or Liquor.com. Lowest and median from Liquor Geeks and Liquorama; highest sale price from Whiskey Caviar (orig. $999.99). Avg ex-tax $930 per Wine-Searcher[1]. MSRP ~$150[10]. Some unavailable."
"George Dickel x Leopold Bros Collaboration Rye Whiskey - 750ml","","","129.99","25.99","https://www.hiproof.com/products/dickel-rye-x-leopold-bros-collaboration-blend-100-proof-750ml","77.99","https://flaviar.com/products/george-dickel-x-leopold-bros-collaboration-blend-rye-whisky-750","139.99","https://www.bourbonguy.com/blog/2022/2/22/george-dickel-x-leopold-bros-collaboration-blend-rye","104.0","52.0","Prices from search results; lowest is a sale price at HiProof (regular $99.99). Total Wine listed at $139.99. No prices found from Amazon, Vivino, or Liquor.com. Sorted from available: 25.99, 44.99/55.99/77.99, 111 (avg), 139.99. Median taken as 77.99."
"Four Roses Small Batch Select Bourbon - 750ml","","","59.99","46.52","http://picksshop.com/shop/four-roses-small-batch-select/","59.99","https://checkout.fourrosesbourbon.com/products/fourrosesbourbonsmallbatchselect104proof","57.99","https://www.caskers.com/four-roses-small-batch-select-kentucky-straight-bourbon-whiskey-750/","13.47","0.0","Prices from search results; none directly from Amazon, Total Wine, Vivino, or Liquor.com for this product. Total Wine lists Four Roses Small Batch (not Select) at $33.99[6]. Average ex-tax price ~$60[1]. MSRP $55-60[2][5]. Good Pour shows $49.99[3]. Official site $59.99[7]. Picks $46.52[8]. Caskers $57.99[9]."
"Fireball Cinnamon Whisky - 750ml","","","16.99","11.99","https://applejack.com/Fireball-Cinnamon-Whisky-750-ml-Glass","14.99","https://www.remedyliquor.com/products/fireball-cinnamon-whisky-750","19.99","https://www.totalwine.com/spirits/brand/fireball","5.0","2.0","Prices from various retailers including Total Wine; specific prices from Amazon, Vivino, Liquor.com not found in results. Lowest from Applejack, median representative from multiple ($14.99), highest from Total Wine."
"Elijah Craig Small Batch Bourbon - 750ml","","","31.99","25.49","https://www.totalwine.com/spirits/bourbon/small-batch-bourbon/c/000866?brandcode=elijah-craig","26.99","https://www.caskers.com/elijah-craig-small-batch-bourbon/","30","https://www.thewhiskeyshelf.com/elijah-craig-small-batch-vs-heaven-hill-7-year-bottled-in-bond-comparison/","6.5","5.0","Prices from Total Wine ($25.49[3]), Caskers ($26.99[7]); highest/median/lowest approximated from ranges under $30[2][4] as no Amazon/Vivino/Liquor.com data in results. Date: 2026-03-31."
"Dirty Monkey Banana Peanut Butter Whiskey - 750ml","","","24.99","23.99","https://theliquorbarn.com/products/dirty-monkey-banana-peanut-butter-whiskey-750ml","24.99","https://www.lisasliquorbarn.com/spirits/whiskey/dirty-monkey-banana-peanut-butter-whiskey-750ml","29.99","https://kegnbottle.com/products/dirty-monkey-banana-peanut-butter-whikey-750-ml","1.0","0.0","Prices from various online retailers; Total Wine [9] lacks listed price. None from Amazon, Vivino, or Liquor.com in results. Lowest from The Liquor Barn (unavailable); median calculated from available prices: 23.99, 24.00, 24.99, 28.20, 24.99(sale), 29.99."
"Dewar's White Label Blended Scotch Whisky - 750ml","","","23.99","18","https://compare.thewhiskeywash.com/prices/united-states-of-america/dewar's-white-label-price","27.29","https://getwineonline.com/shop/product/dewars-white-label-blended-scotch-whisky/5521cefb6561310003ac0300?option-id=289ac3e3e2c9ed40f1c1a10638f30b950929e277f8a89bd7060e8fabf5d2ff12","28.99","https://www.marketviewliquor.com/product/spirit/dewars-white-label-scotch-750-ml","5.99","-3.3","Prices from search results (US retailers, 750ml); specified sites (Amazon, Total Wine, Vivino, Liquor.com) not found in results. Lowest from Mission Liquor via comparison site[4]; others from Marketview[2], GetWineOnline[7]. Wine-Searcher avg $23 ex-tax[1], typical US range $20-30[5]. No exact matches for requested retailers."
"Dewar's 12-Year-Old Blended Scotch Whisky - 750ml","","","29.99","24.49","https://www.missionliquor.com/products/dewars-12-yrs-750ml-1","29","https://www.wine-searcher.com/find/dewars+twelve+old+blend+scotch+whisky+scotland/1/usa","31.99","https://mensjournalspirits.com/products/dewars-12-year-scotch-750-ml","5.5","0.99","Prices from various US retailers; Total Wine listing lacks specific price. No data from Amazon, Vivino, or Liquor.com in results. Average ex-tax price $29[1]."
"Dalmore Port Wood Reserve - 750ml","","","109.99","98.99","https://www.caskers.com/the-dalmore-port-wood-reserve-scotch-whisky/","109.99","Not available from specified retailers","129.99","https://wineanthology.com/16630-the-dalmore-port-wood-reserve-single-malt-scotch-whisky","11.0","0.0","Search results do not include data from Amazon, Vivino, or Liquor.com as specified in the query. Prices shown are from available retailers: Caskers ($98.99)[9], Keg N Bottle ($99.99)[2], Wine Searcher avg ($100-102)[1][3], Total Wine (not priced)[8], Cellar ($119.99)[6], and Wine Anthology ($104.99 sale, $129.99 regular)[7]. Median calculated from available prices. Total Wine & More was found but no price displayed."
"Dalmore 12 Year Old Single Malt Scotch Whisky - 750ml","","","75.99","64.99","https://pjwine.com/products/dalmore-12-year-old-single-malt-scotch-whiskey-highland-750ml","77","https://www.wine-searcher.com/find/the+dalmore+twelve+old+single+malt+scotch+whisky+highlands+scotland","81.99","https://flaviar.com/products/the-dalmore-12-year-old-sherry-cask-single-malt-scotch-whisky-750","11.0","-1.01","Prices from search results; no direct prices found from Amazon, Total Wine, Vivino, or Liquor.com. Total Wine [9] lists product but no price. Median approximated from average ex-tax price. All for 750ml."
"Crown Royal Whiskey & Cola - 4-Pack 12oz","","","14.99","11.39","https://specsonline.com/shop/spirits/crown-royal-cocktails-crown-cola-4pk-12oz/","11.99","https://chamberswineandliquor.com/product/crown-royal-whiskey-cola-4-pk-cans-12oz/","19.99","https://worldofwhiskeysale.com/product/crown-royal-whisky-and-cola-4-pack-12oz/","3.6","3.0","Prices from various online retailers (Spec's: $11.39, Walmart: $11.45, NC ABC: $11.95, Chambers: $11.99, etc.); no listings found on Amazon, Total Wine, Vivino, or Liquor.com. Prices for single 4-pack units; discounts noted but current sale prices used."
"Crown Royal Washington Apple 4-Pack 12oz","","","14.99","13.99","https://www.napacabs.com/crown-royal-washington-apple-ready-to-drink-cocktail-200ml-4-pack.html","14.99","https://sipsy.com/products/crown-royal-washington-apple-4-pack-12oz","27.84","https://www.walmart.com/ip/Crown-Royal-Washington-Apple-Ready-to-Drink-Canadian-Whisky-Cocktail-4-Pack-4-x-12-fl-oz/833010327","1.0","0.0","Prices from Napacabs ($13.99), ShopWineDirect ($13.99), Sipsy ($14.99), Walmart (calculated as 23.2¢/fl oz * 48 fl oz = $27.84). No prices found on Amazon, Total Wine, Vivino, or Liquor.com in results. Walmart price derived from unit price for 48oz total."
"Crown Royal Blackberry - 750ml","","","32.99","21","https://www.missionliquor.com/products/crown-royal-blackberry-750ml","29","https://kegnbottle.com/products/crown-royal-limited-edition-blackberry-whisky-750-ml","39.99","https://bestbuyliquors.com/crown-royal-blackberry","11.99","3.99","Prices from various retailers; none directly from Amazon, Total Wine, Vivino, or Liquor.com in results. Lowest from Mission Liquor[1][7], median approx. avg[2][6], highest from Best Buy Liquors[5]. Total Wine listed but no price[4]."
"Chivas Regal Blended Scotch Whisky 12-Year-Old - 750ml","","","29.99","30.98","https://www.joinhoney.com/p/cacbe986-c9ad-4ddc-9bd0-ca0a863384bb","33.99","https://spiritsnetwork.com/chivas-regal-18-years-gold-signature-80-proof/","42.99","https://applejack.com/Chivas-Regal-12-Year-Blended-Scotch-750-ml","-0.99","-4.0","Prices from available search results (Walmart $30.98, Liquorama $31.99, Spirits Network $33.99, Applejack $42.99). No direct prices found from Amazon, Total Wine, Vivino, or Liquor.com in results; Total Wine link lacks price. Walmart price last updated 37 days ago. Avg ex-tax ~$34 per Wine-Searcher."
"Chivas Regal 12 Year Old Gift Set","","","34.99","34.99","https://sipsy.com/products/chivas-regal-12yr-gift-set","37.99","https://www.bottlebuys.com/spirits/Chivas-Regal-12-Year-Scotch-Gift-Set-with-2-Chivas-15-Year-50ml-w5146938x9","129.0","https://www.givethembeer.com/products/chivas-regal-gift-set","0.0","-3.0","Prices from search results; none from specified retailers (Amazon, Total Wine, Vivino, Liquor.com). Lowest and median include gift sets with glasses or minis; highest is premium set with glasses, engraving, and themed box. Other results lack explicit prices."
"Bushmills Triple Distilled Irish Whiskey - 750ml","","","22.99","24","https://www.wine-searcher.com/find/bushmill+original+triple+distil+smooth+mellow+blend+ireland+whisky+northern+united+kingdom/1/usa","24.99","https://winebarrica.com/products/bushmills-irish-whiskey-750ml","29.99","https://kegnbottle.com/products/bushmills-original-irish-whiskey-750-ml","-1.01","-2.0","Prices from Wine-Searcher average ($24 ex-tax), Wine Barrica, Keg N Bottle (sale $24.99, original $29.99), The Barrel Tap ($24.99). No prices found on Amazon, Total Wine, Vivino, or Liquor.com in results. Other results either lack prices or refer to different products."
"Bushmills 12-Year-Old Single Malt Irish Whiskey - 750ml","","","54.99","53.99","https://www.totalwine.com/spirits/irish-whiskey/bushmills-single-malt-12-year-irish-whiskey/p/241973750","59.99","https://chililiquor.com/spirits/whiskey/bushmills-12yr-single-malt-750","64.99","https://www.thebarreltap.com/products/bushmills-12-year-old-irish-whiskey-750ml","1.0","-5.0","Prices from Total Wine ($53.99), Chili Liquor ($59.99), Flaviar/Caskers ($58.99), Barrel Tap ($64.99). No prices found from Amazon, Vivino, or Liquor.com in results. Wine-Searcher shows avg $60-61 ex-tax. Total Wine specified; others general online retailers."
"Bushmills 10 Year Old Single Malt Irish Whiskey - 750ml","","","39.99","45","https://www.wine-searcher.com/find/bushmill+ten+old+single+malt+ireland+whisky+county+antrim+northern+united+kingdom/1/usa-ny","48","https://www.wine-searcher.com/find/bushmill+ten+old+single+malt+ireland+whisky+county+antrim+northern+united+kingdom","60","https://www.youtube.com/watch?v=CgkKd7t2TPY","-5.01","-8.01","Prices are approximate ex-tax averages from Wine-Searcher ($45-$49) and regional mentions ($55-$60); no direct prices found from Amazon, Total Wine, Vivino, or Liquor.com in results. Total Wine link lacks price."
"Bulleit Bourbon Gift Pack","","","33.99","32.99","https://www.lisasliquorbarn.com/spirits/whiskey/bulleit-bourbon-750ml-gift-set","32.99","https://sipwhiskey.com/products/bulleit-bourbon-whiskey-gift-set-with-ice-mold-cocktail-spoon","85.99","https://costplusliquors.com/products/bulleit-bourbon-gift-pack","1.0","1.0","No prices found from specified retailers (Amazon, Total Wine, Vivino, Liquor.com); values from other online retailers. Prices in USD where specified; some results are for standard Bulleit Bourbon, not explicitly gift packs."
"Buchanan's Red Seal Blended Scotch Whisky - 750ml","","","239.99","153.99","https://flaviar.com/products/buchanans-red-seal-blended-scotch-whisky-750","164.99","https://www.missionliquor.com/products/buchanans-red-seal-750ml-1","207.99","https://www.happysliquor.com/products/james-buchanans-red-seal-blended-scotch-whiskey-750ml","86.0","75.0","Prices extracted from search results; none from Amazon, Vivino, or Liquor.com. Total Wine: $179.99[2]. Some listings note out of stock or varying prices."
"Buchanan's Pineapple Scotch Whisky - 750ml","","","47.99","31.97","https://specsonline.com/shop/spirits/buchanans-scotch-whisky-pineapple/","36.99","https://abcfws.com/buchanans-pineapple-scotch/200505","44.99","https://kegnbottle.com/products/buchanans-pineapple-flavored-scotch-whiskey-750ml","16.02","11.0","Prices from Spec's ($31.97)[3], ABC ($36.99 on sale)[5], Keg n Bottle ($34.99 sale, orig $44.99)[2], Wine-Searcher avg $38-39[1]. Total Wine[6] and others lack specific prices. Amazon/Vivino/Liquor.com not found."
"Buchanan's Master Blended Scotch Whisky - 750ml","","","49.99","44.99","caskers.com","49.99","unwindbottleshop.com","61.99","whiskyandwhiskey.com","5.0","0.0","Search results do not include pricing from Amazon, Vivino, or Liquor.com as requested. Prices are from available retailers in search results (Caskers, Unwind Bottle Shop, and Whisky and Whiskey). All prices are for 750ml bottles. Prices may vary by location and availability."
"Buchanan's Deluxe 12-Year Blended Scotch Whisky - 750ml","","","39.99","28.99","https://www.caskers.com/buchanan-s-deluxe-12-year-old-blended-scotch-whisky/","36.0","https://www.wine-searcher.com/find/buchanan+de+luxe+twelve+old+blend+scotch+whisky+scotland","39.99","https://kegnbottle.com/products/buchanans-deluxe-12-year-old-scotch-whisky-750-ml-1","11.0","3.99","Prices from various online retailers; Total Wine listing lacks specific price. Avg ex-tax $36[1]. Lowest at Caskers[7], sale $34.99 at Wine Anthology[4], $37.99 Marketview[3]. No prices found for Amazon, Vivino, Liquor.com."
"Booker's Small Batch Bourbon Collection Mighty Fine Batch - 750ml","","","129.99","49.99","https://flaviar.com/products/bookers-bourbon-mighty-fine-batch-straight-bourbon-whiskey-750","149.99","https://wineandliquormart.com/products/booker-s%C2%AE-bourbon-collection-booker-s-mighty-fine-batch-2023-03-750ml","351.99","https://www.caskers.com/booker-s-bourbon-mighty-fine-batch-straight-bourbon-whiskey/","80.0","-20.0","Prices from various online retailers; none directly from Amazon, Total Wine, Vivino, or Liquor.com in results. Lowest may be promotional/membership; Caskers shows conflicting prices ($351.99 and $136.99). Original prices sometimes higher (e.g., $179.99, $209.99). Avg ex-tax $148[1]."
"Booker's Small Batch Bourbon Collection – Charlie's Batch - 750ml","","","179.99","84.99","https://craftshack.com/products/bookers-noe-charlies-batch-2023-01-kentucky-straight-bourbon-whiskey","189.99","https://onlineliquor.com/products/booker-s-2023-01-charlie-s-batch-bourbon-whiskey","319.99","https://www.nationwideliquor.com/202867/bookers-uncut-unfiltered-small-batch-bourbon-collection-charlies-batch-2023-01","95.0","-10.0","Prices from search results (none from Amazon, Total Wine, Vivino, or Liquor.com). Craftshack $84.99 may be outlier/discounted. Sorted: 84.99, 179.99, 187(avg), 189.99, 199.99(x3), 219.99, 319.99. Median approx 190."
"Booker's Little Book Chapter 7: 2023 Whiskey - 750ml","","","229.99","199.99","https://www.oakandbarrelnyc.com/product/bookers-little-book-chapter-7-2023-release-750ml/","249.99","https://www.donsliquorsandwine.com/products/little-book-chapter-7-retrospect-blended-american-whiskey-2023-release","299.99","https://whiskeycaviar.com/products/little-book-chapter-7-in-retrospect-blended-whiskey-2023","30.0","-20.0","Prices from independent retailers; no results from specified sites (Amazon, Total Wine, Vivino, Liquor.com). MSRP $150[4], avg $227 ex-tax[3]. Some out of stock."
"Booker's The Storyteller's Batch Whiskey - 750ml","","","149.99","97.99","https://flaviar.com/products/bookers-storyteller-batch-kentucky-straight-bourbon-whiskey-750","145.0","https://www.wine-searcher.com/find/bookers+storyteller+batch+straight+bourbon+whisky+kentucky+usa/1/france","249.99","https://nycwinegallery.com/shop/product/bookers-noe-kentuckty-the-storyteller-batch-750ml/657a3b821b852d0821302944?option-id=4cad95e3657f20a83062a5e80ea8cb05b90a24c330a4a8c5caf466a1a458c169","52.0","4.99","Prices from various online retailers (Flaviar, Wine-Searcher avg, NYC Wine Gallery); specific retailers Amazon, Total Wine, Vivino, Liquor.com not found in results. Prices ex-tax where noted."
"Blue Spot Single Pot Still Irish Whiskey 7-Year-Old - 750ml","","","189.99","124.99","https://www.remedyliquor.com/products/blue-spot-whiskey-single-pot-still-cask-strength-irish-7yr-750ml","139.99","https://www.hiproof.com/products/blue-spot-irish-whiskey-cask-strength-7-year-old-750ml","310","https://www.totalwine.com/spirits/irish-whiskey/blue-spot-irish-whiskey/p/235999750","65.0","50.0","Prices from search results; Total Wine listed at $310 per user comment[8], no Amazon/Vivino/Liquor.com direct listings found. Averages reported as $191-$294 ex-tax[2]."
"Blade and Bow Kentucky Straight Bourbon - 750ml","","","59.99","40.99","https://www.caskers.com/blade-bow-kentucky-straight-bourbon-whiskey/","49.99","https://www.thebarreltap.com/products/blade-and-bow-kentucky-straight-bourbon-whiskey-750ml","59.99","https://www.thebarreltap.com/products/blade-and-bow-kentucky-straight-bourbon-whiskey-750ml","19.0","10.0","Prices from Caskers ($40.99)[4], Flaviar ($42.50-$51.99)[5], multiple at ~$50 (MSRP $50)[6][8], Barrel Tap ($49.99-$59.99)[2]; no prices found from Amazon, Vivino, Liquor.com, or Total Wine[9]. Excludes 22yr limited edition ($1520)[1]."
"Benchmark Kentucky Straight Bourbon Whiskey - 750ml","","","10.99","10.99","https://www.missionliquor.com/collections/benchmark","24.99","https://www.thebarreltap.com/products/benchmark-full-proof-bourbon-whiskey-750ml-1","73.49","https://www.nationwideliquor.com/249996/benchmark-kentucky-straight-bourbon-whiskey-750-ml","0.0","-14.0","Prices from search results; lowest is Benchmark Old No.8 (likely base variant), median averaged from ~$25 ex-tax and $24.99 listings, highest exact match. No direct prices from Amazon, Total Wine, Vivino, or Liquor.com in results. Some listings are variants like Single Barrel or Bonded."
"Baker's Kentucky Straight Bourbon 7-Year-Old - 750ml","","","65.99","44.99","https://www.binnys.com/spirits/whiskey/bakers-year-kentucky-straight-bourbon-190041/","59.99","https://pjwine.com/products/bakers-7-year-old-small-batch-bourbon-750l","63.99","https://www.totalwine.com/spirits/bourbon/small-batch-bourbon/bakers-single-barrel-kentucky-straight-bourbon7-year/p/224245750","21.0","6.0","Prices from search results: Binny's $44.99, PJ Wine $59.99, Caskers $55.99, Total Wine $63.99. None from Amazon, Vivino, or Liquor.com. Hamptons Wine Shoppe lists multiple prices ($54.99-$99.99) but unclear current price. Avg ex-tax $63[1]."
"Ardbeg Traigh Bhan 19-Year-Old Single Malt Scotch Whisky - 750ml","","","329.99","239.99","binny's.com","322","wine-searcher.com","349.99","totalwine.com","90.0","7.99","Prices sourced from available search results. Data limited to retailers appearing in search results (Total Wine, Wine Searcher, Binny's, Hi Proof, Rare Tequilas). Amazon, Vivino, and Liquor.com not included in search results. Prices vary by batch and may include sales/discounts. Binny's price ($239.99) appears to be promotional pricing on Batch #4 (2022 release). Current batch available is Batch 5 (2023 release) ranging $299.99-$349.99. Prices are ex-tax unless otherwise noted."
"Clase Azul Tequila Reposado - 750ml","","","169.99","109.46","https://specsonline.com/shop/spirits/clase-azul-tequila-reposado-6-case-3/","159.97","https://eastvillagewines.com/shop/product/clase-azul-reposado-tequila/5521cef06561310003bc0000?option-id=caf43b647d22f3aff8d3602f0c74f090d861f05bfee8a633da4d111490baf9e2","350.24","https://www.reservebar.com/collections/clase-azul-tequila","60.53","10.02","Prices from search results; no direct prices found from Amazon, Vivino, or Liquor.com. Total Wine [9] lacks price. ReserveBar lists Reposado at $350.24 among Clase Azul tequilas. Prices may vary by location/taxes."
"Fortaleza Blanco Tequila - 750ml","","","149.99","109.95","https://elcerritoliquor.com/products/fortaleza-blanco-750ml","139.99","https://whiskeycaviar.com/collections/fortaleza-tequila","639.99","https://raretequilas.com/collections/vendors?q=fortaleza","40.04","10.0","Prices from available retailers (El Cerrito Liquor, Whiskey Caviar, Rare Tequilas); no listings found on Amazon, Vivino, or Liquor.com. Total Wine lists product but no price in results. Fortaleza Blanco 750ml standard, excluding Still Strength variants."
"Fortaleza Reposado Tequila - 750ml","","","159.99","150.0","https://siptequila.com/collections/tequila-fortaleza","179.99","https://kegnbottle.com/products/fortaleza-reposado-750-ml","201.99","https://www.caskers.com/fortaleza-tequila-reposado/","9.99","-20.0","Prices for standard Fortaleza Reposado 750ml from search results (not limited to Amazon, Total Wine, Vivino, Liquor.com as no direct prices found there). Winter Blend and special editions excluded as they are distinct products with higher prices. Total Wine [9] lists product but no price in snippet."
"Fortaleza Añejo Tequila - 750ml","","","199.99","223.99","https://www.caskers.com/fortaleza-tequila-a-ejo/","249.99","https://kegnbottle.com/products/fortaleza-anejo-750-ml","303.99","https://www.caskers.com/fortaleza-tequila-a-ejo/","-24.0","-50.0","Prices from Caskers ($223.99 and $303.99), Keg N Bottle ($249.99), Whiskey Caviar (sale $249.99-$299.99). No prices found on specified retailers Amazon, Total Wine, Vivino, or Liquor.com; used available sources for Fortaleza Añejo Tequila 750ml."
"Don Julio 1942 Year of the Horse Anejo Tequila - 750ml","","","169.99","69.99","https://www.alcoholpremium.com/products/don-julio-1942-year-of-the-horse-tequila/","284","https://www.wine-searcher.com/find/don+julio+1942+the+horse+ltd+edition+tequila+anejo+jalisco+mexico/1/germany","284","https://www.wine-searcher.com/find/don+julio+1942+the+horse+ltd+edition+tequila+anejo+jalisco+mexico/1/germany","100.0","-114.01","No prices found from specified retailers (Amazon, Total Wine, Vivino, Liquor.com). €69.99 converted assuming ~$76 USD but reported as-is; Wine-Searcher avg ex-tax $284. Limited results available."
"Lost Lore Joven Tequila - 750ml","","","89.99","55.95","https://elcerritoliquor.com/products/lost-lore-joven-92-proof-750ml-pre-sale","79.99","https://www.oldtowntequila.com/lost-lore/","89.99","https://raretequilas.com/products/lost-lore-joven-tequila","34.04","10.0","Prices from various online retailers; none found on Amazon, Total Wine, Vivino, or Liquor.com. El Cerrito Liquor lists $55.95 (possibly pre-sale). Other prices: Tasters Club $70.99 (sold out), Sip Tequila $74.99, Old Town Tequila/Rare Tequilas $79.99-$89.99. Wine-Searcher avg $60 ex-tax."
"The Sipsy Classic Margarita Cocktail Set - 2 Cocktails","","","39.99","11.69","https://www.serenewinehouse.com/product/the-sipsy-classic-margarita-cocktail-set-2-cocktails/","39.99","https://sipsy.com/collections/cocktail-packs","39.99","https://sipsy.com/collections/cocktail-packs","28.3","0.0","No listings found on Amazon, Total Wine, Vivino, or Liquor.com. Prices from Serene Wine House ($11.69 sale, $32.81 original) and Sipsy ($39.99). Only two distinct current prices available; median matches highest."
"Lost Lore Tahona Blanco Tequila - 750ml","","","94.99","62.99","https://www.totalwine.com/spirits/tequila/lost-lore-blanco-tequila/p/2126254909","89.99","https://www.oldtowntequila.com/lost-lore/","92.99","https://topshelfwineandspirits.com/products/lost-lore-tahona-blanco-tequila","32.0","5.0","Prices from Total Wine [9], multiple retailers at $89.99 [2][3][4][10], Top Shelf [1]. No prices found from Amazon, Vivino, or Liquor.com in results. Total Wine lists as 'Blanco Tequila' but matches brand/context."
"G4 Tequila Reposado - 750ml","","","59.99","54.99","https://www.missionliquor.com/collections/g4-tequila","61.99","https://www.caskers.com/g4-tequila-reposado/","71.99","https://cwspirits.com/collections/g4-tequila","5.0","-2.0","Prices from various online retailers (Mission Liquor, Old Town Tequila, Spec's, Caskers, CW Spirits); Total Wine page lacks price info. Sorted current sale prices: 54.99, 54.99, 61.99, 62.99, 71.99. No prices found from Amazon, Vivino, Liquor.com. Excludes average prices and cases."
"Lost Lore Limited Reposado Amburana + Reposado Tequila - 2 pk","","","149.99","149.99","https://kegnbottle.com/products/lost-lore-amburana-reposado-limited-edition-tequila-750-ml","149.99","https://kegnbottle.com/products/lost-lore-amburana-reposado-limited-edition-tequila-750-ml","149.99","https://kegnbottle.com/products/lost-lore-amburana-reposado-limited-edition-tequila-750-ml","0.0","0.0","No listings found on Amazon, Total Wine, Vivino, or Liquor.com. Only one exact match for the 2-pack (Amburana Reposado & Blanco Combo) at Keg N Bottle for $149.99[3]. Single Amburana Reposado 750ml listed at $95[1]; specified retailers lack this product."
"Lost Lore Limited: Reposado Amburana + Blanco Tequila - 2-Pack","","","145.99","149.99","https://kegnbottle.com/products/lost-lore-amburana-reposado-limited-edition-tequila-750-ml","149.99","https://kegnbottle.com/products/lost-lore-amburana-reposado-limited-edition-tequila-750-ml","149.99","https://kegnbottle.com/products/lost-lore-amburana-reposado-limited-edition-tequila-750-ml","-4.0","-4.0","Exact 2-pack found only at Keg N Bottle for $149.99[3]. Single Amburana Reposado bottle at $95[4]; no listings on Amazon, Total Wine, Vivino, or Liquor.com. Other Lost Lore products available but not matching product."
"Patron Tequila Silver - 750ml","","","39.99","32.99","https://www.finewinehouse.com/patron-silver-tequila-750ml.html","41.99","https://applejack.com/Patron-Silver-Tequila-750-ml","69.99","https://www.napacabs.com/patron-silver-tequila-750ml.html","7.0","-2.0","Prices from various retailers; Total Wine, Amazon, Vivino, and Liquor.com lacked specific prices in results. Lowest is sale price at FineWineHouse[5]; median approximated from available prices ($32.99, $35.99[8], $38.99[1][5], $39.98 loyalty[3], $41.99[3], $47.99[1], $49.99[1], $51 avg[2], $69.99 MSRP[4]); highest MSRP at NapaCabs[4]. Prices may include/exclude tax and vary by location."
"The Sipsy Spicy Margarita Cocktail Set - 6-8 Servings","","","69.99","62.47","https://www.vinoluxeallure.com/product/the-sipsy-spicy-margarita-cocktail-set-6-8-servings/","69.99","https://sipsy.com/products/the-sipsy-spicy-margarita-cocktail-set-6-to-8-servings","91.99","https://sipsy.com/collections/tequila?page=2","7.52","0.0","Prices from Sipsy.com and Vinoluxeallure.com listings; no results from Amazon, Total Wine, Vivino, or Liquor.com. Prices reflect current sale prices where applicable."
"Don Vicente Tequila Extra Añejo - 750ml","","","189.99","159.95","https://elcerritoliquor.com/products/don-vicente-extra-anejo-tequila-750ml","169.99","https://www.oldtowntequila.com/don-vicente/","207.99","https://winefolder.com/products/don-vicente-tequila-extra-anejo-750ml","30.04","20.0","Prices from Spec's ($166.99)[1], Old Town Tequila ($169.99)[2], El Cerrito Liquor ($159.95 sale from $199.99)[3], Wine Folder ($207.99 regular)[4], Binny's ($169.99)[5]. Total Wine listed but no price visible[9]; Amazon/Vivino/Liquor.com not in results."
"Score Tequila Reposado 2026 World Cup Mexico Limited Edition Ball Decanter - 750ml","","","89.99","16.99","https://sunsetliquorstore.com/products/score-usa-mexico-reposado-tequila-fifa-world-cup-edition","99.99","https://dramfellows.com/products/score-tequila-reposado-2026-world-cup-mexico-limited-edition-soccer-ball-bottle","99.99","https://mainstreetliquor.com/products/score-tequila-reposado-2026-world-cup-mexico-limited-edition-soccer-ball-bottle","73.0","-10.0","Multiple retailers list at $99.99; Total Wine has USA edition without price; no listings found on Amazon, Vivino, Liquor.com; lowest from Sunset Liquor (possibly promotional or different variant)"
"G4 Clasico Blanco Tequila - 750ml","","","99.99","48","https://www.wine-searcher.com/find/g+four+tequila+blanco+jalisco+mexico","77","https://www.wine-searcher.com/find/g+four+tequila+blanco+cls+jalisco+mexico/1/usa-in-y","89.99","https://siptequila.com/collections/g4-tequila-family","51.99","22.99","Prices from Wine-Searcher (avg ex-tax) and SipTequila; no current prices found on Total Wine, Amazon, Vivino, or Liquor.com in results. SipTequila shows sale price."
"Lost Lore Limited Reposado Amburana Tequila - 750ml","","","94.99","89.99","https://www.oldtowntequila.com/lost-lore/","91.99","https://www.bswliquor.com/products/tequila-lost-lore-reposado","95.0","https://sftequilashop.com/products/lost-lore-reposado-amburana-tequila-750ml","5.0","3.0","Prices from search results for matching Amburana Reposado variant where available; no direct listings found on Amazon, Total Wine, Vivino, or Liquor.com. Converted CAD $91.99 to approximate USD using 1 CAD ≈ 0.73 USD. Outlier $370.44 [9] ignored as likely error; standard Reposado listings excluded."
"Volcán de Mi Tierra X.A. Tequila - 750ml","","","179.99","131.65","https://www.wolfexpressliquor.com/products/volcan-tierra-xa-reposado-750ml","194","https://www.wine-searcher.com/find/volcanic+de+mio+tierra+tequila+x+a+jalisco+mexico","266.5","https://www.luxuryformen.com/en/volcan-de-mi-tiera-x-a-tequila-mohe-volc-tequ-xa","48.34","-14.01","Prices from various online retailers; lowest is USD for 750ml (may be reposado variant), median is avg ex-tax USD, highest is EUR for 700ml. No direct prices found from Amazon, Total Wine, Vivino, or Liquor.com. Other prices: 194.36-215.95 EUR, 229.33 EUR, 239.25 EUR, 247 EUR."
"Lost Lore Single Barrel Tequila Reposado (Bottle Logic) - 750ml","","","99.99","55.95","https://elcerritoliquor.com/products/lost-lore-rested-series-bottle-logic-single-barrel-reposado-750ml","86.99","https://showcaseliquor.com/shop/product/lost-lore-x-bottle-logic-sb-reposado/66888c325bd6424a607f9444?option-id=051fb281a9391101d6148a9d89ed5c5d603abc2fefdd92e0efad4e1f57e8f9e6","99.99","https://sipsy.com/products/lost-lore-single-barrel-tequila-reposado-750ml","44.04","13.0","Prices from various online retailers (El Cerrito Liquor $55.95, Hi Proof $61.99, Binny's $64.99, Showcase $86.99, Sipsy $99.99, Epic $99.99). No prices found on Amazon, Vivino, or Liquor.com. Median calculated from available prices: 55.95, 61.99, 64.99, 86.99, 99.99."
"El Viejito Plata 42 Plata 50 Reposado Tequila - 3-Pack","","","64.99","","","","","","","","","Insufficient data. Search results contain only one price point for 'El Viejito Plata 42 Plata 50 Reposado Tequila - 3-Pack': $64.99 from Sipsy[1]. The requested retailers (Amazon, Total Wine, Vivino, Liquor.com) are not represented in the search results. To calculate lowest, median, and highest prices, pricing data from at least 3 different retailers is required."
"Mijenta Tequila Reposado Symphony Series No. 2 - 750ml","","","74.99","75.0","https://sftequilashop.com/products/mijenta-tequila-reposado-symphony-series-no-2-750ml","79.99","https://unwindbottleshop.com/products/mijenta-tequila-symphony-no-2-750ml","89.99","https://raretequilas.com/products/mijenta-symphony-series-no-2-reposado-tequila","-0.01","-5.0","Prices from available retailers (SF Tequila Shop $75, Unwind Bottle Shop/Taster's Club/Keg N Bottle $79.99, Sip Tequila $84.99, Rare Tequilas $89.99). No prices found on Amazon, Total Wine, Vivino, or Liquor.com. Binny's outlier $455.94 excluded. Wine-Searcher avg $82 ex-tax."
"Lost Lore High-Proof Reposado Tequila - 750ml","","","91.99","52.99","https://www.hiproof.com/products/lost-lore-tequila-reposado-750ml","69.99","https://unwindbottleshop.com/products/lost-lore-tequila-reposado-750ml","89.99","https://www.oldtowntequila.com/lost-lore/","39.0","22.0","Prices from various online retailers; no listings found on Amazon, Vivino, or Liquor.com. Lowest and median from standard Reposado (likely 40% ABV), highest from confirmed High-Proof Reposado (49% ABV). Total Wine lists product but no price shown."
"G4 Tequila Añejo - 750ml","","","99.99","85.0","https://sftequilashop.com/products/g4-anejo","99.99","https://www.oldtowntequila.com/brands/G4.html","111.99","https://www.caskers.com/g4-tequila-a-ejo/","14.99","0.0","Prices from online retailers; Total Wine [8] and Amazon not listing specific prices in results. Standard G4 Añejo 750ml selected, excluding limited editions. Median approximated from available prices: 85, 99.99, 111.99."
"Tears of Llorona Extra Añejo - 1L","","","269.99","229.99","https://kegnbottle.com/products/tears-of-llorona","299.95","https://liquorama.com/tears-of-llorona-no3-extra-anejo-tequila-1l.html","299.99","https://kegnbottle.com/products/tears-of-llorona","40.0","-29.96","Prices from Keg N Bottle (sale $229.99, regular $299.99) and Liquorama ($299.95) for 1L; no prices found on Amazon, Total Wine, Vivino, or Liquor.com. Other results either lack specific prices, are for 750ml, or non-US retailers."
"Don Vicente Fuerte Reposado Tequila - 104 Proof Cask Strength - 750ml","","","99.99","59.95","https://elcerritoliquor.com/products/don-vicente-fuerte-reposado-pre-sale","105.99","https://topshelfwineandspirits.com/products/don-vicente-fuerte-reposado-tequila","127.39","https://www.wine-searcher.com/find/don+vincent+fuerte+tequila+reposado+jalisco+mexico/1/usa-fl-y?offer=ws-2-1g9sr18-0-10%2F247","40.04","-6.0","Prices from various online retailers; none from specified sites (Amazon, Total Wine, Vivino, Liquor.com). El Cerrito Liquor lists unusually low $59.95 (pre-sale). Wine-Searcher price ex. sales tax."
"G4 Clásico Reposado Tequila + G4 Reposado Tequila (2-Pack)","","","159.99","109.99","https://raretequilas.com/collections/vendors?q=g4","119.99","https://www.oldtowntequila.com/brands/G4.html","140","https://www.youtube.com/watch?v=T8LK5MlNhQA","50.0","40.0","Prices for G4 Clásico Reposado Tequila (single bottle, likely 750ml); no exact 2-pack listings found on Amazon, Total Wine, Vivino, or Liquor.com. Total Wine [8] lists product but no price. Old Town Tequila [3] $59.99 (standard Reposado, not confirmed Clásico). Median averaged from available points."
"G4 Clásico Reposado Tequila - 750ml","","","129.99","79.99","https://www.binnys.com/spirits/tequila/g-reposado-classico-tequila-170984/","95.0","https://sftequilashop.com/products/g4-throwback-reposado-tequila-750ml","119.99","https://shopsk.com/products/g4-clasico-reposado-tequila-750ml","50.0","34.99","Prices from Binny's ($79.99)[5], Liquor Cave ($84.99)[1], SF Tequila Shop ($95)[3], Sip Tequila ($99.99)[4], Rare Tequilas ($109.99)[7], ShopSK ($119.99)[8]. Total Wine[9] and others lack specific prices. None from Amazon, Vivino, Liquor.com. Avg ex-tax $91[2]. Sorted unique: 79.99, 84.99, 95, 99.99, 109.99, 119.99."
"Humano Reposado Tequila - 750ml","","","59.99","54.99","https://www.binnys.com/spirits/tequila/humano-tequila-reposado-156631/","54.99","https://woodencork.com/products/humano-tequila-reposado-750ml","65.0","https://sftequilashop.com/products/tequila-humano-reposado-750ml","5.0","5.0","Prices from various online retailers; Total Wine listed but no specific price in results. Common price $54.99 (sale), regular often $59.99. Ex-tax avg $59[1]. No prices from Amazon, Vivino, or Liquor.com in results."
"Tequila Mandala Reposado Ceramic Bottle - 1L","","","89.99","74.94","https://www.hiproof.com/products/tequila-mandala-reposado-ceramic-1l","94.99","https://sipsy.com/products/tequila-mandala-reposado-ceramic-bottle-1l","104.99","https://www.totalwine.com/spirits/tequila/reposado/mandala-reposado-tequila-ceramic-bottle/p/347094010","15.05","-5.0","Prices from available retailers (Hi Proof $74.94 sale, Sipsy $89.99 sale, Total Wine $104.99); no current listings found on Amazon, Vivino, or Liquor.com. Whisky Liquor Store lists higher at $169.49-$198.49 but excluded as outlier."
"Humano Añejo Tequila - 750ml","","","68.99","58.99","https://www.remedyliquor.com/products/humano-tequila-anejo-750ml","68.0","http://www.wine-searcher.com/find/humano+tequila+anejo/1/usa/","75.99","https://tipxy.com/products/humano-tequila-anejo-tequila-1","10.0","0.99","Prices from various online retailers; Total Wine lists product but no price shown in results. Median based on average price from Wine-Searcher. No direct prices found from Amazon, Vivino, or Liquor.com in results."
"Yeyo High Proof Tequila Blanco - 750ml","","","69.99","39.97","https://www.hiproof.com/collections/vendors?q=yeyo","64.95","https://raretequilas.com/products/yeyo-high-proof-blanco-tequila","69.99","https://kegnbottle.com/products/yeyo-tequila-blanco-750-ml-copy","30.02","5.04","Prices from various online retailers; Total Wine listing lacks price info. Lowest from hi proof (batch-specific), median and highest from current sale prices. Retailers: hi proof, keg n bottle, raretequilas, etc. No prices from Amazon, Vivino, or Liquor.com in results."
"Maestro Dobel 50 Extra Añejo Cristalino Tequila - 750ml","","","139.99","153","https://www.wine-searcher.com/find/maestro+dobel+50+tequila+extra+anejo+cristalino+jalisco+mexico","215","https://www.campoluzenoteca.com/tequila-maestro-dobel-50-cristalino-9605.html","2400","https://vinosylicoreslareserva.com/producto/maestro-dobel-50-extra-cristalino-750ml/","-13.01","-75.01","Prices in USD (converted where necessary; Wine-Searcher avg ex-tax $153, others €214-223≈$230-240, $2400; no exact matches from Amazon/Total Wine/Vivino/Liquor.com in results; 750ml confirmed where specified)"
"LALO Blanco Tequila - 750ml","","","44.99","26.31","https://specsonline.com/shop/spirits/lalo-tequila-blanco/","47.99","https://www.caskers.com/lalo-blanco-tequila/","49.99","https://siptequila.com/products/lalo-blanco","18.68","-3.0","Prices from Spec's ($26.31), Caskers ($46.99-$47.99), Sip Tequila ($49.99 sale), CW Spirits ($39.99), Wine-Searcher avg $47-$48. No prices found for Amazon, Vivino, Liquor.com; Total Wine listing lacks price."
"Fortaleza Reposado Winter Blend 2024 - 750ml","","","499.99","109.99","https://www.totalwine.com/spirits/tequila/reposado/fortaleza-reposado-winter-blend/p/227559750","574","https://www.wine-searcher.com/find/fortaleza+los+abuelo+winter+blend+tequila+reposado+jalisco+mexico/2024","599.99","https://kegnbottle.com/products/fortaleza-winter-blend-2024-reposado-tequila-750ml","390.0","-74.01","Prices from Total Wine ($109.99), Wine-Searcher avg $574 (ex-tax), Keg N Bottle ($599.99). No prices found on Amazon, Vivino, or Liquor.com in results; other retailers listed without explicit prices."
"Fortaleza Blanco Still Strength - 750ml","","","129.99","63.99","https://www.totalwine.com/spirits/tequila/blancosilver/fortaleza-blanco-still-strength-tequila/p/234898750","143","https://www.wine-searcher.com/find/fortaleza+los+abuelo+still+strength+tequila+blanco+jalisco+mexico","179.99","https://www.donsliquorsandwine.com/products/fortaleza-blanco-still-strength-tequila-750ml","66.0","-13.01","Prices from Total Wine ($63.99), Wine-Searcher avg ($143), Don's ($179.99). No current listings found on Amazon, Vivino, or Liquor.com. Other sites: Caskers $161.99."
"Casamigos Tequila Blanco - 750ml","","","59.99","32.99","https://www.totalwine.com/spirits/tequila/blancosilver/casamigos-blanco-tequila/p/130475750","45.99","https://applejack.com/Casamigos-Blanco-Tequila-750-ml","70.0","https://www.reservebar.com/collections/casamigos","27.0","14.0","Prices from Total Wine ($32.99)[5], Applejack ($43.99)[3], Post Wines ($45.99)[1], Wine-Searcher avg $49[2]; ReserveBar listed highest at $70[7]. Specified retailers (Amazon, Vivino, Liquor.com) had no direct 750ml pricing in results. Prices exclude tax/shipping."
"Score Tequila Reposado 2026 World Cup USA Limited Edition Ball Decanter - 750ml","","","89.99","89.99","https://www.liquorcave.com/products/score-tequila-reposado-2026-world-cup-usa-limited-edition-ba","99.99","https://www.thebarreltap.com/products/score-tequila-reposado-2026-world-cup-usa-limited-edition","249.99","https://caskcartel.com/products/score-2026-usa-limited-edition-reposado-tequila","0.0","-10.0","Prices from Liquor Cave ($89.99[1]), Old Town Tequila ($89.99[2]), The Barrel Tap ($99.99[5]), Bourbon Hunt USA ($99.99[6]). Highest from Cask Cartel ($249.99[7]). No prices found on Amazon, Vivino, or Liquor.com. Total Wine lists product but no price[9]. Some results for Mexico edition excluded."
"Tequila Mandala Día De Los Muertos 2025 ""Life After Death"" Limited Edition Set - 1L","","","319.99","55.29","https://www.vinomajestic.com/product/mandala-tequila-anejo-dia-de-los-muertos-life-after-death-2025-limited-edition-bundle-1l/","189.99","https://www.nestorliquor.com/products/mandala-dia-de-muertos-anejo-tequila-2024-limited-edition-pre-order-now","319.99","https://sipsy.com/collections/tequila-mandala","264.7","130.0","Prices from various online retailers (not limited to Amazon, Total Wine, Vivino, Liquor.com as no listings found there). Lowest appears heavily discounted; median approximated from available current prices for 1L 2025 'Life After Death' set. Some results for single bottles or prior years excluded."
"Volcán De Mi Tierra Blanco Tahona Tequila - 750ml","","","119.99","125.99","https://theliquorbros.com/collections/volcan-tequila","134.99","https://www.thebarreltap.com/products/volcan-de-mi-tierra-tequila-tahona-blanco","149.99","https://siptequila.com/products/volcan-de-mi-tierra-blanco-tahona","-6.0","-15.0","Prices from various online retailers; Total Wine lists product but no price in results. Sorted: 125.99[2], 122.28[4]?unclear if discounted, 126.99[5], 134.99[7], 139.99[3][9], 149.99[1]. Median from 6 prices."
"Villa One Añejo - 750ml","","","52.99","49.99","https://www.oldtowntequila.com/villa-one-tequila/","55.99","https://shop.villaonetequila.com/products/villa-one-anejo","67.99","https://caskcartel.com/products/villa-one-anejo-tequila","3.0","-3.0","Prices from various online retailers; no current listings found on Amazon, Total Wine, Vivino, or Liquor.com in search results. Total Wine has a product page but no price listed. Median calculated from available prices: 49.99, 55, 55.99, 59.99, 61.78, 67.99."
"Tres Comas Añejo - 750ml","","","59.99","16.99","https://finewineliquors.com/product/tres-comas-anejo-tequila/","55.0","https://greatbooze.com/products/tres-comas-anejo-tequila-750ml","79.99","https://kegnbottle.com/products/tres-comas-anejo-tequila","43.0","4.99","Prices from available retailers; none found on Amazon, Total Wine, Vivino, or Liquor.com. Median approximated from listed prices: 16.99, 42.99, 49.99, 54.99, 55.99, 59.99, 79.99. Some items out of stock."
"The Paloma Cocktail Set – 6–8 Servings","","","59.99","","","","","","","","","To obtain accurate pricing from Amazon, Total Wine, Vivino, and Liquor.com, a new search targeting those specific retailers would be required"
"Don Julio 1942 Tequila - 375ml","","","99.99","72.99","https://www.oldtowntequila.com/brands/Don-Julio.html","99.0","https://siptequila.com/products/don-julio-1942-375ml","99.97","https://flaskfinewines.com/products/don-julio-1942-tequila-375ml","27.0","0.99","Prices from various online retailers; Total Wine, Amazon, Vivino, and Liquor.com lacked specific 375ml pricing in results. Current sale prices used where available. Spec's lists $94.73."
"Cazcanes No. 7 Tequila Reposado - 750ml","","","79.99","79.99","shopsk.com","89.99","hiproof.com","118.75","cwspirits.com","0.0","-10.0","Search results do not include prices from Amazon, Vivino, or Liquor.com as requested. Prices are from available online retailers in search results only. All prices are for 750ml bottles. Prices and availability may vary by location and change over time."
"Casamigos Tequila Reposado - 750ml","","","64.99","40.0","https://sftequilashop.com/products/casamigos-reposado","45.99","https://applejack.com/Casamigos-Reposado-Tequila-750-ml","49.89","https://bestbuyliquors.com/casamigos-reposado-tequila","24.99","19.0","Prices extracted from search results for 750ml bottles. Sorted values: 40.00, 41.99, 44.99, 45.99, 46.99, 49.89. No prices found from Amazon, Vivino, or Liquor.com in results; Total Wine [8] lacks specific price."
"Casa Dragones Tequila Joven - 750ml","","","249.99","165.99","https://flaviar.com/products/casa-dragones-tequila-joven-750","314.99","https://www.oakandbarrelnyc.com/product/casa-dragones-tequila-joven-750ml/","368.99","https://bottlebuzz.com/products/casa-dragones-tequila-joven","84.0","-65.0","Prices from various online retailers; Total Wine [10] and Amazon not listing specific prices in results. Excludes gift sets and crossed-out prices. Avg ex-tax $312 [1]. Flaviar price notably low, verify availability."
"1800 Silver Tequila - 750ml","","","31.99","19.99","https://warehousewinesandspirits.com/shop/?brand=1800+Tequila","26.96","https://spiritsnetwork.com/1800-silver-tequila/","27.99","https://shopwinedirect.com/1800-silver-tequila-750ml.html","12.0","5.03","Prices from search snippets; Total Wine: $22.49[8]; Warehouse Wines: $19.99[9]; Spirits Network: $26.96[5]; ShopWineDirect/FineWineHouse MSRP: $27.99[2][3]. None from Amazon, Vivino, or Liquor.com. Ranges in some listings indicate variable pricing."
"Los Abuelos Añejo Tequila - 750ml","","","300.0","199.99","https://siptequila.com/collections/tequila-fortaleza","246.99","https://gabaapp.com/product/fortaleza-los-abuelos-tequila-anejo-750ml/","299.96","https://www.highendliquor.com/products/fortaleza-los-abuelos-tequila-anejo-750ml","100.01","53.01","Prices from available sources for Fortaleza Los Abuelos Añejo Tequila 750ml (or close Fortaleza Añejo variants); no listings found on Amazon, Vivino, or Liquor.com. Total Wine lists Fortaleza Añejo without price. Range: $199.99-$299.96."
"Lost Lore Tahona Blanco & Blanco Tequila 2pk - 750ml","","","147.99","62.99","https://www.totalwine.com/spirits/tequila/lost-lore-blanco-tequila/p/2126254909","89.99","https://www.oldtowntequila.com/lost-lore/","92.99","https://topshelfwineandspirits.com/products/lost-lore-tahona-blanco-tequila","85.0","58.0","Prices from available retailers (Total Wine, others); no listings found on Amazon, Vivino, or Liquor.com. Total Wine lists 'Lost Lore Blanco Tequila' at $62.99 (may be base Blanco, not explicitly Tahona). El Cerrito $55.95 appears for different 'Blanco Tahona' variant. Median calculated from unique prices: 62.99, 85.99, 89.99, 90.00, 91.99, 92.99."
"Don Vicente Fuerte Reposado + Reposado 2-Pack","","","159.99","99","https://www.roadrunner.la/product-page/don-vicente-fuerte-reposado-tequila","103.99","https://www.royalbatch.com/don-vicente-fuerte-reposado-tequila","109.99","https://siptequila.com/products/don-vicente-fuerte-reposado-104-proof","60.99","56.0","No prices found for specified 'Reposado + Reposado 2-Pack' on Amazon, Total Wine, Vivino, or Liquor.com; results are for single 750ml bottles of Don Vicente Fuerte Reposado. Prices ex-tax where noted."
"Humano Blanco Joven Reposado & Añejo - 4-Pack","","","239.99","74.99","https://www.oldtowntequila.com/humano-tequila/","78.99","https://www.royalbatch.com/humano-joven-tequila","89.99","https://liquorgeeks.com/products/humano-tequila-joven","165.0","161.0","No prices found for 'Humano Blanco Joven Reposado & Añejo - 4-Pack' on Amazon, Total Wine, Vivino, or Liquor.com. Prices are for single 750ml bottles of Humano Joven Tequila from other retailers. No 4-pack listings identified in results."
"Tequila Mandala Blanco Ceramic Bottle - 1L","","","74.99","69.99","https://www.oldtowntequila.com/mandala-tequila/","84.99","https://greatbooze.com/products/mandala-blanco-ceramic-tequila-1l","188.49","https://www.tequilaliquorstore.com/165839/tequila-mandala-blanco-1-ltr.-ceramic","5.0","-10.0","Prices from various online retailers including Total Wine ($89.99)[8]. No listings found on Amazon, Vivino, or Liquor.com. Current sale prices used where available; sorted from: 69.99[2], 74.99[1], 79.99[3], 84.99[5][9], 89.99[8], 188.49[7]."
"Fortaleza Blanco Reposado and Añejo Tequila - 3-Pack","","","399.99","519.99","https://onlineliquor.com/products/fortaleza-blanco-reposado-anejo-bundle","549.99","https://canawineco.com/products/fortaleza-tequila-3-pack-bundle-750ml","599.99","https://woodencork.com/products/fortaleza-blanco-reposado-anejo-tequila-collection","-120.0","-150.0","Prices from bundle listings matching 'Fortaleza Blanco Reposado and Añejo Tequila - 3-Pack'. No results from specified retailers (Amazon, Total Wine, Vivino, Liquor.com). Sorted clear sale prices: 519.99[9], 549.99[3], 569.99[1], 599.99[6]. Median from three central values."
"Don Julio Tequila Reposado - 750ml","","","59.99","33.29","https://cwspirits.com/collections/don-julio","53.99","https://applejack.com/Don-Julio-Reposado-Tequila-750-ml","68.99","https://www.bottlevalues.com/spirits/?varietal=Tequila&price_band=75&size=750&winery=Don+Julio&sortby=sort_item_order&l=25&item_type=spirits","26.7","6.0","Prices from various retailers; Total Wine lacks specific price in results; CWS shows vault/discounted price; Applejack loyalty price used for low end; no Amazon/Vivino/Liquor.com direct matches."
"Don Julio 1942 Rosado Reposado (Limited Edition) - 750ml","","","79.99","79.99","https://theliquorbros.com/collections/don-julio","113","https://www.wine-searcher.com/find/don+julio+rose+tequila+reposado+jalisco+mexico/1/usa","229","https://www.missionliquor.com/products/don-julio-rosado-reposado-750ml","0.0","-33.01","Prices from various retailers; Total Wine lists product but no price in results[8]. Lowest and sales prices from liquor stores[3][6]; avg ex-tax $113[1]. No direct prices from Amazon, Vivino, or Liquor.com in results."
"Don Fulano Reposado Tequila - 750ml","","","59.99","54.99","https://shopsk.com/collections/don-fulano","59.99","https://www.oldtowntequila.com/brands/Don-Fulano.html","69.99","https://siptequila.com/products/don-fulano-reposado","5.0","0.0","Prices from available retailers: ShopSK ($54.99), Old Town Tequila/Marketview/Bottle Values ($58.99-$59.99), SipTequila ($69.99). No prices found from Amazon, Vivino, or Liquor.com in results. Total Wine listed without price."
"Casamigos Tequila Añejo - 750ml","","","69.99","49.9","https://www.bodeboca.com/destilados-licores/casamigos-anejo","50.55","https://www.delicando.com/en/18772/casamigos-tequila-anejo-100-agave-azul-40-vol-07l","52.2","https://www.greeceandgrapes.com/en/spirits-tequila-anejo-casamigos","20.09","19.44","Prices in EUR for 700-750ml from European retailers (no results from specified US sites: Amazon, Total Wine, Vivino, Liquor.com). Average ex-tax ~$60 USD per Wine-Searcher[1]."
"1800 Silver Tequila - 1.75L","","","41.99","36.99","https://www.winedeals.com/spirits/tequila/1800-silver-tequila-1-75-l-33790.html","44.99","https://www.binnys.com/spirits/tequila/silver-tequila-61061/","50.99","https://www.marketviewliquor.com/product/spirit/1800-silver-tequila-175-ltr","5.0","-3.0","Prices from search results for 1800 Silver Tequila 1.75L: WineDeals $36.99[1], Binny's $44.99[6], Walmart $42.98[7], Marketview $50.99[2]. No prices found from Amazon, Vivino, or Liquor.com. Total Wine listed without price[8]. Median calculated from available prices."
"Los Abuelos Reposado - 750ml","","","250.0","109","https://www.wine-searcher.com/find/fortaleza+los+abuelo+tequila+reposado+jalisco+mexico/1/australia","270","https://www.highendliquor.com/products/fortaleza-los-abuelos-tequila-reposado-750ml","2499","https://canawineco.com/products/fortaleza-los-abuelos-reposado-tequila?variant=45782569943295","141.0","-20.0","Prices from various online retailers and aggregators (e.g., Wine-Searcher, High End Liquor, Cana Wine Co); no direct listings found from Amazon, Total Wine, Vivino, or Liquor.com. Prices reflect ex-tax averages or listed retail where available; Winter Blend and Single Barrel variants included as matching 'Los Abuelos Reposado'. Median approximated from available data points."
"Siembra Alteño Añejo Tequila - 750ml","","","139.99","104","https://www.wine-searcher.com/find/siembra+alteno+tequila+anejo+jalisco+mexico","104","https://www.wine-searcher.com/find/siembra+alteno+tequila+anejo+jalisco+mexico","104","https://www.wine-searcher.com/find/siembra+alteno+tequila+anejo+jalisco+mexico","35.99","35.99","Only one price found for Siembra Alteño Añejo Tequila 750ml (avg $104 ex-tax) from Wine-Searcher[1]. No prices from Amazon, Total Wine, Vivino, or Liquor.com in results; Total Wine lists product without price[8]. Other results are for Blanco or Reposado variants."
"Alma Del Jaguar Barricas 2025 5-Bottle Collector's Set - Limited Edition Tequila","","","649.99","749.99","https://www.sevenstarliquors.com/products/alma-del-jaguar-barricas-series-5-pack-of-all-5-expressions","749.99","https://kegnbottle.com/products/alma-del-jaguar-anejo-barricas-series-collection-5x750ml","769.99","https://siptequila.com/products/alma-del-jaguar-anejo-barricas-series-collection","-100.0","-100.0","No prices found on Amazon, Total Wine, Vivino, or Liquor.com. Prices are for Barricas Series 5-bottle collections from other retailers; product matches '2025 Limited Edition' per release date in results. Regular prices $749.99, occasional MSRP $769.99."
"El Viejito Plata 50% Tequila - 750ml","","","29.99","27.99","https://www.royalbatch.com/el-viejito-silver-plata-tequila","47.99","https://fortequilalovers.com/products/el-viejito-plata-50","48.99","https://fermentandstill.com/products/el-viejito-plata-tequila-750-ml","2.0","-18.0","Prices from Royal Batch ($27.99), Wine-Searcher avg $34, ForTequilaLovers ($47.99), Ferment and Still ($48.99). No results from Amazon, Total Wine, Vivino, or Liquor.com. Walmart Mexico lists payments suggesting ~$55 USD equivalent. Some items sold out."
"El Viejito Reposado Tequila - 750ml","","","29.99","41.99","https://specsonline.com/shop/spirits/el-viejito-tequila-reposado-6-case/","48.99","https://topshelfwineandspirits.com/products/el-viejito-reposado-tequila","48.99","https://www.youtube.com/watch?v=K0Y8-cYP2Kc","-12.0","-19.0","Prices from Spec's ($41.99), Wine Palace ($39.99 listed but confirmed $41.99 range), Top Shelf ($48.99), YouTube review ($48.99), Wine-Searcher avg $47. No prices found on Amazon, Total Wine, Vivino, or Liquor.com. LoveScotch lists unclear price (possibly case pricing)."
"Tequila Mandala Añejo Ceramic Bottle - 1L","","","129.99","","","","","","","","",""
"Superbird Tequila Fuego - 750ml","","","9.99","9.99","https://sipsy.com/products/superbird-tequila-fuego-750ml","31","https://www.liquorcave.com/products/superbird-fuego-blanco-tequila","34.99","https://www.totalwine.com/spirits/tequila/flavored-tequila/jalapeno/superbird-fuego-spicy-blanco-tequila/p/2126223820","0.0","-21.01","Prices from various online retailers including Total Wine; no direct results from Amazon, Vivino, or Liquor.com. Lowest appears to be a sale price; average ex-tax $29. Other prices: $25, $31.99."
"Spicy Margarita Cocktail Pack","","","79.99","59.99","https://www.ripebarjuice.com/product-page/spicy-margarita-6-pack","79.99","https://sipsy.com/products/spicy-margarita-cocktail-pack","80.0","https://www.casparionline.com/products/spicy-margarita-cocktail-kit","20.0","0.0","Prices from Sipsy, Ripe Bar Juice, and Caspari for 'Spicy Margarita Cocktail Pack' or similar kits. No results found from Amazon, Total Wine, Vivino, or Liquor.com. Target results are for individual premixed cocktails, not packs."
"Siete Leguas Blanco - 750ml","","","39.99","39.99","https://morewines.com/7-leguas-tequila-blanco-750ml/","55","https://www.wine-searcher.com/find/seite+seven+legua+tequila+blanco+jalisco+mexico","69.99","https://theliquorbros.com/products/sieteleguas-tequila-blanco-750ml","0.0","-15.01","Prices from search results; no direct matches from Amazon, Vivino, or Liquor.com. Lowest and median for 750ml; highest for 700ml. Total Wine lacks specific price. Averages ex-tax."
"Siembra Alteno Reposado - 750ml","","","89.99","79.99","https://raretequilas.com/products/siembra-alteno-reposado-tequila","89.99","https://sipsy.com/products/siembra-alteno-reposado-750ml","146.99","https://www.whiskyliquorstore.com/230168/siembra-alteno-tequila-reposado-750ml","10.0","0.0","Prices from various retailers; Total Wine lists product but no price in snippet. Multiple sources at $89.99. No prices found from Amazon, Vivino, or Liquor.com. Average ex-tax $93[2]."
"La Luna Bruto Mezcal - 750ml","","","84.99","84.99","https://sipsy.com/products/la-luna-bruto-mezcal-750ml","120.0","https://www.wine-searcher.com/find/la+luna+brut+mezcal+michoacan+mexico","150.0","https://siptequila.com/products/la-luna-bruto-mezcal","0.0","-35.01","Prices from various online retailers; average ex-tax price $120. No results found from Amazon, Total Wine, Vivino, or Liquor.com. Median based on average price reported by Wine-Searcher."
"Jose Cuervo Reserva de la Familia Extra-Añejo Tequila - 750ml","","","149.99","145","https://ludwigsfinewine.com/products/jose-cuervo-reserva-de-la-familia-extra-anejo-750ml","173.23","https://specsonline.com/shop/spirits/cuervo-tequila-extra-anejo-la-familia-3-case-2/","224.99","https://siptequila.com/products/jose-cuervo-reserva-de-la-familia-extra-anejo","4.99","-23.24","Prices from various online retailers; no direct results from Amazon, Total Wine, Vivino, or Liquor.com. Lowest and median are 750ml USD; highest on sale from $249. Ex-tax averages ~$145-179. European prices converted approximately (e.g., 80.91€ ~$88, but prioritized USD listings)."
"General Gorostieta Tequila Joven - 750ml","","","99.99","54.95","https://elcerritoliquor.com/products/tequila-general-gorostieta-joven-750ml","99.99","https://www.oldtowntequila.com/tequila-general/","125.0","https://sftequilashop.com/products/tequila-general-gorostieta-joven-750ml","45.04","0.0","Prices from various online retailers (not limited to Amazon, Total Wine, Vivino, Liquor.com as none found there); El Cerrito Liquor $54.95[4], Country Sips $74.99[6], Old Town Tequila/Rare Tequilas $99.99[2][8], Wine-Searcher avg $110[1], Sip Tequila/Unwind $107.99-$109.99[5][7], SF Tequila Shop $125[3]. No prices from specified sites."
"Espolón Blanco Silver Tequila - 750ml","","","31.99","20.99","https://www.foodrepublic.com/1529202/best-worst-inexpensive-tequilas-to-buy-avoid/","25.99","https://www.totalwine.com/spirits/tequila/blanco-silver/c/000826?viewall=true&brandcode=espolon&sort=name-asc&tab=aty_isp","28.99","https://www.lisasliquorbarn.com/spirits/espolon","11.0","6.0","Prices from Total Wine ($20.99-$25.99), Lisa's Liquor Barn ($28.99); no current prices found for Amazon, Vivino, or Liquor.com. Food Republic references Total Wine at $20.99 (possibly older price)."
"El Cristiano Extra Añejo Tequila - 750ml","","","134.99","99.95","https://raretequilas.com/products/el-cristiano-extra-anejo-tequila","129.99","https://kegnbottle.com/products/el-cristiano-extra-anejo-tequila-750-ml","175.0","https://sftequilashop.com/products/el-cristiano-extra-anejo-750ml","35.04","5.0","Prices from various online retailers (not limited to Amazon, Total Wine, Vivino, Liquor.com as none listed there); some products noted as unavailable. All for 750ml El Cristiano Extra Añejo Tequila."
"El Búho Mezcal Extra Añejo - 750ml","","","196.99","151.99","https://www.liquorcave.com/products/el-buho-mezcal-anejo-94pf-750ml","189.99","https://www.hitimewine.net/el-buho-anejo-mezcal-47-750ml-nom-0110x-aged-in-french-oak-barrels-6yrs-123467","210.0","https://sftequilashop.com/products/el-buho-especial-6yr-extra-anejo-mezcal-750ml","45.0","7.0","Prices from matching or closely related Extra Añejo/Añejo listings; no results from Amazon, Total Wine, Vivino, or Liquor.com. Median calculated from available prices: 151.99, 179.99-189.99, 194.99-196.99, 210.00."
"Los Abuelos Blanco Tequila - 750ml","","","200.0","105","https://www.wine-searcher.com/find/fortaleza+los+abuelo+still+strength+tequila+blanco+jalisco+mexico/1/uk","170","https://www.highendliquor.com/products/fortaleza-blanco-tequila-750ml","470","https://canawineco.com/products/fortaleza-los-abuelos-blanco-750ml","95.0","30.0","Prices extracted from search results for Fortaleza Los Abuelos Blanco Tequila 750ml (equivalent product). No direct matches from Amazon, Total Wine, Vivino, or Liquor.com. Lowest and median are ex-tax averages or listed; highest is current retail. Prices in USD; Mexican peso prices not converted."
"Siembra Tahona Blanco High Proof Tequila - 750ml","","","119.99","119.99","https://sipsy.com/products/siembra-tahona-blanco-high-proof-tequila-750ml","119.99","https://sipsy.com/products/siembra-tahona-blanco-high-proof-tequila-750ml","119.99","https://sipsy.com/products/siembra-tahona-blanco-high-proof-tequila-750ml","0.0","0.0","No prices found from specified retailers (Amazon, Total Wine, Vivino, Liquor.com); only one price from Sipsy.com available in search results."
"Cazcanes No. 7 Joven Tequila - 750ml","","","99.99","74.99","https://cazcanes.com/products/no-7-joven","99.99","https://www.wine-searcher.com/find/cazcanes+no+seven+tequila+joven+jalisco+mexico/1/usa-ia","109.99","https://raretequilas.com/products/cazcanes-no-7-joven-tequila","25.0","0.0","Prices from various online retailers including manufacturer site and Wine-Searcher average; no current listings found on Amazon, Total Wine, Vivino, or Liquor.com in results. Prices ex-tax where noted, sale prices used."
"Alma Del Jaguar Barricas Series Añejo Mizunara Cask - 750ml","","","159.99","150.0","https://sftequilashop.com/products/alma-del-jaguar-tequila-anejo-mizunara-oak-cask-750ml","160.0","https://www.binnys.com/spirits/tequila/alma-del-jaguar-barricas-series-anejo-tequila-finished-in-mizunara-casks-174858/","175.0","https://barrelshoppe.com/products/alma-del-jaguar-barricas-anejo-mizunara-oak-cask","9.99","-0.01","Prices from various retailers (not limited to Amazon, Total Wine, Vivino, Liquor.com as none listed the product); sorted from available 750ml listings: $150, $157.99, $159.99, $160.99, $169.99, $175. Median approximated from 6 prices. Some sold out or state-restricted."
"Alma del Jaguar Barricas Series Reposado Pear Wood Cask - 750ml","","","139.99","124.99","https://gtownwine.com/shop/product/alma-del-jaguar-tequila-reposado-pear-wood/68d6dcbae6c90f6551722e8d?option-id=ad9a35b5716938155b3b22c8bcecbb3b04e976b584562d5ad4fde046a4850e08","138.99","https://www.royalbatch.com/alma-del-jaguar-barricas-series-pear-wood-cask-reposado-tequila","149.99","https://siptequila.com/products/alma-del-jaguar-reposado-barricas-series-pear-wood-cask","15.0","1.0","Prices from various retailers (not limited to Amazon, Total Wine, Vivino, Liquor.com as no results from those); many sold out. Sorted unique prices: 124.99, 130.00, 136.99, 138.99, 149.99."
"El Viejito Plata 42% Tequila - 750ml","","","24.99","48.99","https://fermentandstill.com/products/el-viejito-plata-tequila-750-ml","48.99","https://fermentandstill.com/products/el-viejito-plata-tequila-750-ml","48.99","https://fermentandstill.com/products/el-viejito-plata-tequila-750-ml","-24.0","-24.0","No prices found from specified retailers (Amazon, Total Wine, Vivino, Liquor.com). Prices from other sites in USD and MXN; only one clear USD price available. Walmart implies ~$1569 MXN (~$90 USD). Mexican sites: $650 and $1098 MXN."
"Humano Blanco Tequila - 750ml","","","49.99","44.99","https://www.binnys.com/spirits/tequila/humano-tequila-blanco-156630/","49.99","https://www.oldtowntequila.com/humano-tequila/","88.49","https://www.whiskyliquorstore.com/227087/humano-tequila-blanco-750ml","5.0","0.0","Prices from various online retailers; Total Wine, Amazon, Vivino, and Liquor.com had no specific pricing in results. Lowest is current sale at Binny's[8], median approximates sorted values around $49-50[2][4], highest at Whisky Liquor Store[7]. Prices exclude tax/shipping."
"Don Julio 1942 x Peggy Gou Limited Edition - 750ml","","","199.99","191.99","https://flaviar.com/products/don-julio-1942-x-peggy-gou-limited-edition-extra-anejo-tequila-750","229.99","https://www.thebarreltap.com/products/don-julio-1942-peggy-gou","261.99","https://www.passionspirits.com/don-julio-1942-peggy-gou","8.0","-30.0","Prices from search results; no listings found on Amazon, Vivino, or Liquor.com. Total Wine listed but no price shown. Median calculated from available prices: 191.99, 199.99, 229.99 (x2), 255.99, 261.99."
"Tequila Ocho Plata - 750ml","","","49.99","45.49","https://www.marketviewliquor.com/product/tequila-ocho-plata-750ml","54.99","https://siptequila.com/products/tequila-ocho-plata","57.99","https://cwspirits.com/products/tequila-ocho-plata-750ml","4.5","-5.0","Prices from available retailers: Marketview Liquor ($45.49), Sip Tequila ($54.99), Country Wine & Spirits ($57.99). Total Wine links lack specific prices. Wine-Searcher avg $49-$51 ex-tax. Specified retailers (Amazon, Vivino, Liquor.com) absent from results."
"Siempre Exclusivo Vivo Blanco Tequila - 750ml","","","129.99","129.99","https://sipsy.com/products/siempre-exclusivo-vivo-blanco-tequila-750ml","129.99","https://sipsy.com/products/siempre-exclusivo-vivo-blanco-tequila-750ml","129.99","https://sipsy.com/products/siempre-exclusivo-vivo-blanco-tequila-750ml","0.0","0.0","No prices found from specified retailers (Amazon, Total Wine, Vivino, Liquor.com); single price from Sipsy used for all metrics[1]"
"Patrón Tequila Reposado - 750ml","","","44.99","45.0","https://www.trolley.co.uk/product/patron-reposado-tequila/CBE613","48.0","https://www.thewinestop.com/blog/patron-tequila-price-guide/","64.0","https://www.wine-searcher.com/find/patron+tequila+reposado+jalisco+mexico/1/french+west+indies","-0.01","-3.01","Prices in USD/GBP/EUR approx converted; no direct prices from Amazon, Total Wine, Vivino, or Liquor.com in results. Lowest from Amazon UK via trolley.co.uk (£45 ≈ $57). Median estimated from US range $44.99-$48.99[1]. Highest avg ex-tax $64[5]. Prices vary by region/market; check retailers for current/shipping."
"Patrón Tequila Añejo - 750ml","","","65.99","49.99","https://www.thewinestop.com/blog/patron-tequila-price-guide/","63","https://www.wine-searcher.com/find/patron+tequila+anejo+jalisco+mexico","73","https://www.wine-searcher.com/find/patron+tequila+anejo+jalisco+mexico/1/spain","16.0","2.99","Prices from 2023 guide and Wine-Searcher averages (ex-tax); no current listings found from specified retailers Amazon, Total Wine, Vivino, or Liquor.com."
"Patrón El Cielo Tequila Blanco - 700ml","","","39.95","134","https://www.wine-searcher.com/find/patron+el+cielo+tequila+jalisco+mexico","199.99","https://www.drinksupermarket.com/patron-el-cielo-tequila-70cl","224.95","https://www.garrafeiranacional.com/en/tequila-patron-el-cielo.html","-94.05","-160.04","Prices in USD/GBP/EUR from available sources (converted approximations where needed); no current listings found on Amazon, Total Wine, Vivino, or Liquor.com. Lowest and median ex-tax avg; highest listed EUR price."
"Mijenta Reposado Tequila - 750ml","","","64.99","61.99","https://www.totalwine.com/spirits/tequila/reposado/mijenta-reposado-tequila/p/232461750","69.99","https://mijenta-tequila.com/collections/all","84.99","https://cwspirits.com/products/mijenta-reposado-tequila-750ml","3.0","-5.0","Prices from Total Wine ($61.99), Mijenta official ($69.99), SipTequila/Caskers/HiProof (~$69.99-$74.99). No prices found for Amazon, Vivino, Liquor.com. Averages from Wine-Searcher (~$66-$67) noted but not used for extrema."
"Madre Mezcal Ancestral Ensamble - 750ml","","","129.99","","","","","","","","",""
"Lost Lore Tequila Añejo - 750ml","","","89.99","74.99","https://www.hiproof.com/products/lost-lore-tequila-anejo-750ml","89.99","https://sipsy.com/products/lost-lore-tequila-anejo-750ml","94.99","https://www.missionliquor.com/products/lost-lore-tequila-anejo-750ml","15.0","0.0","Prices from various online retailers; Total Wine listing lacks explicit price. Median based on available sale prices around $89.99."
"La Gritona Reposado Tequila - 750ml","","","49.99","43.99","https://www.marketviewliquor.com/product/la-gritona-reposado-tequila-750ml","55","https://www.wine-searcher.com/find/la+gritona+tequila+reposado+jalisco+mexico/1/usa","61.99","https://siptequila.com/products/la-gritona-reposado","6.0","-5.01","Prices from available retailers (Marketview Liquor, Wine-Searcher avg, Sip Tequila sale); specific prices not listed for Total Wine, Amazon, Vivino, or Liquor.com in results. Happy's Liquor lists $57.19. Caskers $49.99."
"Herradura Ultra Añejo Tequila - 750ml","","","63.99","56.99","https://liquorama.com/herradura-ultra-anejo-tequila-750ml.html","64","https://www.wine-searcher.com/find/herradura+ultra+tequila+anejo+jalisco+mexico","70.9","https://www.campoluzenoteca.com/en/tequila-herradura-ultra-anejo-9747.html","7.0","-0.01","Prices from available retailers; Wine-Searcher avg $64 ex-tax (not specific retailer); no direct prices found from Amazon, Total Wine, Vivino, or Liquor.com; some results for cristalino variant excluded; €70.90 approx $77 USD but reported as listed."
"Herradura Reposado Tequila - 750ml","","","49.99","39.99","https://www.caskers.com/herradura-reposado-tequila/","46.99","https://theliquorbros.com/products/herradura-reposado-tequila-750ml","51.99","https://shopwinedirect.com/herradura-reposado-tequila-750ml.html","10.0","3.0","Prices from Caskers ($39.99), Flaviar ($39.99), The Liquor Bros ($46.99), Surdyk's ($46.99), CW Spirits ($44.99-$49.99), ABC FWS (MSRP $48.99), ShopWineDirect (MSRP $51.99). Total Wine listed without visible price. Median calculated from available explicit prices: 39.99, 39.99, 44.99, 46.99, 46.99, 48.99, 51.99."
"G4 Tequila Extra Añejo - 750ml","","","199.99","103.49","https://cwspirits.com/collections/g4-tequila","189.0","https://siptequila.com/collections/g4-tequila-family","799.99","https://www.oldtowntequila.com/brands/G4.html","96.5","10.99","Prices from various online retailers for G4 Tequila Extra Añejo 750ml (standard versions); none found on Amazon, Vivino, Liquor.com, or Total Wine. Range reflects standard (e.g., 3-5 years) to limited editions (e.g., 55 months). Wine-Searcher avg $385 ex-tax[1]."
"G4 Blanco and G4 Blanco 108 High Proof Tequila - 2-Pack","","","99.99","99.99","https://sipsy.com/products/g4-blanco-and-g4-blanco-108-high-proof-tequila-2pk","99.99","https://kegnbottle.com/products/g4-blanco-combo-pack-tequila-2x750ml","265.0","https://raretequilas.com/products/g4-blanco-tequila-bundle","0.0","0.0","Prices from Sipsy[4], Kegnbottle[1] (sale prices for matching 2x750ml Blanco + High Proof pack); highest from Rare Tequilas[2] (bundle with extra variant). No prices found on Amazon, Total Wine, Vivino, or Liquor.com for the exact 2-pack."
"Elevación 1250 Reposado Tequila - 750ml","","","54.99","54.99","https://siptequila.com/products/elevacion1250-reposado","74.96","https://kegncork.com/elevacion1250-tequila-reposado-750-ml/","143.74","https://www.marquis-wines.com/elevacion-1250-tequila-reposado-750ml/","0.0","-19.97","Prices from various retailers; no prices found on Amazon, Vivino, or Liquor.com in results. Total Wine listing lacks price. Prices in USD/CA$ (assumed comparable); Marquis includes taxes."
"Elevación 1250 Blanco Tequila - 750ml","","","48.99","41.99","https://wineandwhiskeystore.com/shop/product/elevacion-1250-blanco-rosa-tequilla/67e576db8fd1d3656a287d2c?option-id=63399dfc30efea12e086e8ecf66da2604bbd5be7ac542381e87561a2e0f21878","89.99","https://www.bswliquor.com/products/elevacion1250-tequila-blanco","114.99","https://www.marquis-wines.com/elevacion-1250-tequila-blanco-750ml/","7.0","-41.0","No prices found on Amazon, Total Wine, Vivino, or Liquor.com. Prices from other retailers in USD/CA$; lowest is sale price for 'Blanco Rosa'; ex-tax for highest; median of unique prices: 41.99, 47.99, 65.99, 70.20, 89.99, 96.98, 114.99."
"El Tesoro Blanco Tequila - 750ml","","","49.99","41.99","https://www.hiproof.com/products/el-tesoro-blanco-tequila","49.99","https://siptequila.com/products/el-tesoro-blanco-tequila","64.99","https://siptequila.com/products/el-tesoro-blanco-tequila","8.0","0.0","Prices from search results; no data found from Amazon, Vivino, Liquor.com, or Total Wine. Median approximated from available prices (41.99, 44.99, 46.99, 49.99, 64.99). Total Wine listing lacks specific price."
"Don Julio Última Reserva - 750ml","","","549.99","399","https://www.hiproof.com/products/uc-don-julio-ultima-reserva-extra-anejo-tequila-lto-750ml-bottle","459","https://www.wine-searcher.com/find/don+julio+ultima+rsrv+tequila+extra+anejo+jalisco+mexico","599","https://siptequila.com/products/don-juilo-1942-ultima-reserva-extra-anejo","150.99","90.99","Prices from various online retailers (not limited to Amazon, Total Wine, Vivino, Liquor.com as none listed specific prices there). Lowest and highest reflect sale prices where available; regular prices up to $599. Average ex-tax ~$459-$462 per Wine-Searcher."
"Don Julio 1942 - Year of the Snake - Tequila - 750ml","","","189.99","169.97","https://www.lakeliquor.com/spirits/Don-Julio-1942-Year-of-the-Snake-w80463610a","183.99","https://flaviar.com/products/don-julio-1942-year-of-the-snake-2025-limited-edition-anejo-tequila-750","219.99","https://www.oakandbarrelnyc.com/product/don-julio-1942-year-of-the-snake-750ml/","20.02","6.0","Prices from available retailers (Lake Liquor, Flaviar, Chili Liquor, Ludwig's, Oak and Barrel); none found on Amazon, Vivino, or Liquor.com. Lake Liquor lists as sold out. Total Wine result for standard 1942, not Year of the Snake."
"Don Fulano Blanco Tequila - 750ml","","","49.99","39.97","https://www.hiproof.com/products/don-fulano-blanco-tequila","52.99","https://kegnbottle.com/products/don-fulano-blanco-tequila-750-ml","59.99","https://siptequila.com/products/don-fulano-blanco","10.02","-3.0","Prices from available retailers; no listings found from specified retailers (Amazon, Total Wine, Vivino, Liquor.com). Total Wine page lacks price info. Median approximated from collected prices: 39.97, 49.99, 52.99, 59.99."
"Dodgerita Margarita Cocktail Set – 6–8 Servings","","","59.99","59.99","https://sipsy.com/products/dodger-ita-margarita-cocktail-set-6-8-servings","59.99","https://sipsy.com/products/dodger-ita-margarita-cocktail-set-6-8-servings","59.99","https://sipsy.com/products/dodger-ita-margarita-cocktail-set-6-8-servings","0.0","0.0","No listings found on Amazon, Total Wine, Vivino, or Liquor.com. Only one exact match for 'Dodgerita Margarita Cocktail Set – 6–8 Servings' at sale price $59.99 (regular $79.99) on Sipsy.com[1]. Other results are similar but different products."
"Clase Azul Plata Tequila - 750ml","","","149.99","143.27","https://www.reservebar.com/collections/clase-azul-tequila","151.99","https://www.caskers.com/clase-azul-plata-tequila/","179.99","https://siptequila.com/products/clase-azul-plata","6.72","-2.0","Prices from search results; Total Wine, Amazon, Vivino, and Liquor.com had no specific prices listed. ReserveBar: $143.27-$143.29[5]; Keg N Bottle: $149.99[7]; Caskers/ShopWineDirect MSRP: ~$152-$159.99[3][2]; Sip Tequila sale: $179.99[6]. Median calculated from available individual prices."
"Clase Azul Gold Tequila - 750ml","","","299.99","259.49","https://www.hiproof.com/products/uc-clase-azul-gold-tequila-750ml","299.99","https://kegnbottle.com/products/tequila-clase-azul-gold","369.99","https://www.binnys.com/spirits/tequila/clase-azul-gold-limited-release-106573/","40.5","0.0","Prices from various online retailers; Total Wine listing lacks specific price in results. None from Amazon, Vivino, or Liquor.com. Lowest is sale price at Hi Proof[3]."
"Cazcanes No. 10 Tequila Blanco - 750ml","","","79.99","74.99","https://cazcanes.com/products/no-10","89.5","http://www.bittersandbottles.com/products/cazcanes-no-10-blanco-still-strength-tequila","119.99","https://siptequila.com/products/cazcanes-blanco-no-10-still-strength","5.0","-9.51","Prices from various retailers; Total Wine [10] lacks listed price. Sorted from available: 74.99[8], 75.49[1], 89.50[5], 89.99[2][3], 119.99[3]. No data from Amazon, Vivino, Liquor.com."
"Casa Dragones Blanco - 750ml","","","65.99","54.99","kegnbottle.com","77.99","caskers.com","92.98","shopwinedirect.com","11.0","-12.0","Search results do not include pricing data from Amazon, Vivino, or Liquor.com as specified in the query. Prices are from available retailers in the search results: Keg N Bottle ($54.99), Caskers ($77.99), ShopWineDirect ($92.98), Wine-Searcher average ($79), and Sip Tequila ($69.99). Prices shown are current market values and may vary by location and time. ShopWineDirect notes the item is not shipped in original packaging."
"Casa Dragones Añejo - 750ml","","","149.99","136.99","https://www.caskers.com/casa-dragones-barrel-blend/","169.99","https://www.binnys.com/spirits/tequila/casa-dragones-tequila-anejo-104333/","247.7","https://lafuente.es/tienda/tequila-casa-dragones-anejo/","13.0","-20.0","Prices in USD where available; € prices not converted (270€≈$290, 247.70€≈$267, 237.90€≈$257); no prices found from Amazon, Vivino, Liquor.com, or Total Wine; official site [5] lacks pricing; avg $244[1]; lowest from Caskers[7]"
"Adictivo Extra Añejo - 750ml","","","119.99","79.99","https://www.oldtowntequila.com/brands/Adictivo-Tequila.html","99.99","https://raretequilas.com/collections/adictivo-tequila","234.99","https://www.liquorstore-online.com/71791/adictivo-tequila-extra-anejo","40.0","20.0","Prices from various online retailers including Old Town Tequila ($79.99), Sip Tequila ($89.99), Sip Whiskey ($84.99), Rare Tequilas ($99.99), Total Wine ($109.99), Country Wine & Spirits ($123.50). No prices found from Amazon, Vivino, or Liquor.com. Total Wine confirmed. Prices ex-tax where noted; may vary by location/availability."
"Siembra Valles Reposado Tequila - 750ml","","","89.99","69.99","https://www.hiproof.com/products/siembra-valles-reposado-tequila-750ml","89.99","https://raretequilas.com/products/siembra-valles-reposado-tequila-batch-14","159.99","https://www.whiskyliquorstore.com/216726/siembra-valles-reposado-tequila-lowlands","20.0","0.0","Prices from available retailers (Hi Proof, Old Town Tequila, Rare Tequilas, SF Tequila Shop, Preet Liquor, Whisky Liquor Store); Total Wine, Amazon, Vivino, Liquor.com lacked specific prices in results. Hi Proof on sale. Wine-Searcher avg $86 ex-tax excluded from extremes."
"Don Julio 1942 FIFA World Cup 2026 Edition - 50ml (4 Pack)","","","69.99","14.99","https://mainstreetliquor.com/products/don-julio-1942-fifa-world-cup-2026-limited-edition","17.99","https://ludwigsfinewine.com/products/don-julio-1942-fifa-world-cup-2026-limited-edition-50ml","219.99","https://qualityliquorstore.com/products/don-julio-1942-fifa-world-cup-2026-limited-edition","55.0","52.0","Prices for single 50ml bottles where identifiable; higher prices likely for multi-packs or full bottles. No results from specified retailers (Amazon, Total Wine, Vivino, Liquor.com). Prices from various online liquor stores as of search data."
"Don Julio 1942 FIFA World Cup 2026 Limited Edition - 750ml","","","199.99","181.99","https://www.remedyliquor.com/products/don-julio-tequila-1942-fifa-world-cup-edition-750ml","219.99","https://qualityliquorstore.com/products/don-julio-1942-fifa-world-cup-2026-limited-edition","229.99","https://www.thebarreltap.com/products/don-julio-1942-fifa-world-cup-2026-limited-edition","18.0","-20.0","No prices found from Amazon, Total Wine, Vivino, or Liquor.com. Prices from other retailers; many are pre-sale/preorder with shipping in April 2026. Used current/sale prices: 181.99[3], 200[7], 209.99[6], 219.99[2][4][5][9], 229.99[1]. Median from common 219.99 price point."
"Cazcanes Nuestras Raíces Still Strength Blanco Tequila - 750ml","","","114.99","89.99","https://buyritewines.com/shop/product/cazcanes-nuestras-raices-still-st-blanco/680fac444575f501e0781b78?option-id=5eb44c3188aa05eb45794012a4a93428c8577fca80deceb47ddc621f28b594ac","109.99","https://shop.cazcanestequila.com","129.99","https://siptequila.com/products/cazcanes-nuestras-raices-still-strength-blanco-edicion-especial-2025","25.0","5.0","Prices from various retailers; Total Wine lists product but no price in results. Amazon, Vivino, Liquor.com not found in results. Prices range $89.99-$129.99; median calculated from available values."
"Fuenteseca Cosecha 2018 Huerta Singular Blanco Tequila - 750ml","","","149.99","33.92","https://ryannswines.com/shop/product/fuenteseca-tequila-cosecha-huerta-singular-blanco-2018/5fa35af57c11b5021e0e0097?option-id=234c37f3e78747e451e07b3cbc4e579abcc2c54c613a5f904628b59bb329f2ab","149.99","https://siptequila.com/products/fuenteseca-cosecha-huerta-las-antenas-blanco-2018","199.99","https://caskcartel.com/es/products/fuenteseca-cosecha-2018-huerta-singular-blanco-tequila","116.07","0.0","Prices from various retailers; Total Wine lists product but no price shown. Lowest may include shipping. Some results refer to 'Huerta Las Antenas' variant. No prices from Amazon, Vivino, or Liquor.com in results."
"Casa Dragones Reposado Tequila - 750ml","","","129.99","119.99","https://www.remedyliquor.com/products/casa-dragones-tequila-reposado-750ml","149.99","https://cwspirits.com/products/casa-dragones-reposado-750ml","169.99","https://countrysips.com/products/casa-dragones-reposado-tequila","10.0","-20.0","Prices from various online retailers; Total Wine lists product but no price in results. Sorted from: $119.99[2], $125[3], $149.99[6], $155[4], $169.99[8]. None from Amazon, Vivino, or Liquor.com in results."
"Tequila Ocho La Mula Extra Añejo - 750ml","","","99.99","179.99","https://woodencork.com/products/tequila-ocho-extra-anejo-vintage-2018-750ml","199.99","https://www.oldtowntequila.com/tequila-ocho/","229.99","https://raretequilas.com/products/tequila-ocho-extra-anejo-la-ladera-2021","-80.0","-100.0","Prices from various online retailers; none found on Amazon, Total Wine, Vivino, or Liquor.com in results. Lowest and highest from Wooden Cork and Rare Tequilas (both $179.99 listed); median from Old Town Tequila. Average ex-tax ~$232 per Wine-Searcher."
"Mijenta Maestra Selection No. 2 Blanco Tequila Limited Edition - 750ml","","","74.99","59.99","https://kegnbottle.com/products/mijenta-maestra-selection-no-2-blanco-tequila","69.99","https://www.remedyliquor.com/products/mijenta-tequila-blanco-maestra-selection-no2-750ml","79.99","https://siptequila.com/products/mijenta-maestra-selection-no-2-blanco-tequila","15.0","5.0","Prices from available retailers (not limited to specified sites): $59.99 (sale at Keg N Bottle[1]), $69.99 (Remedy Liquor[3], Old Town Tequila[5], Binny's[6]), $74.99 (Liquor Depot[2]), $79.99 (sale at Sip Tequila[4]). No prices found on Amazon, Vivino, Liquor.com, or Total Wine[7]. Multiple $69.99 listings used for median."
"G4 Tequila Anejo de Madera 2025 Día De Los Muertos Limited Edition - 750ml","","","269.99","249","https://concierge.totalwine.com/concierge-offers/g4-aejo-de-madera-da-de-muertos-2025-special-edition","249","https://concierge.totalwine.com/concierge-offers/g4-aejo-de-madera-da-de-muertos-2025-special-edition","249","https://concierge.totalwine.com/concierge-offers/g4-aejo-de-madera-da-de-muertos-2025-special-edition","20.99","20.99","Only one price found for the exact 2025 Añejo edition from Total Wine Concierge at $249; other results are for Reposado editions or lack specific prices. No listings from Amazon, Vivino, or Liquor.com."
"Cutwater Peach Margarita 4-Pack 12-oz Cans","","","14.99","12.99","https://www.albertsons.com/shop/product-details.970096531.html","14.99","https://www.totalwine.com/spirits/ready-to-drink/tequila-cocktails/margarita/cutwater-peach-margarita-cocktail/p/236737355","19.99","https://www.thebarreltap.com/products/cutwater-peach-margarita-4-pack","2.0","0.0","Prices from search results; Total Wine lists product but no price shown. No results from Amazon, Vivino, or Liquor.com. Albertsons $12.99 is member price valid through 3/31/2026. Multiple retailers at $14.99 used for median."
"Especial Tequila Joven - 750ml","","","62.99","5","https://www.wine-searcher.com/find/spc+newton+tequila+joven+jalisco+mexico/1/usa","62.99","https://sipsy.com/products/espacial-tequila-joven-750-ml-1","1250","https://www.oldtowntequila.com/top-shelf/?_bc_fsnf=1&brand=950","57.99","0.0","Prices from Wine-Searcher ($5 avg ex-tax for Newton Especial), Sipsy ($62.99), and Old Town Tequila ($1250 for special edition Casa Dragones Joven). No direct prices found from Amazon, Total Wine, Vivino, or Liquor.com; results include similar 'Especial' or 'Joven' tequilas."
"Alma Del Jaguar Barricas Series Añejo Ruby Port Cask - 750ml","","","139.99","130.0","https://sftequilashop.com/products/alma-del-jaguar-tequila-anejo-aged-in-ruby-port-casks-750ml","149.99","https://almadeljaguar.com/products/alma-del-jaguar-anejo-barricas-series-ruby-wine-cask","189.95","https://elcerritoliquor.com/products/alma-del-jaguar-anejo-barricas-series-ruby-wine-cask","9.99","-10.0","Prices from available retailers: $130 (sftequilashop), $139.99 (topshelfwineandspirits), $149.99 (multiple), $189.95 (elcerritoliquor, on sale from $349.99). No prices found on Amazon, Vivino, or Liquor.com in results. Some listings sold out."
"Alma Del Jaguar Barricas Series Añejo Vino de Naranja Cask - 750ml","","","139.99","125.0","https://raretequilas.com/products/alma-del-jaguar-anejo-barricas-series-vino-de-naranja-cask","139.99","https://topshelfwineandspirits.com/products/alma-del-jaguar-barricas-series-vino-de-naranja-cask-anejo-tequila","149.99","https://siptequila.com/products/alma-del-jaguar-anejo-barricas-series-vino-de-naranja-cask","14.99","0.0","Prices from various online retailers (not limited to Amazon, Total Wine, Vivino, Liquor.com as no prices found there). Sorted prices: $125 (raretequilas.com), $136.99 (tastersclub.com), $139.99 (topshelfwineandspirits.com, binnys.com), $149.99 (multiple). Median from available distinct prices."
"Alma Del Jaguar Barricas Series Añejo Calvados Cask - 750ml","","","139.99","","","","","","","","","Unable to provide requested data. Search results do not include pricing information from the specified retailers (Amazon, Total Wine, Vivino, Liquor.com). Available prices from other retailers range from $135.00-$149.99, but this does not meet the query requirements for the four specified platforms."
"Partida Tequila Roble Fino Añejo - 750ml","","","129.99","119.99","https://flaviar.com/products/partida-roble-fino-anejo-tequila-750","144.0","https://www.wine-searcher.com/find/partida+roble+fino+tequila+anejo+jalisco+mexico/0/usa","165.0","https://sftequilashop.com/products/roble-fino-anejo-by-tequila-partida","10.0","-14.01","Prices from search results; no current listings found on Amazon, Vivino, or Liquor.com. Total Wine lists product but no price in snippet. Wine-Searcher avg used as median."
"Partida Tequila Añejo - 750ml","","","49.99","35.0","https://www.totalwine.com/spirits/tequila/anejo/partida-tequila-anejo/p/3778750","56.0","https://www.wine-searcher.com/find/partida+tequila+anejo+jalisco+mexico","59.99","https://siptequila.com/products/partida-anejo-tequila","14.99","-6.01","Prices from various retailers; Total Wine mentions $35 with discount. No direct prices found from Amazon, Vivino, or Liquor.com in results. Avg ex-tax $56[1]. Other prices: $54.99[4], $55[6], $59.99[2][5]."
"Partida Tequila Reposado - 750ml","","","42.99","37.99","https://flaviar.com/products/partida-tequila-reposado-750","54.99","https://siptequila.com/products/partida-reposado-tequila","93.49","https://www.liquorstore-online.com/177972/partida-tequila-reposado-750ml","5.0","-12.0","Search results do not include prices from Amazon or Vivino. Data compiled from available online retailers in search results. Prices may vary by location and availability. Total Wine price ($42.99) and Cellar.com sale price ($59.99) were included in analysis."
"Tanteo Jalapeño Tequila - 750ml","","","43.99","35.99","https://www.bottlebuys.com/spirits/Tanteo-Jalapeno-Tequila-w79181872s","42.99","https://applejack.com/Tanteo-Jalapeno-Tequila-750-ml","51.99","https://www.bottlebuys.com/spirits/Tanteo-Jalapeno-Tequila-w79181872s","8.0","1.0","Prices from search results: BottleBuys sale $35.99 (regular $51.99), Liquor Barn $39.99, Applejack/Caskers $42.99. No prices found for Amazon, Vivino, Liquor.com; Total Wine link lacks specific price."
"Lost Lore Limited Reposado Amburana & Anejo Tequila - 2-Pack","","","179.99","","","","","","","","","The specific product 'Lost Lore Limited Reposado Amburana & Anejo Tequila - 2-Pack' was not found in search results from the requested retailers (Amazon, Total Wine, Vivino, Liquor.com). Search results show individual Lost Lore tequila products and one combo pack (Amburana Reposado & Blanco for $149.99 at Keg N Bottle), but not the specific Amburana & Anejo 2-pack requested. Price data cannot be determined without finding this exact product listing."
"The Sipsy Classic Margarita Cocktail Set - 4 Cocktails","","","49.99","39.99","https://sipsy.com/products/the-sipsy-classic-margarita-cocktail-set-2-cocktails","39.99","https://sipsy.com/products/the-sipsy-classic-margarita-cocktail-set-2-cocktails","39.99","https://sipsy.com/products/the-sipsy-classic-margarita-cocktail-set-2-cocktails","10.0","10.0","No prices found for the exact 4-cocktail variant on Amazon, Total Wine, Vivino, or Liquor.com. Only Sipsy site results available; price listed for 2-cocktail version. 4-cocktail product page exists but lacks price info."
"Alma del Jaguar Nocturna - 750ml","","","64.99","69.99","https://kegnbottle.com/products/alma-del-jaguar-nocturna-101-proof-750-ml","73.99","https://www.liquorcave.com/products/alma-del-jaguar-nocturna-blanco-tequila","77.99","https://raretequilas.com/products/alma-del-jaguar-nocturna-high-proof-blanco-tequila","-5.0","-9.0","Prices from various retailers; Total Wine listed but no price available in results. Amazon, Vivino, Liquor.com had no listings. Prices for 750ml 101-proof blanco."
"Alma Del Jaguar Tequila Blanco & Reposado - 2-Pack","","","104.99","20.18","https://www.vinoluminaire.com/product/alma-del-jaguar-tequila-blanco-reposado-2-pack/","94.14","https://www.vinoluminaire.com/product/alma-del-jaguar-tequila-blanco-reposado-2-pack/","109.99","https://kegnbottle.com/products/alma-del-jaguar-combo-pack-tequila-750ml","84.81","10.85","Search results provided limited pricing data for the specific 2-pack product. Only three prices found: $20.18 (vinoluminaire.com), $94.14 (vinoluminaire.com - original price), and $109.99 (kegnbottle.com). None of the requested retailers (Amazon, Total Wine, Vivino, Liquor.com) appeared in search results. The $20.18 price appears to be a significant discount from the original $94.14 price at the same retailer."
"Tierra de Ensueño Tequila Blanco and Reposado Wheated Bourbon Cask - 2 pk","","","154.99","159.99","https://sipsy.com/products/tierra-de-ensueno-tequila-blanco-and-reposado-rioja-750ml-2pk","159.99","https://sipsy.com/products/tierra-de-ensueno-tequila-blanco-and-reposado-rioja-750ml-2pk","159.99","https://sipsy.com/products/tierra-de-ensueno-tequila-blanco-and-reposado-rioja-750ml-2pk","-5.0","-5.0","Only one exact match found for the 2pk on Sipsy.com at $159.99. No listings found on Amazon, Total Wine, Vivino, or Liquor.com. Total Wine lists single Blanco bottle without price[8]. Other results are single bottles only."
"Ensueño Single Barrel Reposado Wheated Bourbon Cask - 750ml","","","94.99","84.99","https://siptequila.com/products/tierra-de-ensueno-single-barrel-reposado","89.99","https://raretequilas.com/products/tierra-de-ensueno-reposado-wheated-bourbon-cask-tequila","99","https://www.youtube.com/watch?v=bEvy6JC8Thw","10.0","5.0","Prices from Sip Tequila ($84.99 sale), Rare Tequilas/El Cerrito ($89.99/$97.95 original), YouTube mention ($99 at Oldtown). No prices found on Amazon, Total Wine, Vivino, or Liquor.com. Some sites lacked explicit pricing."
"Villa One Silver - 750ml","","","41.99","28.49","https://www.marketviewliquor.com/product/villa-one-silver-tequila-750ml","41.0","https://www.wine-searcher.com/find/villa+one+silver+tequila+jalisco+mexico/1/usa","55.99","https://costplusliquors.com/products/villa-one-teq-slvr-6b-750ml","13.5","0.99","Prices from various online retailers; Total Wine [10] lacks specific price in snippet. None from Amazon, Vivino, or Liquor.com. Lowest from Marketview Liquor [5], median avg ex-tax from Wine-Searcher [2], highest sale from Cost Plus [3]."
"Tres Generaciones Añejo Tequila - 750ml","","","44.99","41.99","https://www.hiproof.com/products/tres-generaciones-anejo-tequila-750ml-bottle","48.0","https://www.wine-searcher.com/find/casa+sauza+tres+generation+tequila+anejo+jalisco+mexico","49.99","https://kegnbottle.com/products/tres-generaciones-anejo-750ml","3.0","-3.01","Prices from available search results (ex-tax avg $48[1], sale $41.99[5], $49.99[3]); no direct prices from Amazon, Vivino, Liquor.com, or Total Wine; excluded cristalino variant[6] and outlier $284.94[7]; HiProof regular price $44.99[5]"
"Teremana Tequila Reposado - 750ml","","","42.99","34.99","https://www.oldtowntequila.com/teremana-tequila/","34.99","https://www.caskers.com/spirits/tequila/?brand_dropdown=2759","35.99","https://www.moraswines.com/product/teremana-tequila-reposado-mexico-750-ml/","8.0","8.0","No prices found from specified retailers (Amazon, Total Wine, Vivino, Liquor.com); values from other online retailers (Old Town Tequila, Caskers, Mora's Wines). Multiple sources list $34.99."
"Tapatío Blanco - 750ml","","","39.99","41.99","https://www.oldtowntequila.com/tapatio-blanco-tequila-750ml/","44.99","https://kegnbottle.com/products/tapatio-tequila-blanco-750-ml","56.99","https://www.hiproof.com/products/tapatio-blanco-tequila-750ml","-2.0","-5.0","Prices from search results for standard 40% ABV 750ml where available; excluded high-proof variants (e.g., 110 proof). Total Wine lists ~$53 but no exact current price confirmed[8]. No prices found from Amazon, Vivino, or Liquor.com. Avg ex-tax $43[1]."
"Tapatío Añejo - 750ml","","","55.99","37.25","https://www.thewhiskyexchange.com/p/4921/tapatio-anejo-tequila","60","https://sftequilashop.com/products/tapatio-anejo","69.99","https://flaskfinewines.com/products/tapatio-tequila-anejo-1l","18.74","-4.01","Prices in local currencies (GBP for Whisky Exchange, USD for others); no prices found from Amazon, Vivino, or Liquor.com. Total Wine link lacks specific price. Range based on explicit 750ml listings: £37.25 (~$47 USD), $59.99-$60, $69.99. Average ex-tax ~$61 per Wine-Searcher."
"Superbird Tequila Soda Variety Pack - 8 PK","","","21.99","","","","","","","","","The search results do not include pricing data from the requested retailers (Amazon, Total Wine, Vivino, Liquor.com). Available prices from other retailers range from $20.99 to $26.99, but this does not meet the query requirements. A new search targeting the specified retailers is needed to provide the requested data."
"Superbird Tequila Reposado - 750ml","","","9.99","9.99","https://sipsy.com/products/superbird-tequila-reposado-750ml","25.0","https://sftequilashop.com/products/superbird-blanco-reposado-750ml","78.49","https://www.whiskyliquorstore.com/209073/superbird-tequila-reposado-750ml-online-only","0.0","-15.01","Prices from various online retailers; no direct matches from Amazon, Total Wine, Vivino, or Liquor.com in results. Sale prices used where available. Total Wine lists product but no price[10]. Per-bottle price used for wine-to-ship case discount ($39.59/bottle, not extreme)."
"Superbird Tequila Blanco - 750ml","","","9.99","18.94","https://specsonline.com/shop/spirits/superbird-tequila-blanco/","31.99","https://www.caskers.com/superbird-tequila-blanco-750/","39.99","https://qualityliquorstore.com/products/superbird-tequila-blanco","-8.95","-22.0","Prices from various retailers; Total Wine, Amazon, Vivino, and Liquor.com had no specific price data in results. Spec's shows $18.94 (possibly promotional). Quality Liquor Store sale price used for highest. Case pricing and spicy variant excluded."
"Siete Leguas Décadas Blanco - 750ml","","","139.99","130.99","https://flaviar.com/products/siete-leguas-siete-decadas-blanco-tequila-750","142.99","https://www.caskers.com/siete-leguas-siete-decadas-blanco-tequila/","189.97","https://flaskfinewines.com/products/siete-leguas-siete-decadas-blanco-tequila","9.0","-3.0","Prices from various online retailers; specified sites (Amazon, Total Wine, Vivino, Liquor.com) not found in results. Some listings for 700ml. Avg ex-tax ~$150-152 per Wine-Searcher[1][2]."
"Siete Leguas Blanco Reposado, Añejo - 3-Pack","","","139.99","159.95","https://whiskeycaviar.com/products/siete-leguas-blanco-reposado-anejo-tequila-value-bundle","159.99","https://pbexpressliquor.com/products/siete-leguas-blanco-reposado-anejo-tequila-bundle","199.99","https://kegnbottle.com/products/siete-leguas-tequila-combo-pack-3x750ml","-19.96","-20.0","Prices for Siete Leguas Blanco/Reposado/Añejo 3-packs (700ml bottles) from various retailers; no exact matches found on Amazon, Total Wine, Vivino, or Liquor.com. Individual bottle prices available but excluded as query specifies 3-pack."
"Siempre Plata Tequila - 750ml","","","29.99","38.92","https://specsonline.com/shop/spirits/siempre-tequila-plata-6-case/","45","https://www.wine-searcher.com/find/sempre+tequila+plata+jalisco+mexico","50","https://www.pastemagazine.com/drink/tequila/siempre-tequila-review-plata-reposado-flavors-price-agave","-8.93","-15.01","Prices from various retailers; no direct listings found on Amazon, Vivino, or Liquor.com. Total Wine has a listing but no price in results. Prices in USD ex-tax where applicable; retail range $38-50."
"Siembra Azul Blanco Tequila - 750ml","","","74.99","59.95","https://elcerritoliquor.com/products/simbre-azul-blanco-tequila-750ml","70","https://www.wine-searcher.com/find/siembra+azul+tequila+blanco+jalisco+mexico","75","https://siptequila.com/products/siembra-azul-blanco-tequila","15.04","4.99","Prices from various online retailers; Total Wine and others lacked specific prices in results. Average ex-tax $70 per Wine-Searcher[1]. No data from Amazon, Vivino, or Liquor.com."
"Sango Agave Spirit Reposado - 750ml","","","54.99","32.57","https://happy-cork.com/shop/product/sango-african-agave-reposado/66a2d0cb4096a07f79051f70?option-id=ce75a9c6477e37f7bd69e2029ce16092db9e849116c2151a413f5a647f9b17cf","54.99","https://sipsy.com/products/sango-agave-spirit-reposado-750ml","57.49","https://www.reservebar.com/collections/sango-agave","22.42","0.0","Prices from various retailers; Happy Cork lists 'starts from $32.57' (may vary by location/shipping); Binny's sale $49.99; Total Wine no price listed; specified sites (Amazon, Vivino, Liquor.com) absent from results."
"Puro Potro Blanco Tequila - 1L","","","26.99","30.0","https://sftequilashop.com/products/puro-potro-tequila-1l","34.99","https://liquorfreight.com/products/puro-potro-blanco-tequila-1l","47.99","https://greatbooze.com/products/tequila-puro-potro-blanco-1l","-3.01","-8.0","Search results do not include prices from Amazon, Vivino, or Liquor.com. Data compiled from available retailers in search results: SFTequilaShop ($30.00), MMWL ($42.00), Total Wine ($30.00), Liquor Freight ($34.99), and Greatbooze ($47.99). Prices may vary by location and availability."
"Pueblo Viejo Tequila Reposado - 750ml","","","17.99","15.99","https://www.hiproof.com/products/pueblo-viejo-reposado-tequila-750ml","19.99","https://www.marketviewliquor.com/product/spirit/peublo-viejo-reposado-750ml","25.0","https://sftequilashop.com/products/pueblo-viejo-reposado-tequila-750ml","2.0","-2.0","Prices from available search results: HiProof ($15.99 sale), Old Town Tequila ($18.99), Marketview ($19.99), SF Tequila Shop ($25.00), Binny's ($21.99). No prices found from Amazon, Vivino, or Liquor.com in results; Total Wine listing lacked specific price."
"Primo 1861 Blanco Tequila - 750ml","","","69.99","54.99","https://raretequilas.com/products/primo-1861-blanco-tequila","59.99","https://www.totalwine.com/spirits/tequila/blancosilver/primo-1861-blanco-tequila/p/348816750","119.99","https://kegnbottle.com/products/primo-1861-blanco-tequila-750-ml","15.0","10.0","Prices from various online retailers including Total Wine ($59.99). No current prices found from Amazon, Vivino, or Liquor.com in results. Prices exclude tax/shipping; may vary by location."
"On the Rocks Margarita - 375ml","","","13.99","9.99","https://www.hiproof.com/products/on-the-rocks-otr-the-margarita-tequila-cocktail-375ml","11.99","https://shopwinedirect.com/on-the-rocks-hornitos-tequila-the-margarita-ready-to-drink-cocktail-375ml.html","15.99","https://topshelfwineandspirits.com/products/on-the-rocks-hornitos-tequila-the-margarita-ready-to-drink-cocktail-375ml","4.0","2.0","Prices from various online retailers (not limited to specified sites due to limited matches: Total Wine listed but no price shown). Used sale prices where available. Sorted: 9.99[5], 10.99[6][7], 11.99[1], 12.99[3][4], 15.99[2]. Median from 5 prices is 11.99."
"Milagro Tequila Reposado - 750ml","","","22.99","26.28","https://specsonline.com/shop/spirits/milagro-tequila-reposado-6-case/","27.99","https://pjwine.com/products/milagro-reposado-tequila-750l","34.99","https://theliquorbros.com/products/milagro-tequila-reposado-750ml","-3.29","-5.0","Prices from Spec's ($26.28), PJ Wine ($27.99), Liquor Cave ($32.99), The Liquor Bros sale ($34.99). Total Wine lists product but no price in results. No prices found from Amazon, Vivino, or Liquor.com."
"Mijenta Blanco Tequila Maestra Selection No. 1 - 750ml","","","79.99","79.99","https://siptequila.com/products/mijenta-maestra-selection-no-2-blanco-tequila","84.27","https://www.reservebar.com/collections/mijenta-tequila","89.99","https://www.hitimewine.net/mijenta-blanco-maestra-selection-1-50-nom-1412-distilled-by-ana-maria-romero-additive-free-126874","0.0","-4.28","Search results do not include pricing from Amazon, Vivino, or Liquor.com as specified in the query. Data compiled from available online retailers only. Mijenta Maestra Selection No. 1 pricing found: $79.99 (sale price at siptequila.com), $84.27 (ReserveBar), and $89.99 (hitimewine.net). Note: One result ($79.99) appears to be for No. 2 variant; No. 1 specific pricing limited to two sources at $84.27 and $89.99."
"Mijenta Blanco Tequila - 750ml","","","39.99","36.99","https://www.hiproof.com/collections/vendors?q=mijenta","44.99","https://siptequila.com/products/mijenta-blanco","48.99","https://mijenta-tequila.com/collections/all","3.0","-5.0","Prices from various online retailers; official site lists $48.99, Hi Proof $36.99, Sip Tequila $44.99-$49.99, Old Town Tequila $39.99-$45.99, Spec's $41.99, Flaviar/Caskers ~$40-42. No prices found from Amazon, Vivino, or Liquor.com in results. Total Wine page lacks specific price. Avg ex-tax $47 per Wine-Searcher."
"Lost Lore Tequila Reposado - 750ml","","","64.99","52.99","https://www.hiproof.com/products/lost-lore-tequila-reposado-750ml","64.99","https://siptequila.com/products/lost-lore-reposado","72.99","https://www.caskers.com/lost-lore-tequila-reposado/","12.0","0.0","Prices from various online retailers; Total Wine, Amazon, Vivino, and Liquor.com had no listed prices in search results. Sale prices used where applicable."
"Lost Lore Blanco Still Strength Tequila - 750ml","","","89.99","57.43","https://www.saratogawine.com/product/lost-lore-tequila-blanco-still-strength-750ml/","84.99","https://shopwinedirect.com/lost-lore-still-strength-blanco-tequila-750ml.html","89.99","https://kegnbottle.com/products/lost-lore-high-proof-blanco-tequila-750-ml","32.56","5.0","Prices from various online retailers (not limited to Amazon, Total Wine, Vivino, Liquor.com as none were found); selected sale prices where available: $57.43[2], $67.99[1], $84.99[3][6], $85[5], $89.99[4][9]. Median from ordered list."
"León y Sol Tequila Reposado - 750ml","","","64.99","59.95","https://www.miralomamarket.com/products/leon-y-sol-reposado","60.99","https://flaviar.com/products/leon-y-sol-reposado-tequila-750","79.99","https://www.passionspirits.com/leon-y-sol-tequila-reposado","5.04","4.0","Prices from various online retailers; none found from specified retailers Amazon, Total Wine, Vivino, or Liquor.com. Sorted from available: $59.95[3], $59.99[4], $60.00[8], $60.99[6], $64.99[2], $79.99[5]. Avg ex-tax $86[1]."
"León y Sol Tequila Blanco - 750ml","","","46.99","44.99","https://flaviar.com/products/leon-y-sol-blanco-tequila-750","49.99","https://www.oldtowntequila.com/leon-y-sol/","77.99","https://www.whiskyliquorstore.com/228461/leon-y-sol-tequila-blanco-750ml","2.0","-3.0","Prices from Flaviar ($44.99), Old Town Tequila ($49.99), Sipsy ($46.99), ReserveBar ($70.79), Whisky Liquor Store ($77.99). No prices found on Amazon, Vivino, or Liquor.com. Total Wine listed without price. Median calculated from available prices: 44.99, 46.99, 49.99, 70.79, 77.99."
"Kokoro Plata Tequila - 750ml","","","69.99","70.99","https://flaviar.com/products/kokoro-spirits-tequila-plata-750","79.99","https://www.totalwine.com/spirits/tequila/blancosilver/kokoro-plata-tequila/p/2126233441","85.0","https://sftequilashop.com/products/claude-edition-kokoro-tequila-plata-750ml","-1.0","-10.0","Prices from various online retailers; Total Wine lists product but no explicit price in snippet. No prices found from Amazon, Vivino, or Liquor.com. Prices in USD for 750ml."
"Gran Centenario Añejo - 750ml","","","29.99","29.99","https://shopsk.com/products/gran-centenario-anejo-tequila","39.0","https://www.wine-searcher.com/find/grand+centenario+tequila+anejo+jalisco+mexico/1/usa","56.99","https://www.bcliquorstores.com/product/78002","0.0","-9.01","Prices from various online retailers; Total Wine lacks explicit price in results. Wine-Searcher avg ex-tax. No data from Amazon, Vivino, Liquor.com."
"General Gorostieta Tequila Blanco - 750ml","","","65.99","54.95","https://elcerritoliquor.com/products/tequila-general-gorostieta-blanco-750ml","64.99","https://www.liquorcave.com/products/general-gorostieta-blanco-tequila","80.99","https://unwindbottleshop.com/products/tequila-general-gorostieta-blanco-104pf-750ml","11.04","1.0","Prices from various online retailers; Total Wine lacks listed price, Amazon/Vivino/Liquor.com not in results. Some listings may be high-proof variants or sales. Sorted: 54.95[7], 55.99[2], 59.99[5,8], 64.99[1,9], 69.99[2], 80.99[4]. Median from unique values."
"G4 Tequila Blanco & Reposado Pack","","","99.99","94.99","https://kegnbottle.com/products/g4-reposado-combo-pack-2x750ml","149.99","https://www.thebarreltap.com/products/g4-blanco-reposado-tequila-bundle","154.99","https://www.oldtowntequila.com/brands/G4.html","5.0","-50.0","Prices for G4 Blanco & Reposado packs/bundles from available retailers (primarily oldtowntequila, kegnbottle, thebarreltap); no listings found on Amazon, Total Wine, Vivino, or Liquor.com for the exact pack. Total Wine lists individual bottles only. Prices in USD as of search results."
"G4 Tequila Blanco - 750ml","","","49.99","36.99","https://www.totalwine.com/spirits/brand/g4-tequila","44.99","https://www.thebarreltap.com/products/g4-blanco-tequila-750ml","49.99","https://siptequila.com/products/g4-blanco","13.0","5.0","Prices from Total Wine ($36.99)[3], Mission Liquor ($36.99)[8], Spec's ($39.89)[2], Barrel Tap ($44.99)[6], Sip Tequila ($49.99)[5]. Avg $48 ex-tax per Wine-Searcher[1]. Specified sites like Amazon, Vivino, Liquor.com had no direct listings in results."
"G4 Special XM Edition High-Proof Blanco Tequila","","","119.99","67","https://www.wine-searcher.com/find/g+four+tequila+xm+108+high+proof+blanco+jalisco+mexico?wine_id_f=372435393%3F","89.95","https://raretequilas.com/products/g4-special-xm-edition-high-proof-blanco-tequila","129.99","https://raretequilas.com/products/g4-special-xm-edition-high-proof-blanco-tequila","52.99","30.04","Prices from various retailers; Total Wine lists product but no price in results. Wine-Searcher avg $67 ex-tax. Raretequilas original $129.99, current $89.95. No prices found on Amazon, Vivino, or Liquor.com."
"G4 Reposado de Madera Día de Muertos 2024 Limited Edition Tequila - 750ml","","","279.99","199.99","https://www.wine-searcher.com/find/g+four+edition+dia+de+muertos+tequila+reposado+jalisco+mexico","299.99","https://www.thebarreltap.com/products/g4-reposado-de-madera-dia-de-muertos-2024-tequila","349.99","https://mmwineliquor.com/products/g4-reposado-de-madera-dia-de-los-muertos-2024-coffin-box","80.0","-20.0","Prices from various online retailers; Total Wine concierge offer at $329.97 (pre-arrival, expired offer); no current prices found on Amazon, Vivino, or Liquor.com. €387.95 (~$420 USD) on Cask Cartel excluded as outlier currency. Median approximated from available prices: 199.99, 234.99, 299.99(x2), 349.99."
"Espolón Cocktail Pack","","","42.99","10","https://www.wine-searcher.com/find/espolon+sparkling+margherita+tequila+cocktail+jalisco+mexico/1/usa-md","50","https://grainvine.com/products/espolon-tequila-the-grand-margarita-kit","79","https://www.givethembeer.com/products/espolon-tequila-gift-set","32.99","-7.01","Prices from Wine-Searcher (avg $10 ex-tax for Sparkling Margarita), Grand Margarita Kits (~$50), and Espolon Gift Set ($79). No exact matches on Amazon, Total Wine, Vivino, or Liquor.com in results; prices approximate for similar Espolon cocktail packs."
"Espacial Tequila Blanco - 750ml","","","42.99","39.99","https://shopsk.com/products/espacial-blanco-tequila-750ml","44.99","https://www.thebarreltap.com/products/espacial-blanco-tequila","49.99","https://kegnbottle.com/products/espacial-tequila-blanco-750-ml","3.0","-2.0","Prices from various online retailers; Total Wine [8] lists product but no price in results; median approximated from available prices (39.99, 42.99, 43.99, 44.99, 49.99); no prices found for Amazon, Vivino, Liquor.com."
"El Tesoro Reposado Tequila - 750ml","","","64.99","59.89","https://bestbuyliquors.com/el-tesoro-reposado-tequila-80","64.95","https://raretequilas.com/products/el-tesoro-reposado-tequila","82.99","https://cwspirits.com/collections/el-tesoro","5.1","0.04","Prices from various online retailers; Total Wine price not explicitly listed in results (user review mentions $79.99 in one location); no data from Amazon, Vivino, or Liquor.com; sale prices used where applicable; ex-tax avg $67-69[3]"
"El Tesoro Añejo Tequila - 750ml","","","69.99","76.99","https://kegnbottle.com/products/el-tesoro-anejo-750ml","87.99","https://liquorama.com/el-tesoro-anejo-tequila-750ml.html","109.99","https://siptequila.com/products/el-tesoro-anejo-tequila","-7.0","-18.0","Prices from available retailers (Keg N Bottle, Liquorama, Wine-Searcher avg, SipTequila, Binny's); no current prices found for Amazon, Vivino, Liquor.com, or Total Wine. Median calculated from sorted prices: 76.99, 84.99/87.99, 88, 109.99, 109.99."
"El Cristiano XR Reposado Tequila - 750ml","","","99.99","89.99","https://www.missionliquor.com/products/el-cristiano-clase-reposado-xr-tequila-750ml","99.99","https://woodencork.com/collections/el-cristiano","114.99","https://siptequila.com/products/el-cristiano-reposado-xr","10.0","0.0","Prices from various online retailers (Mission Liquor $89.99, Wooden Cork/Keg N Bottle/Joe's $99.99, Sip Tequila $114.99). No results from Amazon, Total Wine, Vivino, or Liquor.com. Avg ex-tax $109 per Wine-Searcher."
"Dos Ángeles Tequila Reposado - 750ml","","","64.99","59.99","https://www.hiproof.com/products/dos-angeles-caidos-tequila-reposado-750ml","64.99","https://kegnbottle.com/products/dos-angeles-caidos-reposado-tequila-750ml","73.99","https://www.passionspirits.com/dos-angeles-tequila-reposado","5.0","0.0","No prices found on Amazon, Vivino, or Liquor.com. Prices from other online retailers for Dos Angeles Caidos Reposado Tequila 750ml; Total Wine lists product but no price visible. Median based on sorted sale prices."
"Dos Ángeles Tequila Blanco Rosa - 750ml","","","64.99","59.99","https://www.hiproof.com/products/dos-angeles-caidos-tequila-blanco-rosa-750ml","64.99","https://topshelfwineandspirits.com/products/dos-angeles-caidos-rosa-blanco-tequila","73.99","https://www.passionspirits.com/dos-angeles-tequila-blanco-rosa","5.0","0.0","Prices from various online retailers (not limited to Amazon, Total Wine, Vivino, Liquor.com as no matches found there). El Cerrito shows outlier $159.95 (likely error). Median based on sale prices: 59.99, 60.00, 64.99 x4, 73.99. Wine-Searcher avg $65 ex-tax."
"Don Vicente Blanco - 750ml","","","57.99","49.99","https://www.binnys.com/spirits/tequila/don-vicente-blanco-tequila-149758/","55.0","https://sftequilashop.com/products/don-vicente-blanco-750ml","59.99","https://siptequila.com/collections/don-vicente-tequila","8.0","2.99","Prices from various online retailers (Binny's, SF Tequila Shop, The Barrel Tap, Top Shelf, Rare Tequilas, Sip Tequila); Total Wine lacks listed price, Amazon/Vivino/Liquor.com not in results. Excludes Fuerte variant and avg price."
"Don Julio Tequila Añejo - 750ml","","","69.99","54.6","https://www.enterwine.com/en/don-julio-anejo","64.99","https://www.bottlevalues.com/spirits/?varietal=Tequila&price_band=75&size=750&winery=Don+Julio&sortby=sort_item_order&l=25&item_type=spirits","70","https://www.wine-searcher.com/find/don+julio+rsrv+de+tequila+anejo+jalisco+mexico/1/bulgaria","15.39","5.0","Prices from various international sites (no direct matches from Amazon, Total Wine, Vivino, or Liquor.com in results); converted to USD where needed assuming €1≈$1.08, £1≈$1.27; standard product (not special editions like Real or 70th Anniversary); sizes mostly 70cl/750ml."
"Don Julio Primavera Tequila - 750ml","","","119.99","97","https://flaskfinewines.com/products/don-julio-primavera-tequila","128","https://www.wine-searcher.com/find/don+julio+prima+vera+tequila+reposado+jalisco+mexico/1/usa","162","https://www.caskers.com/don-julio-reposado-primavera-tequila/","22.99","-8.01","Prices from Wine-Searcher average $120-$128 ex-tax; Total Wine review mentions $50 sale but no current price listed. No prices found from Amazon, Vivino, or Liquor.com in results. Exact prices: $97 (Flask Fine Wines), $110/$150 (crossed out on Flask), $162 (Caskers), $135 (67 Wine discounted)."
"Don Julio 1942 Tequila - 50ml 6-Pack","","","89.99","74.99","https://kegnbottle.com/products/don-julio-1942-anejo-tequila-combo-pack-6-x-50ml","109.99","https://www.thebourboncentral.com/products/don-julio-1942-anejo-tequila","149.99","https://rancholiquoronline.com/products/don-julio-1942-tequila-6-pack-50ml","15.0","-20.0","Prices extracted from available listings; no results from specified retailers (Amazon, Total Wine, Vivino, Liquor.com). Sorted prices: 74.99, 84.99, 89.99, 109.99, 109.99, 149.99. Median is average of 3rd and 4th."
"Don Fulano Añejo Tequila - 750ml","","","79.99","64.99","https://www.hiproof.com/products/don-fulano-tequila-anejo","87","https://www.wine-searcher.com/find/don+fulano+tequila+anejo+jalisco+mexico/1/usa-ia/-/a","142.98","https://shopwinedirect.com/don-fulano-anejo-tequila-750ml.html","15.0","-7.01","Prices from search results; no direct matches from Amazon, Vivino, or Liquor.com. Total Wine [9] listed without price. Excludes special editions like 20th Anniversary or Imperial. Wine-Searcher avg used as median."
"Cutwater Lime Tequila Margarita 4-Pack 12oz Cans","","","14.99","10.99","https://www.target.com/p/cutwater-lime-tequila-margarita-cocktail-4pk-12-fl-oz-cans/-/A-53502702","13.99","https://cellar.com/products/cutwater-lime-margarita-12oz-can-4-pk","17.99","https://liquorama.com/cutwater-spirits-lime-tequila-margarita-ready-to-drink-4-pack-12oz-cans.html","4.0","1.0","Prices from Target ($10.99 sale), Cellar.com ($13.99), Liquorama ($17.99 sale); other retailers like Total Wine lacked explicit prices in results. No data from Amazon, Vivino, or Liquor.com."
"Clase Azul Añejo Tequila - 750ml","","","549.99","544","https://www.wine-searcher.com/find/clase+azul+tequila+anejo+jalisco+mexico/1/usa-ia?tab_F=mostpopular","546.19","https://www.reservebar.com/collections/clase-azul-tequila","587","https://www.wine-searcher.com/find/clase+azul+tequila+anejo+jalisco+mexico","5.99","3.8","Prices from search results; Total Wine, Amazon, Vivino, Liquor.com had no specific prices listed. Wine-Searcher avg ex-tax $541-$587. ReserveBar $546.19, Keg N Bottle $549.99."
"Cimarron Blanco Tequila - 750ml","","","27.99","21.99","https://www.hiproof.com/products/cimarron-blanco-tequila","26.99","https://cwspirits.com/products/cimarron-blanco-750ml","28.99","https://shopwinedirect.com/cimarron-blanco-tequila-750ml.html","6.0","1.0","Prices from various online retailers; no direct results from Amazon, Total Wine, Vivino, or Liquor.com. Sale prices used where applicable (e.g., HiProof $21.99 sale, ShopWineDirect $26.98 sale rounded to listed $28.99). Average ex-tax $24 per Wine-Searcher[3]. Some listings for 1L (e.g., $28.69[2]) excluded."
"Cazcanes No. 7 Tequila Blanco - 750ml","","","69.99","63.99","https://www.caskers.com/cazcanes-no7-blanco-750/","64.99","https://www.hiproof.com/products/cazcanes-no-7-blanco-tequila-750ml","89.99","https://cwspirits.com/products/cazcanes-blanco-no-7-750ml","6.0","5.0","Prices from available retailers (Caskers $63.99, HiProof/Cazcanes/Sip $64.99, Country Wine $89.99); no current prices found on Amazon, Total Wine, Vivino, or Liquor.com. Sale prices used where applicable. Wine-Searcher avg $72-73 ex-tax."
"Cazcanes No. 7 Tequila Añejo - 750ml","","","129.99","123.99","https://www.caskers.com/cazcanes-no-7-anejo-tequila/","135.99","https://topshelfwineandspirits.com/products/cazcanes-no-7-anejo-750-ml","139.99","https://siptequila.com/products/cazcanes-anejo-no-7","6.0","-6.0","Prices from available retailers; Total Wine, Amazon, Vivino, Liquor.com had no specific prices in results. Lowest from Caskers, median approximated from listed sale prices (123.99, 126.99/135.99, 129.99/139.99), highest regular price from SipTequila. Excludes Extra Añejo variants and manufacturer site."
"Cascahuin Reposado Tequila - 750ml","","","64.99","59.0","siptequila.com","64.99","siptequila.com","69.99","shopwinedirect.com / missionliquor.com","5.99","0.0","Search results do not include pricing from Amazon, Vivino, or Liquor.com as requested. Prices are from available online retailers in search results (Wine-Searcher, Sip Tequila, The Barrel Tap, ShopWineDirect, Mission Liquor, and Total Wine). Standard 750ml bottles with 40-42% ABV. Prices exclude tax and are subject to availability and regional variations."
"Atanasio Reposado Tequila - 750ml","","","99.99","69.99","https://www.bottleking.com/shop/?brand=Tequila+Atanasio","89.99","https://siptequila.com/products/atanasio-reposado","99.99","https://sipsy.com/products/atanasio-reposado-tequila-750ml","30.0","10.0","Prices from available retailers: $69.99-$79.99 (Bottle King, Hi Proof), $74.99 (Old Town Tequila, Mission Liquor), $89.99-$99.99 (Sip Tequila, Sipsy), $90 (SF Tequila Shop), $96.99 (Barrel Tap). No prices found from Amazon, Vivino, or Liquor.com in results. Median approximated from current sale prices."
"Arette Artesanal Reposado - 750ml","","","54.99","54.99","https://kegnbottle.com/products/arette-artesanal-suave-reposado-750-ml","65","https://www.wine-searcher.com/find/arete+artesanal+tequila+reposado+soave+jalisco+mexico/1/usa","79","https://siptequila.com/products/arette-artesanal-reposado","0.0","-10.01","Prices from various online retailers; Total Wine lists product but no price in results. Median uses Wine-Searcher average. Specified retailers (Amazon, Total Wine, Vivino, Liquor.com) had no prices found."
"Arette Artesanal Blanco - 750ml","","","49.99","49.99","https://kegnbottle.com/products/arette-artesanal-suave-blanco-tequila-750-ml","59.99","https://www.binnys.com/spirits/tequila/arette-artesanal-blanco-suave-28681/","60","https://sftequilashop.com/products/arette-artesanal-suave-fuerte-101-blanco-750ml","0.0","-10.0","No prices found on Amazon, Vivino, or Liquor.com. Prices from other retailers; some variants like 'Suave' or 'Fuerte'. Total Wine listing lacks specific price."
"Alma Del Jaguar Tequila Reposado - 750ml","","","59.99","49.99","https://www.binnys.com/spirits/tequila/alma-del-jaguar-reposado-tequila-148375/","60.99","https://www.caskers.com/alma-del-jaguar-tequila-reposado-750/","69.0","https://siptequila.com/products/alma-del-jaguar-reposado","10.0","-1.0","Prices from various retailers; Total Wine lacks listed price in results. No data from Amazon, Vivino, or Liquor.com. Sale prices used where available. Average ex-tax $61[1]."
"Alma del Jaguar Añejo Tequila - 750ml","","","77.99","69.99","https://siptequila.com/products/alma-del-jaguar-anejo","85","https://sftequilashop.com/products/alma-del-jaguar-anejo-tequila-750-ml","89.99","https://qualityliquorstore.com/collections/alma-del-jaguar","8.0","-7.01","Prices from various online retailers; no direct matches found on Amazon, Total Wine, Vivino, or Liquor.com. Lowest sale price at Sip Tequila, median approximated from available listings, highest sale at Quality Liquor Store. Averages around $79-80 per Wine-Searcher."
"El Tesoro Extra Añejo 85th Anniversary - 750ml","","","499.99","400","https://sftequilashop.com/products/el-tesoro-85th-anniversary-tequila-750ml","468.99","https://www.caskers.com/el-tesoro-85th-anniversary-extra-a-ejo-tequila/","799.95","https://shopwinedirect.com/el-tesoro-85th-anniversary-extra-anejo-tequila-750ml.html","99.99","31.0","Prices from available retailers (SF Tequila Shop $400, Caskers $468.99, Shop Wine Direct $799.95). Total Wine lists product but no current price visible; Amazon, Vivino, Liquor.com not in results. Avg ex-tax $565 per Wine-Searcher[1]."
"Lunazul Blanco Tequila - 750ml","","","24.99","22.99","https://www.oldtowntequila.com/brands/Lunazul.html","29.99","https://applejack.com/Lunazul-Blanco-Tequila-750-ml","33.55","https://specsonline.com/shop/spirits/lunazul-tequila-blanco-2/","2.0","-5.0","Prices from search results: Old Town Tequila $22.99[1], Applejack $22.99[3], Spec's $33.55[4], Kosher Wine Direct $30.99[5]. Total Wine[7] listed without specific price. Specified retailers (Amazon, Total Wine, Vivino, Liquor.com) had no extractable prices. Median approximated from available data."
"Lunazul Blanco Tequila - 375ml","","","13.99","12.99","https://www.thebottlehousesd.com/products/lunazul-blanco-tequila-375ml","13.99","https://wineanthology.com/28536-lunazul-blanco-tequila","16.68","https://www.saratogawine.com/product/lunazul-tequila-blanco-375ml/","1.0","0.0","Prices from various online liquor retailers; Total Wine, Amazon, Vivino, and Liquor.com had no specific 375ml pricing in results. Median approximated from available prices: 12.99, 13.59, 14.77/14.99, 16.68."
"Lunazul Reposado Tequila - 375ml","","","13.99","10.99","https://www.hiproof.com/products/lunazul-tequila-reposado-80-proof-375ml","12.99","https://www.thebottlehousesd.com/products/lunazul-reposado-tequila-375ml","13.99","https://www.marketviewliquor.com/product/lunazul-reposado-tequila-375ml","3.0","1.0","Prices from various online retailers for 375ml bottles: $10.99 (HiProof), $11.99 (Four Seasons), $12.62 (Spec's), $12.99 (Bottle House, Wine Anthology sale), $13.99 (Marketview, Beverage Warehouse). No prices found on Amazon, Vivino, Liquor.com, or Total Wine for 375ml; median calculated from available prices."
"Lunazul Reposado Tequila - 750ml","","","24.99","20.99","https://www.totalwine.com/spirits/tequila/reposado/lunazul-reposado-tequila/p/106169750","24.99","https://www.caskers.com/lunazul-reposado-tequila/","29.99","https://kegnbottle.com/products/lunazul-reposado-tequila-750ml","4.0","0.0","Prices from Total Wine ($20.99-$24.99), Caskers ($24.99), Fine Wine House/Keg N Bottle ($29.99). No prices found from Amazon, Vivino, or Liquor.com in results. Avg ex-tax $21[1]. Date-sensitive; check sites for current pricing."
"Mezcal Vago El Manantial Espadín - 750ml","","","41.99","13.5","https://www.liquorandgrocerystore.com/products/vago-mezcal-el-manantial-hijos-de-barriga-750ml/","44.99","https://www.oldtowntequila.com/brands/MEZCAL-VAGO.html","46.99","https://www.totalwine.com/spirits/brand/mezcal-vago?viewall=true&pageSize=24&aty=1%2C1%2C1%2C1","28.49","-3.0","Prices from search results; $13.50 appears as current sale price (original $44.99); Total Wine lists $46.99 for similar Espadin Jarquin variant; no direct Amazon/Vivino/Liquor.com prices found; Wine-Searcher avg $44 ex-tax."
"Tierra de Ensueno Extra Rare Bourbon Reposado Batch 2 - 750ml","","","69.99","64.99","https://www.remedyliquor.com/products/tierra-de-ensueno-reposado-wheated-bourbon-cask-750ml","74.99","https://ensuenotequila.com/products/tierra-de-ensueno-reposado-batch-2","89.99","https://raretequilas.com/products/tierra-de-ensueno-reposado-wheated-bourbon-cask-tequila","5.0","-5.0","Prices from Keg N Bottle ($79.99), Remedy Liquor ($64.99), Rare Tequilas ($89.99), Ensueño official ($74.99), Sip Tequila ($74.99). No listings found on Amazon, Total Wine, Vivino, or Liquor.com. Product is a reposado tequila finished in wheated bourbon cask, Batch 2, 750ml."
"Clase Azul Anejo Dia De los Muertos - 750ml","","","2199.99","1455","https://www.wine-searcher.com/find/clase+azul+dia+de+los+muertos+tequila+jalisco+mexico/2025","1825","https://www.wine-searcher.com/find/clase+azul+dia+de+los+muertos+tequila+jalisco+mexico","2700","https://bottlesyoulove.com/tequila-clase-azul-anejo-dia-de-muertos-limited-edition-2025-100cl/","744.99","374.99","Prices primarily from Wine-Searcher averages (ex-tax, USD equivalents) and select retailers; no current listings found on Amazon, Vivino, or Liquor.com. Prices in USD or EUR converted approx.; bottles often 1L, listed as 750ml equiv where applicable. Total Wine has listing but no price shown."
"Clase Azul Mezcal Guerrero - 750ml","","","459.99","396.99","https://www.caskers.com/clase-azul-guerrero-mezcal/","400.0","https://sftequilashop.com/products/clase-azul-mezcal-guerrero-750ml","453.0","https://www.wine-searcher.com/find/clase+azul+mezcal+guerrero+mexico","63.0","59.99","Prices from available retailers; Total Wine, Amazon, Vivino, and Liquor.com had no specific prices in results. Median approximated from listed prices (~$397, $400, $453). Prices ex-tax where noted[1][2][5][6][8]."
"Clase Azul Mezcal San Luis Potosi - 750ml","","","459.99","380.99","https://www.caskers.com/clase-azul-san-luis-potosi-mezcal-750/","399.99","https://www.oakandbarrelnyc.com/product/clase-azul-mezcal-st-luis-potosi-750ml/","499","https://siptequila.com/products/clase-azul-san-luis-potosi-mezcal","79.0","60.0","Prices from various online retailers (Caskers $380.99[7], Oak & Barrel $399.99[3], Keg N Bottle $389.99-$399.99[8], Binny's $429.99[5], Sip Tequila $449-$499[4]); no direct listings found on Amazon, Total Wine, Vivino, or Liquor.com in results. Sorted from available ex-tax/sale prices: 380.99, 389.99, 399.99, 429.99, 449, 499. Median is middle value."
"Clase Azul Mezcal Durango Joven - 750ml","","","459.99","349.99","https://www.remedyliquor.com/products/clase-azul-durango-mezcal-cenizo-joven-88pf-750ml","419.99","https://theliquorbarn.com/products/clase-azul-mezcal-durango-joven-750ml","549.99","https://www.passionspirits.com/clase-azul-mezcal-durango","110.0","40.0","Prices from available retailers (Remedy Liquor, Keg N Bottle, Liquor Barn, BottleStork, Rare Tequilas, Passion Spirits); Total Wine lists product but no price in results; sorted [349.99, 399.99, 399.99, 419.99, 499.99, 524.99, 549.99]; specified sites (Amazon, Vivino, Liquor.com) had no listings."
"Clase Azul Blanco Ahumado Tequila - 750ml","","","299.99","249.99","https://www.hiproof.com/products/clase-azul-tequila-blanco-ahumado-750-ml","269.99","https://theliquorbarn.com/products/clase-azul-blanco-ahumado-750ml","299.99","https://siptequila.com/products/clase-azul-blanco-ahumado","50.0","30.0","Prices from available retailers; sale prices used where applicable. No prices found on Amazon, Vivino, or Liquor.com in results. Total Wine lists product but no price. Average ex-tax $257[1]."
"Clase Azul Ultra Extra Anejo - 750ml","","","2199.99","1699.99","https://shopsk.com/products/clase-azul-tequila-ultra-80","2025","https://www.wine-searcher.com/find/clase+azul+ultra+tequila+extra+anejo+jalisco+mexico/0/usa?offer=ws-2-1j48n49-0-10%2F238","2499.99","https://siptequila.com/products/clase-azul-ultra","500.0","174.99","Prices from available retailers (ShopSK, Wine-Searcher avg, Passion Spirits, Binny's, Sip Tequila, Caskers); no current listings found on Amazon, Vivino, or Liquor.com. Total Wine page lacks specific price. Values in USD for 750ml, ex-tax where noted."
"Clase Azul Reposado - 375ml","","","109.99","99.99","shopsk.com","119.99","kegnbottle.com","149.0","siptequila.com","10.0","-10.0","Search results did not include pricing from Amazon, Vivino, or Liquor.com as specified in the query. Prices are from available online retailers in the search results only. Lowest price is on sale; regular prices range from $139.99-$149.99. Some retailers show unavailability."
"Espero Blanco Tequila - 1L","","","24.99","21.99","https://www.hitimewine.net/espero-blanco-tequila-1lt-nom-1551-additive-free-cooked-in-brick-ovens-124094","25.99","https://theliquormallusa.com/products/espero-tequila-blanco-80-1l","69.99","https://caskcartel.com/products/espero-blanco-tequila-1l","3.0","-1.0","Prices from various online retailers (not limited to Amazon, Total Wine, Vivino, Liquor.com as specified; no results from those sites). Sorted available prices: $21.99[4], $23.99[1], $25.99[2], $27.99[3], $49.99[5], $69.99[6]. Some sites lack prices[7][8]. Prices in USD as of search data."
"Don Julio 1942 FIFA World Cup 2026 Edition - 50ml (10 Pack)","","","169.99","14.99","https://mainstreetliquor.com/products/don-julio-1942-fifa-world-cup-2026-limited-edition","17.99","https://ludwigsfinewine.com/products/don-julio-1942-fifa-world-cup-2026-limited-edition-50ml","119.99","https://shopsk.com/collections/don-julio-1942-fifa-2026","155.0","152.0","Prices for single 50ml bottles except highest (10-pack). No results from Amazon, Total Wine, Vivino, or Liquor.com. Prices from other retailers as of search data."
"Lost Lore Valley Blanco + Reposado 2pk - 750ml","","","149.99","149.99","https://kegnbottle.com/products/lost-lore-amburana-reposado-limited-edition-tequila-750-ml","","","","","0.0","","No exact matches for 'Lost Lore Valley Blanco + Reposado 2pk - 750ml' found on Amazon, Total Wine, Vivino, or Liquor.com. Only one combo pack (Amburana Reposado & Blanco) at $149.99 identified; insufficient prices for median/highest. Individual bottles available but not the specified 2pk."
"Lost Lore Valley Blanco + Blanco 2pk - 750ml","","","139.99","4.01","https://gacraftspirits.com/products/lost-lore-tequila-valley-blanco-750ml","60.99","https://www.caskers.com/lost-lore-tequila-blanco/","79.95","https://abc2.nc.gov/Pricing/ViewItemDetails/172586","135.98","79.0","Prices from search results for Lost Lore Valley Blanco / Blanco Tequila 750ml (likely same product). Sorted: $4.01[2], $44.94[3], $55[8], $59.99[4], $60.99[6], $62.99[10 Total Wine], $64.95[9], $79.95[1]. No prices found from Amazon, Vivino, or Liquor.com in results. $4.01 appears as potential clearance/outlier."
"Bomberger’s Declaration Bourbon 2023 - 750ml","","","249.99","161.99","https://liquorlux.com/products/bombergers-declaration-2023-bourbon","199.99","https://www.thebarreltap.com/products/bombergers-declaration-2023-release-bourbon","208.95","https://uptownspirits.com/products/bombergers-declaration-2023-bourbon-whiskey-750ml","88.0","50.0","Prices from search results; none found on Amazon, Vivino, or Liquor.com. Liquorlux shows sale price. Total Wine lists product but no price in snippet. Avg ex-tax $201[1]."
"Shenk’s Homestead Sour Mash Whiskey 2023 - 750ml","","","199.99","189.99","https://sipwhiskey.com/products/shenk-s-homestead-distillery-sour-mash-whiskey","199.99","https://whiskeycaviar.com/products/shenks-homestead-2023-sour-mash-whiskey-copy","229.99","https://onlineliquor.com/products/shenk-s-homestead-sour-mash-whiskey-2023","10.0","0.0","Prices from sipwhiskey.com ($189.99), whiskeycaviar.com ($199.99), and onlineliquor.com ($229.99 sale from $269.99). No prices found on Amazon, Total Wine, Vivino, or Liquor.com. Wine-Searcher avg $171-$212 ex-tax, not retail. Some results reference 2024 release."
"Volcán de Mi Tierra Blanco Tequila - 750ml","","","41.99","37.95","https://www.vilaviniteca.es/en/volcan-blanco.html","47.9","https://www.enbotella.com/en/tequila-volcan-blanco","54.99","https://siptequila.com/collections/volcan-tequila","4.04","-5.91","Prices in EUR/USD from European and US sites; no current prices found on Amazon, Total Wine, Vivino, or Liquor.com. Total Wine lists product but no price. Average ex-tax ~$48[1]. SipWhiskey shows Blanco at $119 (sale from $139)[8], outlier possibly special edition."
"Volcán de Mi Tierra Reposado Tequila - 750ml","","","51.99","","","","","","","","","Search results do not include pricing data from the requested retailers (Amazon, Total Wine, Vivino, Liquor.com). Available prices are from Spanish and Latin American retailers only, with prices ranging from €38.32 to €75 and $790 USD. To obtain pricing from the specified retailers, a new search targeting those specific platforms is required."
"Casa Dragones Sip Set — 3 Pack (375ml Bottles)","","","129.99","149.99","https://siptequila.com/products/casa-dragones-375ml-gift-set-blanco-reposado-anejo","189.99","https://kegnbottle.com/products/casa-dragones-sipping-tequila-gift-set-3-pack-blanco-repo-and-anejo-375-ml","199.99","https://www.royalbatch.com/casa-dragones-sipping-tequila-gift-set-3-pack-375ml","-20.0","-60.0","Prices from various retailers; no prices found on Amazon, Vivino, or Liquor.com. Total Wine lists product but no price in results. Median calculated from available sale prices: 149.99, 156.83, 189.99, 191.99, 199.99."
"Tanteo Habanero Tequila - 750ml","","","35.99","36.99","https://flaviar.com/products/tanteo-habanero-tequila-750","40.0","https://bankswinesandspirits.com/products/tanteo-habanero-tequila-750ml","55.99","https://elcerritoliquor.com/products/tanteo-habanero-tequila-750ml","-1.0","-4.01","Prices from available retailers (Flaviar, Keg N Bottle, Caskers, Banks, El Cerrito); no prices found on Amazon, Total Wine, Vivino, or Liquor.com in results. Avg ex-tax $39[1]."
"Tanteo Jalapeño Tequila - 750ml","","","35.99","36.99","https://www.universalfws.com/product/p-1973-tanteo-jalapeno-tequila/","39.99","https://theliquorbarn.com/products/tanteo-jalapeno-infused-tequila-750ml","84.49","https://www.nationwideliquor.com/182193/tanteo-jalapeno-infused-tequila-750ml","-1.0","-4.0","Prices from various online retailers; no current listings found on Amazon, Vivino, or Liquor.com. Sorted from available: $36.99[5], $39.99[2], $42.99[7], $84.49[1]. Total Wine has listing but no price shown[8]."
"Tanteo Blanco Tequila - 750ml","","","35.99","32.99","https://www.purdyswine.com/product/tanteo-blanco-tequila/","37.0","https://flaviar.com/products/tanteo-blanco-tequila-750","48.99","https://cellar.com/products/tanteo-blanco-tequila-750ml","3.0","-1.01","Prices from Purdy's ($32.99), Flaviar ($36.99), Caskers ($37.99), Cellar.com ($48.99). Average ex-tax $41[1]. No specific prices found on Amazon, Total Wine, Vivino, or Liquor.com in results; Total Wine lists product without price[8]. All for 750ml."
"Astral Margarita - 375ml","","","16.99","9.98","https://cheapestbooze.com/shop/product/astral-margarita-cocktail/659feb1cc10c9f7e764f951f?option-id=bedbabb990810e4c732445758634f032c8d5e6ffe006d1e9072d96241b2c6557","13.49","https://www.lisasliquorbarn.com/spirits/mixerpre-mixed/astral-margarita-cocktail-375ml","15.99","https://www.caskers.com/astral-margarita-cocktail-375/","7.01","3.5","Prices from various online retailers (not limited to Amazon, Total Wine, Vivino, Liquor.com as no results from those). Sorted unique prices: $9.98, $10.00, $11.99, $12.99, $13.49, $15.99. Median is average of 3rd and 4th. No prices found on specified sites."
"Astral Margarita - 750ml","","","16.99","19.98","https://cheapestbooze.com/shop/product/astral-margarita-cocktail/659feb1cc10c9f7e764f951f?option-id=bedbabb990810e4c732445758634f032c8d5e6ffe006d1e9072d96241b2c6557","25.29","https://www.walmart.com/ip/Astral-Margarita-Cocktail-Made-with-Tequila-Blanco-750-mL-21-ABV/5035811551?wmlspartner=wlpa&selectedSellerId=103040425","35.51","https://www.reservebar.com/collections/astral","-2.99","-8.3","Prices from search results: Caskers $28.99[1], Liquor Barn $19.99[2], Liquor Bros $24.99[3], Walmart $25.29[4], Moore Liquor $19.98[5], ReserveBar $35.51[6], Total Wine $23.99[7]. No prices found for Amazon, Vivino, or Liquor.com. Sorted prices: 19.98, 19.99, 23.99, 24.99, 25.29, 28.99, 35.51; median is middle value."
"Lobos Reposado (RED) - 750ml","","","45.99","42.99","https://www.binnys.com/spirits/tequila/lobos-reposado-tequila-115805/","52.99","https://www.caskers.com/lobos-1707-red-tequila-reposado/","57.99","https://craftshack.com/products/lobos-1707-red-reposado-tequila","3.0","-7.0","Prices from various online retailers including Total Wine (no price listed), Sip Tequila ($49.99), Flaviar ($48.99), Keg N Bottle ($54.99 sale), Binny's ($42.99), Caskers ($52.99/$48.99); no prices found on Amazon, Vivino, or Liquor.com. Sorted from available explicit prices: 42.99, 48.99, 49.99, 52.99, 54.99, 57.99. Median is average of 3rd and 4th."
"Lobos Extra Añejo Tequila - 750ml","","","89.99","89.99","https://sipsy.com/products/lobos-extra-anejo-tequila-750ml-1","129.99","https://raretequilas.com/products/lobos-tequila-extra-anejo-750ml","169.99","https://www.totalwine.com/spirits/tequila/extra-anejo/lobos-1707-extra-anejo-tequila/p/233689750","0.0","-40.0","Prices from various online retailers; none directly from Amazon, Vivino, or Liquor.com in results. Median calculated from sorted unique prices: 89.99, 109.99, 129.99, 151.99, 159.99, 169.99. Ex-tax averages ~$162-163 noted but not used for extrema."
"Lobos Añejo Tequila - 700ml","","","71.99","40.02","https://app.warehouserunner.com/costco/1950595-lobos-1707-tequila-anejo-mexico-700ml","69.99","https://flaviar.com/products/lobos-1707-limited-edition-anejo-tequila-700","113.99","https://shopwinedirect.com/lobos-1707-anejo-tequila-700ml.html","31.97","2.0","Prices from Costco ($40.02), Flaviar/Sipsy/Binny's/Napacabs MSRP ($69.99-$71.99), ShopWineDirect MSRP ($113.99). Total Wine lists product but no price in results. None from Amazon, Vivino, or Liquor.com. Some limited edition variants included."
"Lobos Joven Tequila - 750ml","","","36.99","34.99","https://theliquorbarn.com/products/lobos-1707-joven-750ml","44.99","https://kegnbottle.com/products/lobos-1707-tequila-joven-blanco-750-ml-lebron-james-tequila","62.99","https://costplusliquors.com/products/lobos-1707-tequila-joven-750ml","2.0","-8.0","Prices from various online retailers; Total Wine lists product but no price in snippet. Median calculated from available prices: 34.99, 36.99, 44.99, 45.99, 54.99, 62.99. None from Amazon, Vivino, or Liquor.com in results."
"Sueño's Global Añejo Tequila - 750ml","","","67.99","22.8","https://www.redwinehaven.com/products/suenos-global-anejo-tequila/","58.94","https://specsonline.com/shop/spirits/sueno-de-atzo-tequila-anejo-6-case/","78.0","https://shop.suenosglobaltequila.com","45.19","9.05","Prices from Suenos official site ($78), Red Wine Haven ($22.80 sale from $75.99), Spec's ($58.94). No prices found on Amazon, Total Wine, Vivino, or Liquor.com. Spec's lists 'Sueño de Atzo' variant."
"Sueño's Global Reposado Tequila - 750ml","","","51.99","52.62","https://specsonline.com/shop/spirits/sueno-de-atzo-tequila-reposado-6-case/","52.62","https://specsonline.com/shop/spirits/sueno-de-atzo-tequila-reposado-6-case/","52.62","https://specsonline.com/shop/spirits/sueno-de-atzo-tequila-reposado-6-case/","-0.63","-0.63","No prices found from specified retailers (Amazon, Total Wine, Vivino, Liquor.com). Only one price ($52.62) available for similar product 'Sueno De Atzo Reposado Tequila' from Spec's; no prices listed for exact 'Sueño's Global Reposado Tequila' from requested sources."
"Sueño's Global Blanco Tequila - 750ml","","","46.99","39","http://www.wine-searcher.com/find/Sue%C3%B1o+De+Atzo+Blanco+Tequila","46.99","https://sipsy.com/products/sueno-s-global-blanco-tequila-750ml","54.99","https://shop.suenosglobaltequila.com/products/suenos-tequila-blanco","7.99","0.0","Prices from manufacturer site ($54.99), Sipsy ($46.99), and Wine-Searcher avg ($39 ex-tax); no direct prices found on Amazon, Total Wine, Vivino, or Liquor.com in results. Wine-Searcher lists as 'Sueno de Atzo' variant."
"Lost Lore High Proof Reposado + Reposado Tequila 2pk - 750ml","","","149.99","59.99","https://www.oldtowntequila.com/lost-lore/","74.99","https://raretequilas.com/products/lost-lore-reposado-tequila","89.99","https://kegnbottle.com/products/lost-lore-high-proof-reposado-tequila-750ml","90.0","75.0","Prices from various retailers; no listings found on Amazon, Vivino, or Liquor.com. Lowest for standard Reposado, highest for High Proof variant matching product name. Total Wine lists product but no price shown."
"Tapatío 3-Pack - 750ml","","","145.99","159.99","https://kegnbottle.com/products/tapatio-tequila-combo-pack-3-x-750-ml","159.99","https://kegnbottle.com/products/tapatio-tequila-combo-pack-3-x-750-ml","159.99","https://kegnbottle.com/products/tapatio-tequila-combo-pack-3-x-750-ml","-14.0","-14.0","No prices found from Amazon, Total Wine, Vivino, or Liquor.com. Only one matching 3x750ml Tapatío (Tequila) pack found on Keg N Bottle; single bottle prices excluded as query specifies 3-pack."
"Tapatío Reposado - 750ml","","","56.99","44.99","https://www.missionliquor.com/products/tapatio-tequila-reposado-750ml","50.0","https://sftequilashop.com/products/tapatio-reposado","59.99","https://siptequila.com/products/tapatio-reposado-tequila","12.0","6.99","Prices from various online retailers; Total Wine lists product but no price in results[9]. Used sale prices where available. Amazon, Vivino, Liquor.com not found in results."
"Cutwater Tequila Paloma 4-Pack - 12-oz Cans","","","14.99","10.99","https://www.target.com/p/cutwater-grapefruit-tequila-paloma-cocktail-4pk-12-fl-oz-cans/-/A-53502703","12.98","https://www.hitimewine.net/cutwater-tequila-paloma-cocktail-7-abv-4-pack-12oz-cans.-115976","14.99","https://www.bottlesandcases.com/spirits/Cutwater-Paloma-Cocktail-4-Pack-Cans-12-oz-w3095528j3","4.0","2.01","Prices from available retailers (Target[4], Hi-Time Wine[2], Water Street[3], Bottles and Cases[1]); no current prices found from Amazon, Vivino, or Liquor.com. Sorted unique sale prices: $10.99, $12.98, $14.99. Total Wine[6] lists product without price."
"Espacial Tequila Still Strength - 750ml","","","72.99","39.99","https://shopsk.com/products/espacial-blanco-tequila-750ml","69.99","https://www.donsliquorsandwine.com/collections/tequila/products/espacial-still-strength-blanco-tequila-750ml","70.09","https://www.thebottleshoppe.com/product/tequila-espacial-still-strength-blanco-750ml/21925","33.0","3.0","Prices from various online retailers; no prices found on Amazon, Total Wine, Vivino, or Liquor.com in search results. Some listings lack explicit prices. ShopSK lists sale price $39.99 (regular $49.99). Median calculated from available prices: 39.99, 49.99, 54.99, 67.99, 69.99, 70.09."
"Tequila Mandala Día de los Muertos 2025 Life After Death El Jimador Limited Edition - 1L","","","169.99","33.59","https://www.tippleandluxe.com/product/tequila-mandala-dia-de-los-muertos-2025-life-after-death-el-jimador-limited-edition-1-l/","179.99","https://www.thebarreltap.com/collections/new-arrivals/tequila-mandala-dia-de-muertos","184.99","https://kegnbottle.com/products/mandala-2024-anejo-day-of-the-dead-limited-edition-tequila-1-l","136.4","-10.0","Prices from various online retailers (not limited to specified ones: Amazon, Total Wine, Vivino, Liquor.com had no results). Lowest appears heavily discounted from $151.23 original[1]; median approximated from available 1L listings[2]; highest clear 1L price (note: 2024 edition)[5]. No matches on requested sites. Prices ex-tax where noted[3]."
"Tequila Mandala Día de los Muertos 2025 Life After Death La Catrina Limited Edition - 1L","","","169.99","99.99","https://www.thebarreltap.com/collections/new-arrivals/tequila-mandala-dia-de-muertos","169.0","https://dramfellows.com/collections/tequila/tequila-mandala","179.99","https://dramfellows.com/collections/tequila/tequila-mandala","70.0","0.99","Prices from The Barrel Tap ($99.99 sale) and DramFellows ($169 sale, $179.99 regular); no results found from Amazon, Total Wine, Vivino, or Liquor.com."
"G4 Clásico Blanco Tequila + G4 Blanco Tequila (2-Pack)","","","139.99","154.99","https://www.oldtowntequila.com/brands/G4.html","169.99","https://siptequila.com/collections/g4-tequila-family","189.99","https://kegnbottle.com/products/g4-anejo-tequila-combo-pack-750ml","-15.0","-30.0","Prices for G4 Blanco Tequila 2-packs or Clásico collections from Old Town Tequila ($154.99 Blanco Combo), Sip Tequila ($169.99 Clásico Collection), and Keg N Bottle ($189.99 Anejo/Blanco combo). No exact matches on Amazon, Total Wine, Vivino, or Liquor.com in results; G4 Clásico Throwback Blanco listed at $79.95 (single, out of stock)[2]."
"Contraluz Cristalino Tequila - 750ml","","","34.99","39.99","https://www.missionliquor.com/products/contraluz-cristalino-reposado-tequila-700ml","59.99","https://theboozecartel.com/products/contraluz-cristalino-reposado-tequila-750ml","69.99","https://kegnbottle.com/products/contraluz-mezcal-cristalino-750-ml","-5.0","-25.0","No prices found from Amazon, Vivino, or Liquor.com. Lowest is 700ml; others mostly 750ml. Prices for similar Contraluz Cristalino (tequila/mezcal reposado/cristalino variants). Total Wine lists product but no price[10]."
"Partida Tequila 3-Pack - Blanco | Partida Tequila 3-Pack - Reposado | Partida Tequila 3-Pack - Añejo","","","119.99","146.99","https://partidatequila.com/es/products/blanco-reposado-and-anejo-bundle","146.99","https://partidatequila.com/es/products/blanco-reposado-and-anejo-bundle","146.99","https://partidatequila.com/es/products/blanco-reposado-and-anejo-bundle","-27.0","-27.0","No prices found for the exact 3-pack from Amazon, Total Wine, Vivino, or Liquor.com. Using the 'La Familia Bundle' (1x Blanco, 1x Reposado, 1x Añejo 750ml) from official Partida site at $146.99[3]. Individual bottles sum to ~$146 (Blanco $39.99[2], Reposado $49.99[2], Añejo $56[1]). Mini set (3x5cl) available but not full-size[6]."
"Partida Tequila Blanco - 750ml","","","35.99","31.99","https://www.caskers.com/partida-familia-tequila-blanco/","42.99","https://unwindbottleshop.com/products/partida-tequila-blanco-750ml","49.0","https://siptequila.com/collections/partida-tequila","4.0","-7.0","Prices from available retailers (Caskers $31.99, Keg N Bottle $44.99, Unwind $42.99, SipTequila $49); no prices found for Amazon, Total Wine, Vivino, Liquor.com. Avg ex-tax $40 per Wine-Searcher."
"Casamigos Margaritas Cocktail Cans - 8 pk (12oz)","","","29.99","","","","","","","","","The search results do not contain pricing information from the requested retailers (Amazon, Total Wine, Vivino, Liquor.com). The available results show prices from alternative retailers like Wooden Cork ($21.99), The Liquor Barn ($19.99, currently unavailable), and The Barrel Tap, but these do not match the specified retailer list. Additionally, search results show 200ml cans and 12oz cans at different retailers, making direct price comparison unreliable. A new search targeting the specific retailers is needed to provide accurate pricing data."
"Espolón Tequila The Grand Margarita Kit - 750ml","","","35.99","39.99","https://www.worldwidebev.com/shop/product/espolon-reposado-the-grand-marnier-margarita-kit/67f033ca95d3f34188c65ba6?option-id=552dd009d94ecd7f1aec11f88b164c363ca9ab74a4b1e9270cd404464f9ff20d","45","No specific price from Amazon, Total Wine, Vivino, or Liquor.com; average estimated from available data","50","https://grainvine.com/products/espolon-tequila-the-grand-margarita-kit","-4.0","-9.01","No prices found from specified retailers (Amazon, Total Wine, Vivino, Liquor.com). Prices from other retailers: $39.99[4], $50[1] (unavailable). Others lack listed prices. Median estimated as average of known prices."
"Humano Joven Tequila - 750ml","","","76.99","74.99","https://www.binnys.com/spirits/tequila/humano-tequila-joven-156633/","81.99","https://kegnbottle.com/products/humano-tequila-joven-750ml","89.99","https://liquorgeeks.com/products/humano-tequila-joven","2.0","-5.0","Prices from various online retailers (Binny's, Kings, VS Liquor, Liquor Geeks, Keg N Bottle); no results from specified retailers Amazon, Total Wine, Vivino, or Liquor.com. Median calculated from available prices: 74.99, 74.99, 81.99, 88.99, 89.99."
"The Sipsy Classic Margarita Cocktail Set - 6 Cocktails","","","59.99","15.49","https://www.vinoluxeallure.com/product/the-sipsy-spicy-margarita-cocktail-set-6-8-servings/","39.99","https://sipsy.com/products/the-sipsy-classic-margarita-cocktail-set-2-cocktails","62.47","https://www.vinoluxeallure.com/product/the-sipsy-spicy-margarita-cocktail-set-6-8-servings/","44.5","20.0","No prices found on Amazon, Total Wine, Vivino, or Liquor.com. Prices from Sipsy and Vinoluxeallure; Spicy variant used for lowest/highest due to matching serving size. Classic 6-cocktail prices not listed explicitly."
"Alma del Jaguar Tequila Nocturna & Blanco - 2-Pack","","","109.99","119.98","https://shopwinedirect.com/alma-del-jaguar-nocturna-high-proof-blanco-tequila-750ml.html","129.98","https://www.binnys.com/spirits/tequila/alma-del-jaguar-nocturna-blanco-still-strength-tequila-158343/","149.98","https://almadeljaguar.com/collections/coleccion-cuadricula","-9.99","-19.99","No prices found for the exact 'Alma del Jaguar Tequila Nocturna & Blanco - 2-Pack' on Amazon, Total Wine, Vivino, or Liquor.com. Prices estimated by doubling single bottle prices for Nocturna (range $59.99-$79.99) and Blanco (approx. $39.99-$59); using Old Town Tequila single bottle prices ($64.99 Nocturna + $49.99 Blanco=114.98, rounded up) scaled. Binny's case of 6 Nocturna at $419.94 implies ~$70/bottle."
"Alma del Jaguar Tequila Blanco Reposado & Añejo - 3-Pack","","","189.99","179.99","https://kegnbottle.com/products/alma-del-jaguar-combo-pack-tequila-3-x-750-ml","179.99","https://kegnbottle.com/products/alma-del-jaguar-combo-pack-tequila-3-x-750-ml","399.99","https://www.oldtowntequila.com/alma-del-jaguar/","10.0","10.0","Limited exact matches for 'Alma del Jaguar Tequila Blanco Reposado & Añejo - 3-Pack'. Used Keg N Bottle $179.99 (Blanco, Reposado, Nocturna Blanco) as lowest/median; Old Town Tequila $399.99 Barrica Series Combo as highest (variant). No prices from Amazon, Total Wine, Vivino, or Liquor.com. Sip Tequila Family Collection $119 (sale) is Blanco/Reposado/Añejo but not 3x750ml standard."
"Cascahuin Destino Tequila Blanco - 750ml","","","249.99","249.99","https://www.hiproof.com/collections/vendors?q=Cascahuin","300.0","https://sftequilashop.com/products/cascahuin-destino-blanco-tequila-750ml","349.89","https://bestbuyliquors.com/cascahuin-destino-blanco-tequila","0.0","-50.01","Prices from HiProof ($249.99), SF Tequila Shop ($300), Best Buy Liquors ($349.89). No specific prices found on Amazon, Total Wine, Vivino, or Liquor.com in results; Total Wine listed without price. Wine-Searcher avg ex-tax $328-$342. El Cerrito no price listed."
"Siete Leguas Tequila Blanco 47% - 700ml","","","69.99","57.9","https://www.hiproof.com/products/siete-leguas-47-high-proof94-proof-blanco-still-strength-limited-release","69.99","https://www.thebarreltap.com/products/siete-leguas-47-tequila-blanco-still-strength","89.99","https://qualityliquorstore.com/products/siete-leguas-47-high-proof-blanco-tequila","12.09","0.0","Prices from available retailers (none directly from Amazon, Vivino, Liquor.com in results; Total Wine listed but no price shown). Extracted prices: $57.90[5], $59.99[8], $69.99[4], $89.99[3]. Averages noted ~$56-$71 ex-tax[1][2]. Availability varies; some backordered."
"Herradura Silver Tequila - 375ml","","","22.99","21.99","https://www.bottlevalues.com/spirits/Herradura-Silver-Tequila-375ml-w0482969tl","24.99","https://www.bottlesandcases.com/spirits/Herradura-Silver-Tequila-375ml-w1355190vb","28.99","https://www.caskers.com/herradura-silver-tequila-375/","1.0","-2.0","Prices from various online retailers (not limited to Amazon, Total Wine, Vivino, Liquor.com as no direct matches found); lowest is sale price[7], others regular prices[1][2][3][4][8]; no prices from specified retailers in results."
"Yeyo Blanco Tequila - 750ml","","","45.99","44.99","https://www.oldtowntequila.com/yeyo-tequila/","51","https://www.wine-searcher.com/find/yeyo+tequila+blanco+jalisco+mexico","69.99","https://sipsy.com/products/yeyo-high-proof-tequila-blanco-750ml","1.0","-5.01","Prices from available retailers; Total Wine lists product but no price shown. Some listings may be for high-proof variant. Average ex-tax $51[1]. Specified sites (Amazon, Vivino, Liquor.com) had no prices in results."
"Yeyo Blanco Tequila – 2-Pack","","","88.99","88.99","https://sipsy.com/products/yeyo-blanco-tequila-2-pack","88.99","https://sipsy.com/products/yeyo-blanco-tequila-2-pack","89.99","https://sipsy.com/products/yeyo-blanco-and-siete-leguas-blanco-tequila-2pk","0.0","0.0","Prices from Sipsy (not specified retailers: Amazon, Total Wine, Vivino, Liquor.com had no prices; single bottles ~$47-52, no 2-packs found there)"
"Yeyo Blanco and Siete Leguas Blanco Tequila - 2-Pack","","","89.99","89.99","https://sipsy.com/products/yeyo-blanco-and-siete-leguas-blanco-tequila-2pk","89.99","https://sipsy.com/products/yeyo-blanco-and-siete-leguas-blanco-tequila-2pk","89.99","https://sipsy.com/products/yeyo-blanco-and-siete-leguas-blanco-tequila-2pk","0.0","0.0","Only one price found for the exact 2-pack product on Sipsy ($89.99 sale price). No listings found on Amazon, Total Wine, Vivino, or Liquor.com. Other results show individual bottle prices only."
"Villa One Reposado - 750ml","","","45.99","26.99","https://flaviar.com/products/villa-one-tequila-reposado-750","45.0","https://siptequila.com/products/villa-one-reposado","56.99","https://costplusliquors.com/products/villa-one-teq-rep-6b-750ml","19.0","0.99","Prices from various online retailers; Total Wine page lacks visible price in results. Amazon, Vivino, Liquor.com not found in results. Sorted from available: 26.99 (Flaviar), 37.99 (Caskers), ~42.75-45 (SipTequila/OldTown), 45.99, 46 avg (Wine-Searcher), 52.12 (ReserveBar), 56.99 (CostPlus). Median approx from central values."
"Two Chicks Sparkling Paloma – 4-Pack","","","11.99","10.99","https://www.shipt.com/shop/products/21379099","13.99","https://www.target.com/p/two-chicks-sparkling-paloma-cocktail-4pk-355ml-cans/-/A-81410338","15.99","https://www.caskers.com/two-chicks-sparkling-paloma-4-pack/","1.0","-2.0","Prices from Shipt ($10.99), Spec's ($10.99/$11.57), Target ($13.99), Sipsy ($11.99), Elma ($14.99), Binny's ($11.99), Surdyk's ($14.99), Caskers ($15.99). No prices found from Amazon, Total Wine, Vivino, or Liquor.com. Used current sale prices where available."
"Turincio Blanco Tequila - 1L","","","42.99","34.99","https://twinpeaksliquor.com/shop/product/turincio-blanco-100-agave-azul/6477cf124ca5b74542601c72?option-id=b74b83395b5c7b0ccd467b1b091e7f9c6c3d5e3ef03756dc87ac4640f576d6bd","39.98","https://www.highendliquor.com/products/turincio-tequila-blanco-1l","49.99","https://liquorfreight.com/products/turincio-blanco-tequila-1l","8.0","3.01","Prices from various online retailers; no prices found on Amazon, Vivino, or Liquor.com in results. Total Wine listed but no price available. Prices: 34.99, 36.99, 37.99, 39.98, 40.99, 42.99, 49.99."
"Tierra de Ensueño Tequila Blanco and Reposado Rioja - 750ml 2pk","","","159.99","159.99","https://sipsy.com/products/tierra-de-ensueno-tequila-blanco-and-reposado-rioja-750ml-2pk","159.99","https://sipsy.com/products/tierra-de-ensueno-tequila-blanco-and-reposado-rioja-750ml-2pk","159.99","https://sipsy.com/products/tierra-de-ensueno-tequila-blanco-and-reposado-rioja-750ml-2pk","0.0","0.0","Only one exact match for the 'Tierra de Ensueño Tequila Blanco and Reposado Rioja - 750ml 2pk' found at Sipsy.com for $159.99. No listings on Amazon, Total Wine, Vivino, or Liquor.com. Other results are for individual bottles, not the Rioja 2pk bundle."
"Tierra de Ensueño Tequila Blanco - 750ml","","","64.99","59.99","https://www.oldtowntequila.com/tierra-de-ensueno/","64.99","https://kegnbottle.com/products/tierra-de-ensueno-blanco-tequila-750ml","69.99","https://applejack.com/Tierra-de-Ensuena-Blanco-Tequila-750-ml","5.0","0.0","Prices from various online retailers (not limited to specified ones); lowest $59.99 at Old Town Tequila, median $64.99 (most common, multiple sites), highest $69.99 at Applejack and others. No prices found from Amazon, Total Wine, Vivino, or Liquor.com."
"The Ultimate Margarita","","","85.99","17.99","https://www.eatthis.com/ready-to-drink-margaritas-taste-test/","19.99","https://www.eatthis.com/ready-to-drink-margaritas-taste-test/","19.99","https://www.eatthis.com/ready-to-drink-margaritas-taste-test/","68.0","66.0","Prices from taste test article for 1800 Ultimate Margarita (~1.75L: $19.99) and Coppa Margarita (750ml: $17.99); Walmart and Total Wine list product but no prices. No data from Vivino or Liquor.com. Assumed 'The Ultimate Margarita' refers to 1800 brand."
"The Spicy Paloma Cocktail Pack","","","61.99","8.0","https://onepartco.com/products/spicy-paloma","35.0","","61.99","https://sipsy.com/products/the-spicy-paloma-cocktail-pack","53.99","26.99","Prices from One Part Co ($8, infusion blend) and Sipsy ($61.99, full kit). No listings found on Amazon, Total Wine, Vivino, or Liquor.com. Median estimated as average due to only two prices. Faire result lacks specific price."
"The Classic Margarita","","","35.99","8.49","https://www.totalwine.com/accessories-more/mixers-water-soda/cocktail-mixes/margarita/c/001539","14.99","https://www.craftmix.com/products/classic-margarita","19.99","https://www.eatthis.com/ready-to-drink-margaritas-taste-test/","27.5","21.0","Prices from Total Wine, Craftmix, and Eat This (various retailers); no exact matches on Amazon, Vivino, or Liquor.com. Selected Classic Margarita mixes and RTDs; prices vary by size/brand."
"Teremana Tequila Blanco - 750ml","","","36.99","26.97","https://specsonline.com/shop/spirits/teremana-tequila-blanco-6-case/","29.89","https://bestbuyliquors.com/teremana-blanco-tequila","32.99","https://www.bottlesandcases.com/spirits/Tequila/?price_band=50&item_type=spirits&winery=Teremana&size=750","10.02","7.1","Prices for 750ml from available retailers (Spec's $26.97, Best Buy Liquors $29.89, Flaviar $28.99, Binny's $29.99, Bottles and Cases $32.99); no prices found from Amazon, Vivino, Liquor.com. Sorted from explicit 750ml listings."
"Teremana Reposado - 1L","","","48.99","39.99","https://preetliquor.com/products/teremana-reposado-tequila-1l","44.99","https://topshelfwineandspirits.com/products/teremana-teremana-reposado-1-l","82.49","https://www.nationwideliquor.com/180792/teremana-reposado-tequila-1l","9.0","4.0","Prices from various online retailers; no exact matches found on Amazon, Vivino, or Liquor.com in results. Median calculated from explicit prices: 39.99, 39.99, 44.99, 46.99, 62.99."
"Tequila Ocho Plata Puntas - 750ml","","","229.99","99.99","https://www.hiproof.com/products/ocho-mirandillas-highest-proof-edition-of-plata-puntas-750ml","130","https://dewinespot.co/products/tequila-ocho-single-estate-plata-puntas-overproof-distillers-cut","200","https://sftequilashop.com/products/tequila-ocho-plata-2021-puntas-750ml","130.0","99.99","Prices from available retailers; no listings found on Amazon, Vivino, or Liquor.com. Prices vary by vintage/year (e.g., 2021, 2024) and proof (e.g., standard vs. overproof ~106 proof). Median calculated from available sale prices: 99.99, 111.98, 119.99, 130, 200. Total Wine lists product but no price in results.[5][2][1][7][4][9]"
"Tequila Ocho Añejo - 750ml","","","74.99","69.99","https://www.oldtowntequila.com/tequila-ocho/","86.99","https://tastersclub.com/products/tequila-ocho-anejo","94.99","https://siptequila.com/products/tequila-ocho-anejo","5.0","-12.0","Prices from online retailers: Old Town Tequila $69.99[4], Total Wine ~$68[9], SF Tequila $80[5], Wine-Searcher avg $80/90[1][3], Tasters Club $86.99[6], Keg N Bottle $84.99[8], Sip Tequila $94.99[2]. No prices found from Amazon, Vivino, or Liquor.com. Excludes special editions and out-of-stock items. Total Wine lacks exact current price."
"Tequila Mandala Extra Añejo - 1L","","","229.99","184.94","https://www.hiproof.com/products/mandala-extra-anejo-tequila-1l","199.99","https://shopsk.com/products/mandala-tequila-extra-anejo-tequila","249.99","https://kegnbottle.com/products/mandala-extra-anejo-classic-tequila-750-ml","45.05","30.0","Prices from various online retailers for 1L bottles where specified; median approximated from available sale prices ($184.94, $199.99, $236.99). Specified sites (Amazon, Total Wine, Vivino, Liquor.com) had no listings in results. Wine-Searcher avg is for 750ml."
"Tequila Mandala Día de Muertos 2024 Limited Edition Añejo - 1L","","","169.99","158.99","https://topshelfwineandspirits.com/products/mandala-dia-de-los-muertos-anejo-tequila-1l","169.0","https://sipwhiskey.com/collections/tequila-mandala","280.95","https://caskcartel.com/es-at/products/mandala-dia-de-los-muertos-anejo-tequila-2024-limited-edition-1l","11.0","0.99","Prices from various online retailers (not limited to Amazon, Total Wine, Vivino, Liquor.com as no results from those); €280.95 converted assuming ~1:1 for simplicity but may vary; median approximated from available 1L prices: 158.99, 164.99, 169, 184.99, ~213; no prices found on specified sites."
"Tequila Mandala Día de Muertos 2023 Limited Edition Anejo - 1L + Tequila Mandala Reposado - 1L","","","279.99","84.99","https://craftshack.com/products/mandala-dia-de-los-muertos-2023-anejo-tequila","169.99","https://www.oldtowntequila.com/mandala-tequila/","319.99","https://caskcartel.com/products/mandala-dia-de-los-muertos-anejo-tequila-2024-limited-edition-1l","195.0","110.0","No exact matches found on Amazon, Total Wine, Vivino, or Liquor.com. Prices from other retailers for 2022-2024 Día de Muertos Añejo editions (1L); CraftShack lists 2023 explicitly. No bundle with Reposado found. Median approximated from available prices."
"Tequila Mandala Día de Muertos 2023 Limited Edition Anejo + Tequila Mandala Blanco","","","259.99","84.99","https://craftshack.com/products/mandala-dia-de-los-muertos-2023-anejo-tequila","149.99","https://qualityliquorstore.com/collections/mandala","219.99","https://qualityliquorstore.com/collections/mandala","175.0","110.0","Prices primarily for Mandala Día de Muertos 2023 Añejo Tequila (750ml); CraftShack offers the lowest at $84.99. No listings found on Amazon, Total Wine, Vivino, or Liquor.com. Some results include Blanco or bundles; median approximated from available Añejo prices. Prices ex-tax where noted; availability varies (some unavailable)."
"Tequila Mandala Día de Muertos 2023 Limited Edition - 1L","","","179.99","158.99","https://topshelfwineandspirits.com/products/mandala-dia-de-los-muertos-anejo-tequila-1l","179.99","https://uptownspirits.com/products/mandala-dia-de-muertos-2021-limited-edition-extra-anejo-1l","199.99","https://raretequilas.com/collections/vendors?q=mandala","21.0","0.0","Prices from various online retailers (not limited to Amazon, Total Wine, Vivino, Liquor.com as none listed there); focused on 2023 1L edition where specified. Sorted from available: $158.99[6], $170.09[7], $179.99[9], $199.99[5]. No prices found on specified sites."
"Tequila Mandala Día de Muertos 2022 Limited Edition Añejo - 1L + Tequila Mandala Reposado - 1L","","","279.99","149.94","https://www.hiproof.com/products/mandala-dia-de-los-muertos-edition-2023-anejo-tequila-1-l","189.99","https://topbourbon.com/products/mandala-anejo-dia-de-los-muertos-2022-1lt","215.99","https://www.passionspirits.com/mandala-anejo-tequila-dia-de-muertos-le-2022","130.05","90.0","Prices for the Añejo Día de Muertos 2022 1L edition (no Reposado bundle found); no listings from Amazon, Total Wine, Vivino, or Liquor.com. Sorted from available: 149.94[1], 169.99[2], 189.99[6], 194.99[4], 199.99[7]. Median of five prices."
"Tequila Mandala Día de Muertos 2022 Limited Edition Anejo - 1L","","","179.99","52.99","https://huntsmanheritage.com/collections/tequila-mandala","189.99","https://www.finewinehouse.com/mandala-dia-de-muertos-anejo-tequila-2022-1l.html","199.99","https://preetliquor.com/products/mandala-extra-anejo","127.0","-10.0","Prices from various online retailers; $52.99 appears unusually low and may be an error, sale, or different variant. No exact matches found on Amazon, Total Wine, Vivino, or Liquor.com. Lowest from [6], median approximates sorted values ($169.99[8], $184[5], $189.99[3][7]), highest from [2]. Fine Wine House shows sale $189.99 from $199.99[3]."
"Tequila Mandala Día de Muertos 2022 Limited Edition Añejo + Tequila Mandala Blanco","","","259.99","109.99","https://qualityliquorstore.com/collections/mandala","179.95","https://raretequilas.com/products/mandala-dia-de-muertos-anejo-tequila-2022-edition","199.99","https://qualityliquorstore.com/collections/mandala","150.0","80.04","Prices from Quality Liquor Store ($109.99, $199.99 sale), Rare Tequilas ($179.95), Top Bourbon ($189.99), Old Town Tequila ($169.99 for 1L). No prices found on Amazon, Total Wine, Vivino, or Liquor.com. Some listings unavailable or for different editions/sizes. Blanco not found."
"Tequila Mandala Día de Muertos 2021 Limited Edition Extra Añejo - 1L","","","349.99","","","","","","","","","The search results do not include pricing data from the requested retailers (Amazon, Total Wine, Vivino, Liquor.com). Available data shows the 2021 Extra Añejo edition priced at $279.99[4] and $189.99[5] from other retailers, but the specific retailers requested were not searched. Cannot provide valid JSON with the requested format without data from the specified sources."
"Tequila Mandala Añejo 2023 Live Through Love Edition - 1L","","","179.99","","","","","","","","","No prices found for 'Tequila Mandala Añejo 2023 Live Through Love Edition - 1L' on Amazon, Total Wine, Vivino, or Liquor.com. Search result [1] from Vinomajestic links to the product but lists no specific price."
"Tequila Especial Alto Grado - 750ml","","","59.99","57.95","elcerritoliquor.com","59.99","tequilaespacial.com","69.99","passionspirits.com","2.04","0.0","Search results do not include pricing from Amazon, Vivino, or Liquor.com. Prices are from alternative online retailers: El Cerrito Liquor (lowest), Espacial's official site and multiple retailers including Keg N Bottle and Handy Liquor (median at $59.99), and Passion Spirits (highest). All prices are for 750ml bottles of Tequila Espacial Alto Grado Blanco at 47% ABV."
"Tepozán Blanco Tequila - 375ml","","","25.99","25.99","https://sipsy.com/products/tepozan-blanco-tequila-375ml","27.99","https://kegnbottle.com/products/tepozan-blanco-tequila-autentico-375-ml","29.99","https://bottlebuzz.com/products/tepozan-tequila-blanco-375-ml","0.0","-2.0","Prices from Sipsy ($25.99)[6], Keg N Bottle ($27.99)[2], BottleBuzz ($29.99)[3] for exact 375ml Tepozán Blanco Tequila. No results found from specified retailers (Amazon, Total Wine, Vivino, Liquor.com). Other results either different sizes, products, or no price listed."
"TAU Tequila Reposado - 750ml","","","75.99","54.99","https://www.oldtowntequila.com/tau/","75.99","https://sipsy.com/products/tau-tequila-reposado-750ml","199.99","https://caskcartel.com/products/tau-reposado-tequila","21.0","0.0","Prices from various online retailers; no prices found on Amazon, Vivino, or Liquor.com in results. Total Wine listed but no price shown. Sorted from: $54.99[7], $59.99[6], $75.99[5], $79.99[4], $80.99[3], $199.99[8]. Median from 6 prices."
"TAU Blanco Tequila - 750ml","","","61.99","39.99","https://www.oldtowntequila.com/tau/","59.99","https://theparkwineandspirits.com/shop/product/tau-blanco-tequila/63d87cb131a70726893b9a44?option-id=b7560845cf8eae45e32353f941e4660adbd18472f2bcaf62dcb712ec01b8c37f","89.99","https://kegnbottle.com/products/tau-tequila-high-proof-blanco-750-ml","22.0","2.0","Prices from various retailers; Total Wine lists product but no price available[9]. Some listings specify 'High Proof' variant which may differ. Sorted prices: 39.99[3], 53.99[4], 55.95[7], 59.99[8], 61.99[6], 69.95[5], 79.99[3], 89.99[1]. Median from 8 prices."
"TAU Añejo Tequila - 750ml","","","89.99","64.99","https://www.oldtowntequila.com/tau/","94.99","https://kegnbottle.com/products/tau-tequila-anejo-750-ml-copy","95.99","https://www.caskers.com/tau-tequila-anejo-750/","25.0","-5.0","Prices from various retailers; Total Wine [9] lacks specific price. No data from Amazon, Vivino, Liquor.com. Using current sale prices where available (e.g., lowest $64.99[3], sale $74.99[2]). Median from sorted unique prices: 64.99, 74.99, 92.99, 94.99, 95.99."
"Tapatio Blanco and Tapatio Añejo - 2-Pack","","","89.99","89.99","https://sipsy.com/products/tapatio-blanco-and-tapatio-anejo-2pk","89.99","https://sipsy.com/products/tapatio-blanco-and-tapatio-anejo-2pk","89.99","https://sipsy.com/products/tapatio-blanco-and-tapatio-anejo-2pk","0.0","0.0","No prices found for the exact 'Tapatio Blanco and Tapatio Añejo - 2-Pack' on Amazon, Total Wine, Vivino, or Liquor.com. Only one price available from Sipsy.com at $89.99 (sale price).[1]"
"Superbird Tequila Sunrise 4-Pack","","","13.99","35.94","https://starwine.com/shop/product/superbird-tequila-sunrise-4-pack/65974cbe102ed559def070c1?option-id=e7130e6c749bdc3de1021935f62c88c47b5a02f298d09e98e1437757363744be","35.94","https://starwine.com/shop/product/superbird-tequila-sunrise-4-pack/65974cbe102ed559def070c1?option-id=e7130e6c749bdc3de1021935f62c88c47b5a02f298d09e98e1437757363744be","35.94","https://starwine.com/shop/product/superbird-tequila-sunrise-4-pack/65974cbe102ed559def070c1?option-id=e7130e6c749bdc3de1021935f62c88c47b5a02f298d09e98e1437757363744be","-21.95","-21.95","Only one explicit price ($35.94) found from starwine.com; no prices listed from Amazon, Total Wine, Vivino, or Liquor.com in search results. Other retailers show product pages without visible prices."
"Superbird Tequila Paloma 4-Pack","","","13.99","11.95","https://abc2.nc.gov/Pricing/ViewItemDetails/169969","14.99","https://raretequilas.com/products/superbird-ready-to-drink-has-paloma","31.2","https://shopbarrel2bottle.com/shop/product/superbird-tequila-paloma-4-pack/5f089430a30de86e635091f1?option-id=35eb7619955be94cb7d3bb7fab538f264a5022bc4e30988926612cfc155ae2eb","2.04","-1.0","Prices from various retailers; no results from Amazon, Total Wine, Vivino, or Liquor.com. Sorted consumer prices: 11.95, 12.99, 14.99, 15.99, 16.99, 31.20. Median is middle value."
"Superbird Paloma Cocktail Pack","","","38.99","14.99","https://raretequilas.com/products/superbird-ready-to-drink-has-paloma","15.99","https://roeblingliquors.com/shop/product/superbird-tequila-paloma-4-pack/5f089430a30de86e635091f1?option-id=f1eb7d25671481e6b383fd6f12a297419a6e24731d90a25f45f252eef1d685c8","31.2","https://shopbarrel2bottle.com/shop/product/superbird-tequila-paloma-4-pack/5f089430a30de86e635091f1?option-id=35eb7619955be94cb7d3bb7fab538f264a5022bc4e30988926612cfc155ae2eb","24.0","23.0","Prices from various retailers (Rare Tequilas $14.99, Roebling Liquors $15.99, Tipxy $16.99, Barrel2Bottle $31.20); no results from Amazon, Total Wine, Vivino, or Liquor.com. All for 4-pack."
"Siete Leguas Añejo - 700ml","","","59.99","56.99","https://siptequila.com/products/siete-leguas-anejo","71","https://www.wine-searcher.com/find/seite+seven+legua+tequila+anejo+mexico/0/South+Africa","74.99","https://kegnbottle.com/products/siete-leguas-anejo-750-ml","3.0","-11.01","Prices from available retailers (Sip Tequila, Flaviar, Wine-Searcher avg, Keg N Bottle); no specific prices found on Amazon, Total Wine, Vivino, or Liquor.com in results. Sip Tequila lists sale $59.99 and $56.99; used lowest. Wine-Searcher avgs $71-73 ex-tax for 750ml. Sizes mostly 700ml."
"Siempre Reposado Tequila - 750ml","","","39.99","42.29","https://cwspirits.com/collections/siempre","52.99","https://unwindbottleshop.com/products/siempre-tequila-reposado-750ml","91.48","https://www.nationwideliquor.com/177833/siempre-tequila-reposado-750ml","-2.3","-13.0","Prices from various online retailers; Total Wine [10] lacks explicit price. Sorted Reposado 750ml prices: 42.29[8], 49.99[3][7], 52.99[1][5], 59.99[4], 91.48[6]. No prices found from Amazon, Vivino, Liquor.com."
"Siempre Añejo Tequila - 750ml","","","59.99","49.99","https://raretequilas.com/collections/vendors?q=siempre","67.49","https://cwspirits.com/collections/siempre","80.0","https://bishopscellar.com/product/siempre-tequila-anejo/","10.0","-7.5","Prices from various online retailers (Rare Tequilas, Keg N Bottle, CW Spirits, Bishop's Cellar, etc.); no current prices found on Amazon, Total Wine, Vivino, or Liquor.com. Total Wine lists product but no price visible. Sold out at lowest price retailer. Average ex-tax $68[1]."
"Siembra Valles Blanco Tequila - 750ml","","","74.99","69.99","https://elcerritoliquor.com/products/simbre-valles-blanco-tequila-750ml","70","https://www.wine-searcher.com/find/siembra+valley+tequila+blanco+jalisco+mexico","71","https://www.wine-searcher.com/find/siembra+valley+tequila+blanco+jalisco+mexico","5.0","4.99","Prices from search results for Siembra Valles Blanco Tequila 750ml (standard 80 proof); no direct listings from Amazon, Total Wine, Vivino, or Liquor.com. Avg ex-tax $71[1]. El Cerrito Liquor $69.99[5]. Other results are high-proof or ancestral variants."
"Siembra Alteno Tequila Blanco and Reposado – 2-Pack","","","164.99","34.99","https://flaskfinewines.com/products/siembra-alteno-tequila-blanco","69.99","https://elcerritoliquor.com/products/siembra-alteno-blanco-tequila-750ml","93","https://www.wine-searcher.com/find/siembra+alteno+tequila+reposado+jalisco+mexico/1/usa","130.0","95.0","No exact matches for 'Siembra Alteno Tequila Blanco and Reposado – 2-Pack' found on Amazon, Total Wine, Vivino, or Liquor.com. Prices reflect individual bottles (Blanco ~$35-$80, Reposado avg $93); 2-pack likely ~$120-$170. Flask $34.99 likely 50ml combo[2]."
"Siembra Alteno Blanco - 750ml","","","79.99","56.99","https://www.hiproof.com/collections/vendors?q=siembra","79.99","https://sipsy.com/products/siembra-alteno-blanco-750ml","89.99","https://kegnbottle.com/products/siembra-alteno-blanco-tequila-750ml","23.0","0.0","Prices from various online retailers; Total Wine listing lacks specific price in results. Median calculated from available prices: 56.99, 74.99, 75.00, 77.99, 79.99 (x2), 89.99. No prices found from Amazon, Vivino, or Liquor.com in results."
"Sauza Tequila Gold - 750ml","","","16.99","16.99","https://kegnbottle.com/products/sauza-tequila-gold-750-ml-or-1-75l","16.99","https://www.wine-searcher.com/find/casa+sauza+hacienda+gold+tequila+jalisco+mexico/1/israel","19.99","https://theliquorbros.com/products/sauza-tequila-gold-750ml","0.0","0.0","Prices from search results: $16.99 (multiple retailers), avg $16, $19.99. No direct prices found from Amazon, Vivino, Liquor.com, or Total Wine listing; used available data."
"Sauza Tequila Blanco - 750ml","","","16.99","12.99","https://www.oldtowntequila.com/brands/Sauza.html","18.99","https://qualityliquorstore.com/products/sauza-blanco-tequila-750ml","19.99","https://www.liquorcave.com/products/sauza-blanco-tequila","4.0","-2.0","Prices from various online retailers; Total Wine lists Sauza Gold at $12.99 [5] and Sauza Blue Silver implied ~$20.99 [8], but exact Blanco 750ml not specified. No direct prices from Amazon, Vivino, or Liquor.com in results. Sauza Blanco 750ml prices: $12.99-$19.99."
"Sango Agave Spirit Blanco - 750ml","","","49.99","44","wine-searcher.com","49.94","saratogawine.com","54.99","oldtowntequila.com","5.99","0.05","Price data sourced from available search results. Search results did not include pricing from Amazon, Vivino, or Liquor.com as specified in the query. Prices are approximate retail values and may vary by location and availability. Data current as of search results provided."
"San Matías Extra Añejo Gran Reserva Tequila - 750ml","","","49.99","34.99","https://shopsk.com/products/san-matias-gran-reserva-extra-anejo-tequila-750ml","50.0","https://sftequilashop.com/products/san-matias-gran-reserva-extra-anejo-750ml","69.0","https://siptequila.com/products/san-matias-anejo-gran-reserva","15.0","-0.01","Prices from 750ml bottles where specified; selected ShopSK ($34.99)[1], SF Tequila Shop ($50)[5], Sip Tequila ($69 sale from $64.99)[2] as lowest/median/highest. No prices found on Amazon, Vivino, Liquor.com. Some 700ml listings (e.g. $239.99[3], ~$518[8]) excluded. Total Wine[10] lacks price."
"Quintaliza Reposado Tequila - 750ml","","","89.99","48.99","https://www.gasparsliquorshoppe.com/quintaliza-reposado.html","89.99","https://sipsy.com/products/quintaliza-reposado-tequila-750ml","159.95","https://elcerritoliquor.com/products/quintaliza-reposado-tequila-750ml","41.0","0.0","Prices from various online retailers; Total Wine lists product but no price in results. No prices found from Amazon, Vivino, or Liquor.com. Sorted from available: 48.99, 69.99, 89.99 (x2), 94.99, 159.95."
"Pueblo Viejo Tequila Blanco - 750ml","","","14.99","13.99","https://www.oldtowntequila.com/brands/Pueblo-Viejo.html","18.99","https://www.totalwine.com/spirits/tequila/blancosilver/pueblo-viejo-blanco-tequila/p/100996750","24.99","https://whiskyandwhiskey.com/products/pueblo-viejo-tequila-anejo-1","1.0","-4.0","Prices from various online retailers; Total Wine listed at $18.99. Specified retailers (Amazon, Total Wine, Vivino, Liquor.com) had limited/no direct matches in results. Prices exclude tax/shipping; may vary."
"Patrón Silver Tequila Mini Shots - Set of 6 - 50ml","","","42.99","32.99","https://kegnbottle.com/products/patron-mini-silver-6-pack-6x50ml","39.99","https://qualityliquorstore.com/products/patron-silver-tequila-50ml","44.99","https://3brothersliquor.com/products/patron-silver-tequila-mini-shots-6-of-50ml","10.0","3.0","Prices from smaller online liquor retailers; specified sites (Amazon, Total Wine, Vivino, Liquor.com) not found in results. Some listings show sale prices, regular prices, or unavailability."
"Patrón El Alto Reposado Tequila - 750ml","","","134.99","48.0","https://www.alecider.com/product/patron-el-alto-reposado-tequila-750ml/","151.99","https://www.caskers.com/patron-el-alto-reposado-tequila/","169.0","https://www.wine-searcher.com/find/patron+el+alto+tequila+jalisco+mexico","86.99","-17.0","Prices from various online retailers (not limited to Amazon, Total Wine, Vivino, Liquor.com as no direct matches found); €213.59 from escoladist.com excluded due to currency; values in USD where specified, median approximated from available data points: 48, 149.99-151.99, 169."
"Pantalones Tequila Reposado - 750ml","","","44.99","37.89","https://bestbuyliquors.com/pantalones-reposado-tequila","44.99","https://cwspirits.com/products/pantalones-tequila-reposado-750ml","48.9","https://www.saratogawine.com/product/pantalones-tequila-reposado-750ml/","7.1","0.0","Prices from various retailers including Total Wine listing (price not specified in snippet)[9], Caskers $47.99[2], Binny's $44.99[6], official site $49.99[7], Marketview $40.99[5]; no prices found for Amazon, Vivino, Liquor.com in results."
"Tequila Blanco - 750ml","","","44.99","15.99","https://www.liquoronbroadway.com/collections/tequila-blanco-new","39.99","https://vsliquor.com/collections/tequila-blanco","163.99","https://www.liquoronbroadway.com/collections/tequila-blanco-new","29.0","5.0","Prices from various online liquor retailers (Liquor on Broadway [1], VS Liquor [3], Total Wine [5], etc.); Total Wine had no exact matches but similar range. No direct results from Amazon, Vivino, or Liquor.com. Median approximated from central values in 750ml Blanco listings."
"Pantalones Tequila Añejo - 750ml","","","49.99","46.99","https://www.liquorcave.com/products/pantalones-anejo","52.99","https://www.caskers.com/pantalones-anejo-tequila-750/","91.49","https://www.whiskyliquorstore.com/229021/pantalones-tequila-anejo-750ml","3.0","-3.0","Prices from various online retailers (Liquor Cave, Caskers, Whisky Liquor Store, etc.); no current listings found on Amazon, Vivino, or Liquor.com. Sorted from available: 46.99, 49.99, 52.99, 64.99, 91.49. Average ~$51 ex-tax per Wine-Searcher."
"Palomo Mezcal Artesanal Espadín - 375ml","","","25.99","27.99","https://www.folsomwinespirits.com/products/palomo-espadin-mezcal-artesanal-375ml","36.95","https://elcerritoliquor.com/products/palomo-espadi-n-mezcal-artesanal-375-ml","369.95","https://elcerritoliquor.com/products/palomo-espadi-n-mezcal-artesanal-375-ml","-2.0","-10.96","Prices from Folsom Wine & Spirits ($27.99), El Cerrito Liquor ($369.95 sale from $499.95), Wine-Searcher avg $36/750ml (adjusted); no direct prices from Amazon, Total Wine, Vivino, or Liquor.com in results. European prices in EUR excluded. Median approximated from available 375ml US prices."
"Paloma Cocktail Pack","","","31.99","49.99","https://www.walmart.com/c/kp/ready-to-drink-paloma","59.99","https://sipsy.com/products/the-paloma-cocktail-set-6-8-serving","59.99","https://www.ripebarjuice.com/product-page/classic-paloma-6-pack","-18.0","-28.0","No prices found on Amazon, Vivino, or Liquor.com. Total Wine lists VMC Paloma but no price available in results. Prices from Walmart ($49.99 for 3-pack LAVA mixer), Sipsy ($59.99 kit), Ripe Bar Juice ($59.99 6-pack); other results lack explicit prices."
"On the Rocks Jalapeño Pineapple Margarita - 375ml","","","13.99","7.99","https://www.totalwine.com/spirits/ready-to-drink/tequila-cocktails/margarita/on-the-rocks-jalapeno-pineapple-margarita/p/226810375","10.99","https://www.hiproof.com/products/on-the-rocks-otr-the-jalapeno-pineapple-margarita-tequila-cocktail-375ml","13.99","https://www.liquorandwineoutlets.com/product-detail/7950-On-The-Rocks-Jalapeno-Pineapple-Marg","6.0","3.0","Prices from Total Wine ($7.99), HiProof ($9.99 sale/$10.99 regular), Barriques ($12.49), Market View Liquor ($12.99), Liquor & Wine Outlets ($13.99 sale). No prices found on Amazon, Vivino, or Liquor.com. Median calculated from available single-bottle prices using regular price where sale noted."
"Nuestro Placer Reposado Cristalino - 750ml","","","99.99","79.99","https://www.missionliquor.com/products/nuestro-placer-reposado-cristalino-750ml","85.99","https://www.royalbatch.com/nuestro-placer-reposado-cristalino-tequila","99.99","https://liquorama.com/nuestro-placer-reposado-cristalino-tequila-750ml.html","20.0","14.0","Prices from various online retailers; Total Wine lists product but no price visible in results. Sorted confirmed sale prices: 79.99, 85.99 (multiple), 87.99, 99.99. Median is 85.99."
"Nosotros Blanco Tequila - 750ml","","","39.99","34.99","https://www.binnys.com/spirits/tequila/nosotros-blanco-tequila-107260/","39.99","https://siptequila.com/products/nosotros-blanco-tequila","49.99","https://qualityliquorstore.com/products/nosotros-blanco-tequila","5.0","0.0","Prices from various online retailers; Total Wine lacks specific price in results. Binny's on sale at $34.99. Median calculated from available prices: 34.99, 37.99, 39.99, 39.99, 40.00, 41.99, 49.99."
"Milagro Tequila Silver - 750ml","","","19.99","21.99","https://www.caskers.com/milagro-tequila-silver/","27.99","https://abcfws.com/milagro-silver-tequila/339205","34.99","https://theliquorbros.com/products/milagro-tequila-silver-750ml","-2.0","-8.0","Prices from various online retailers (Caskers $21.99, Applejack $24.99, CW Spirits $24.29 vault/$26.99, Spec's $26.28, ABC $27.99, Wine-Searcher avg $28, Total Wine not listed); no prices found for Amazon, Vivino, Liquor.com. Sale prices used where applicable. Total Wine [9] lacks price info."
"Milagro Añejo - 750ml","","","29.99","37.99","https://raretequilas.com/products/milagro-tequila-anejo","42.99","https://www.totalwine.com/spirits/tequila/anejo/milagro-anejo-tequila/p/95771750","49.99","https://bottleshopandtastingroom.com/products/milagro-anejo-750ml-3-pour-30ml","-8.0","-13.0","Prices from search results for standard Milagro Añejo 750ml (excluding Select Barrel Reserve variants). Total Wine matches query. Sorted prices: $37.99[1], $41.99[5], $42.99[6], $49.99[3]. No prices found from Amazon, Vivino, or Liquor.com."
"Mijenta Tequila Añejo Gran Reserva - 750ml","","","199.99","150","https://sftequilashop.com/products/mijenta-tequila-anejo-gran-reserva-750ml","169.99","https://kegnbottle.com/products/mijenta-anejo-gran-reserva-tequila-750ml","174.99","https://siptequila.com/products/mijenta-anejo","49.99","30.0","No current prices found on Amazon, Total Wine, Vivino, or Liquor.com. Prices from other retailers; Total Wine lists product but no price[7]. ReserveBar shows $154.06[10]."
"Mijenta Blanco Tequila and Mijenta Reposado Tequila - 2-Pack","","","104.99","104.99","https://sipsy.com/products/mijenta-blanco-tequila-and-mijenta-reposado-tequila-2pk","114.99","https://kegnbottle.com/products/mijenta-symphony-series-no-2-reposado-maestra-selection-no-2-blanco-tequila-bundle-2-x-750-ml","118.98","https://mijenta-tequila.com/products/mijenta-duo-bundle","0.0","-10.0","Search results did not include pricing from Amazon, Total Wine, Vivino, or Liquor.com as requested. Prices shown are from alternative online retailers found in search results: Sipsy, Keg N Bottle, and Mijenta's official website. The median price represents the middle value of three available data points."
"Mi Campo Silver Tequila - 750ml","","","28.99","23.99","https://wineanthology.com/23966-mi-campo-tequila-blanco","26.99","https://whiskeycaviar.com/products/mi-campo-silver-tequila","28.99","https://sipsy.com/products/mi-campo-silver-tequila-750ml","5.0","2.0","Prices from various online retailers (not limited to specified ones due to lack of direct matches on Amazon, Vivino, Liquor.com in results); extracted current sale prices where applicable: Wine Anthology $23.99[6], Whiskey Caviar $26.99[4], Old Town Tequila $25.99-$26.99[5], Wooden Cork $27[1], Sip Tequila $27.99[8], Sipsy $28.99[2]. Wine-Searcher avg $23-$24 ex-tax[3]. Total Wine listing lacks price[7]."
"Mi Campo Reposado - 750ml","","","28.99","23.99","https://applejack.com/Mi-Campo-Reposado-Tequila-750-ml","32.99","https://www.totalwine.com/spirits/tequila/reposado/mi-campo-reposado-tequila/p/191539750","69.99","https://www.finewinehouse.com/mi-campo-reposado-tequila-750ml.html","5.0","-4.0","Prices from available retailers; Total Wine price not explicitly listed in snippet but confirmed available; no prices found from Amazon, Vivino, or Liquor.com in results. Applejack $23.99 (reg), Fine Wine House MSRP $69.99."
"Mangatta Silver Tequila - 750ml","","","13.99","12","https://www.wine-searcher.com/find/mangata+tequila+silver+jalisco+mexico","19.99","https://simchaspirits.com/products/mangatta-tequila-silver","19.99","https://tipxy.com/products/mangatta-tequila-silver","1.99","-6.0","Prices from search results; Wine-Searcher avg $12 ex-tax (750ml). Other 750ml listings ~$19.99. Some 1L sizes ($14.99) excluded. No direct matches from Amazon, Total Wine, Vivino, or Liquor.com."
"Maestro Dobel Reposado - 750ml","","","44.99","49","https://www.caskers.com/maestro-dobel-reposado-tequila/","55","https://tastersclub.com/products/maestro-dobel-tequila-reposado","65.99","https://cellar.com/products/maestro-dobel-reposado-tequila-750ml","-4.01","-10.01","Prices from various online retailers; Total Wine listing lacked visible price. Median approximated from available sale prices: 49, 54.99, 56.99, 57.99, 59.99, 65.99. Specified retailers (Amazon, Vivino, Liquor.com) had no direct price listings in results."
"Madre Blanco Tequila - 700ml","","","39.99","44.99","https://kegnbottle.com/products/madre-blanco-tequila-750-ml","46.99","https://www.oldtowntequila.com/madre-mezcal/","48.99","https://www.caskers.com/madre-blanco-tequila-700ml/","-5.0","-7.0","Prices from Caskers ($48.99)[1], Keg N Bottle ($44.99)[2], Old Town Tequila ($46.99)[3], Flaviar ($48.99)[4]. No prices found on Amazon, Total Wine[8], Vivino, or Liquor.com. NapaCabs shows MSRP $69.99 but no sale price[5]. Median calculated from available prices: 44.99, 46.99, 48.99."
"Luna Nueva Silver - 750ml","","","29.99","29.99","https://sipsy.com/products/luna-nueva-silver-750ml","39.99","https://kegnbottle.com/products/luna-nueva-silver-750ml","48.99","https://lunanuevatequila.com/collections","0.0","-10.0","Prices from Sipsy ($29.99 sale), multiple retailers (~$39), official site ($48.99). No current prices found on Amazon, Vivino, Liquor.com, or Total Wine."
"Luna Nueva Reposado - 750ml","","","37.99","34.99","https://liquorstars.com/products/luna-nueva-reposado-tequila","48.99","https://tipxy.com/products/luna-nueva-reposado","79.99","https://caskcartel.com/products/luna-nueva-reposado-tequila","3.0","-11.0","Prices from various online retailers; no listings found on Amazon, Vivino, or Liquor.com. Sorted prices: 34.99, 37.99, 41.99, 48.99, 49.99, 49.99, 57.99, 79.99. Total Wine had no price listed."
"Luna Nueva Añejo - 750ml","","","44.99","39.99","https://liquorstars.com/products/luna-nueva-anejo-tequila","55.99","https://www.oldtowntequila.com/luna-nueva/","60.99","https://tipxy.com/products/luna-nueva-anejo","5.0","-11.0","Prices from various retailers; Total Wine lists product but no price in results; Amazon, Vivino, Liquor.com not found in results; outlier $467.94 from producer site excluded as likely multi-pack; ex-tax avg $57[1]"
"Lost Lore Tequila Blanco - 750ml","","","59.99","44.94","https://www.saratogawine.com/product/lost-lore-tequila-blanco-still-strength-750ml/","55.0","https://sftequilashop.com/products/lost-lore-tequila-blanco-750ml66935661787","63.61","https://www.saratogawine.com/product/lost-lore-tequila-blanco-still-strength-750ml/","15.05","4.99","Prices from various retailers; Total Wine listing lacks specific price. Saratoga Wine lists both lowest ($44.94 standard Blanco) and highest ($63.61 Still Strength variant). No prices found from Amazon, Vivino, or Liquor.com in results."
"Lost Lore High-Proof Tequila Blanco - 750ml","","","84.99","44.99","https://lostlore.hiproof.com","62.99","https://www.totalwine.com/spirits/tequila/lost-lore-blanco-tequila/p/2126254909","89.99","https://kegnbottle.com/products/lost-lore-high-proof-blanco-tequila-750-ml","40.0","22.0","Prices for Lost Lore Tequila Blanco 750ml and high-proof variants from various retailers; no exact matches found on Amazon, Vivino, or Liquor.com. Total Wine: $62.99[10]. Range reflects standard and high-proof editions (e.g., Still Strength Blanco)."
"Los Sundays Reposado - 750ml","","","49.99","37.99","https://www.missionliquor.com/products/los-sundays-tequila-reposado-750ml-1","45.99","https://lossundays.com/products/los-sundays-tequila-reposado-750ml","50.99","https://www.grandwinecellar.com/products/los-sundays-tequila-reposado","12.0","4.0","Prices extracted from search results. Total Wine listed but no price found in snippet. Sorted prices: 37.99, 39.99, 41.99, 42.99, 45.99(x3), 46.48, 49.99, 50.99. Median from middle value(s)."
"Lágrimas Del Valle Tequila Plata - 750ml","","","64.99","38.99","https://www.ohlq.com/liquor/tequila/blanco/lagrimas-del-valle-2023-el-sabino-plata-tequila","60.0","https://www.saratogawine.com/product/lagrimas-del-valle-tequila-plata-el-sabino-750ml/","69.94","https://www.saratogawine.com/product/lagrimas-del-valle-tequila-plata-el-sabino-750ml/","26.0","4.99","Prices from various online retailers for different single-ranch expressions (e.g., El Sabino, La Loma, El Chiqueno) of Lágrimas del Valle Tequila Plata 750ml. No listings found on Amazon, Total Wine, Vivino, or Liquor.com. Total Wine has a product page but no price listed. Prices range $38.99-$69.94."
"La Gritona Reposado Tequila - 375ml","","","39.99","27.99","https://nyc.flatiron-wines.com/products/la-gritona-reposado-tequila-nv-375ml","34.99","https://liquorboutique.com/products/la-gritona-reposado-tequila-375ml","54.99","https://theliquorbros.com/products/la-gritona-reposado-tequila-375ml","12.0","5.0","Prices from available retailers (not limited to specified sites as none matched exactly); Total Wine lists product but no price found. Used current sale/regular prices where applicable: $27.99[7], $28.14[5], $29.99[8], $31.95[3], $33.97[2], $34.99[1][4], $54.99[3]. Median calculated from sorted unique values."
"La Adelita Blanco Tequila - 750ml","","","45.99","37.99","https://www.missionliquor.com/products/la-adelita-tequila-blanco-750ml","42.99","https://www.oldtowntequila.com/la-adelita-tequila/","46.93","https://www.reservebar.com/collections/la-adelita-tequila","8.0","3.0","Prices from various online retailers; Total Wine, Amazon, Vivino, and Liquor.com had no specific pricing in results. Lowest and median also at Flaviar ($37.99)[4]. Average ex-tax $42[1]."
"La Adelita Añejo Tequila - 750ml","","","63.99","31.0","gacraftspirits.com","54.99","oldtowntequila.com","59.17","reservebar.com","32.99","9.0","Search results do not include pricing from Amazon, Vivino, or Liquor.com as requested. Prices are from available online retailers in the search results only. The lowest price of $31.00 appears to be a sale/discount price on gacraftspirits.com, while regular retail prices range from $52-$59. All prices are for 750ml bottles of La Adelita Añejo Tequila."
"Komos Tequila - 750ml","","","134.99","121.83","https://www.reservebar.com/collections/tequila-komos","129.99","https://www.totalwine.com/spirits/brand/komos","149.99","https://www.totalwine.com/spirits/brand/komos","13.16","5.0","Prices for Komos Anejo Cristalino 750ml (closest match to query). Total Wine shows range $129.99-$149.99; ReserveBar $121.83. No direct matches on Amazon, Vivino, or Liquor.com in results. Other variants excluded."
"José Cuervo Tradicional Cristalino Reposado - 750ml","","","25.99","27","https://www.wine-searcher.com/find/jose+cuervo+tradition+cristalino+tequila+reposado+jalisco+mexico/1/mexico","38","https://www.wine-searcher.com/find/jose+cuervo+tradition+cristalino+tequila+reposado+jalisco+mexico/1/italy","54.99","https://www.binnys.com/spirits/tequila/jose-cuervo-tradicional-cristalino-116406/","-1.01","-12.01","Prices from Wine-Searcher (ex-tax averages in various regions), Binny's (US retailer, with card discount to $54.99), and others; no direct results from Amazon, Total Wine, Vivino, or Liquor.com. Other prices: $37 (Wine-Searcher), ~$499 MXN (~$25 USD, Cava del Duero), $76.95 SGD (Paneco). Sorted from available explicit figures."
"Jose Cuervo Tequila Gold Blended - 1.75L","","","29.99","25.98","https://applejack.com/Jose-Cuervo-Gold-Tequila-175-l","29.99","https://www.binnys.com/spirits/tequila/jose-cuervo-especial-gold-tequila-111865/","43.5","https://thirstystogo.com/product/jose-cuervo-especial-gold-1-75l/","4.01","0.0","Prices from available retailers (Applejack, Binny's, Thirsty's); specified sites (Amazon, Total Wine, Vivino, Liquor.com) had no matching results. Loyalty/sale pricing used where applicable."
"Jose Cuervo Tequila Gold Blended - 750ml","","","17.99","11.99","https://www.remedyliquor.com/products/jose-cuervo-tequila-gold-750ml","19.99","https://pjwine.com/products/jose-cuervo-especial-gold-tequila-750l","30.99","https://costplusliquors.com/products/jose-cuervo-tequila-gold-750ml","6.0","-2.0","Prices from various online retailers (Remedy Liquor, PJ Wine, Caskers, Total Wine avg $21, Ralphs $21, Cost Plus $30.99). None directly from Amazon, Vivino, or Liquor.com in results. Median approximated from available explicit prices: 11.99, 17.99, 19.99, 21, 30.99."
"Jose Cuervo Silver Tequila - 750ml","","","17.99","12.99","https://shopsk.com/products/jose-cuervo-especial-silver-tequila","22.99","https://kegnbottle.com/products/jose-cuervo-especial-silver-tequila-750-ml","29.99","https://wineanthology.com/10451-jose-cuervo-silver-tequila","5.0","-5.0","Prices from various online retailers (ShopSK, Keg N Bottle, Wine Anthology, Binny's, Barrel Tap, etc.); no direct prices found from Amazon, Total Wine, Vivino, or Liquor.com in results. Product referred to as 'Jose Cuervo Especial Silver Tequila' or similar. Ex-tax averages $20-24[1][2]."
"Jose Cuervo Gran Centenario Cristalino Añejo - 750ml","","","89.99","89.99","https://sipsy.com/products/jose-cuervo-gran-centenario-cristalino-anejo-750ml","99.99","https://qualityliquorstore.com/collections/cristalino","171.99","https://www.whiskyliquorstore.com/188424/gran-centenario-cristalino-tequila-anejo","0.0","-10.0","Prices from Sipsy ($89.99), Quality Liquor Store ($99.99), and Whisky Liquor Store ($171.99). No exact matches found on Amazon, Total Wine, Vivino, or Liquor.com in results. Other prices like $1442.45/PZA appear non-USD or bulk."
"Insólito Reposado Tequila - 750ml","","","48.99","44.99","https://www.oldtowntequila.com/insolito/","49.99","https://kegnbottle.com/products/insolito-tequila-reposado-by-midland-750-ml","54.99","https://siptequila.com/products/insolito-reposado-tequila","4.0","-1.0","Prices from Old Town Tequila ($44.99), Keg N Bottle/Divine Liquors ($49.99), Sip Tequila ($54.99); Total Wine lists product without visible price; Amazon/Vivino/Liquor.com not in results; avg ex-tax $46[1]."
"Insólito Blanco Reposado and Añejo Tequila - 3-Pack","","","139.99","149.97","https://www.insolitotequila.com/collections/all","154.99","https://siptequila.com/collections/insolito-tequila","181.99","https://whiskyandwhiskey.com/products/the-insolito-trio-tequila-bundle","-9.98","-15.0","Prices for the 3-pack bundle of Insólito Blanco, Reposado, and Añejo from available sources (official site, SipTequila, WhiskyandWhiskey). No listings found on Amazon, Total Wine, Vivino, or Liquor.com. Individual bottle prices sum lower (e.g., ~134.97 at Old Town Tequila[2]) but no 3-pack there."
"Insólito Blanco Tequila - 750ml","","","42.99","33.95","https://elcerritoliquor.com/products/insolito-blanco-tequila-750ml","43.99","https://www.totalwine.com/spirits/tequila/blancosilver/insolito-blanco-tequila/p/230801750","47.99","https://kegnbottle.com/products/insolito-tequila-blanco-by-midland-750-ml","9.04","-1.0","Prices from various online retailers; Total Wine at $43.99[5]. Lowest and highest exclude sales/promos where unclear (used current $33.95[7], $47.99[2]). No prices found from Amazon, Vivino, Liquor.com. Median from sorted current prices."
"Insólito Añejo Tequila - 750ml","","","53.99","42.99","https://www.hiproof.com/products/insolito-anejo-tequila-750ml","52.99","https://www.caskers.com/insolito-anejo-tequila/","65.0","https://sftequilashop.com/products/insolito-tequila-anejo-750ml","11.0","1.0","Prices from various online retailers; Total Wine ~$51[9]; no direct prices found from Amazon, Vivino, or Liquor.com. Sale prices used where applicable. Average ex-tax $147[1]."
"Hornitos Reposado Tequila - 750ml","","","27.99","21.99","https://applejack.com/Hornitos-Reposado-Tequila-750-ml","23.99","https://theliquorbros.com/products/hornitos-reposado-tequila-750ml","27.99","https://www.caskers.com/hornitos-reposado-tequila/","6.0","4.0","Prices from various retailers including Total Wine listing (price not specified in snippet)[9], Applejack[2], Binny's[6], Liquor Bros[4], Spec's[5], Country Wine & Spirits[7], Caskers[8]. No prices found from Amazon, Vivino, or Liquor.com in results. Sorted unique ex-tax prices: 21.99, 23.99, 24.18, 24.29, 26.99, 27.99."
"Herradura Selección Suprema Extra Añejo - 750ml","","","449.99","299.99","https://shopsk.com/products/herradura-seleccion-suprema-extra-anejo-tequila","350.99","https://www.caskers.com/herradura-seleccion-suprema-extra-a-ejo-tequila/","423.99","https://wineanthology.com/3541-herradura-seleccion-suprema-tequila","150.0","99.0","Prices from various online retailers (ShopSK, Caskers, Wine Anthology, Keg N Bottle, Wine-Searcher avg). No current listings found from Amazon, Total Wine, Vivino, or Liquor.com. Prices in USD for 750ml; excl. tax/shipping where noted."
"Grand Mayan Tequila Reposado - 750ml","","","65.99","65","https://sftequilashop.com/products/grand-mayan-tequila-reposado-750ml","79.99","https://www.oldtowntequila.com/brands/Grand-Mayan.html","89.99","https://theliquorbros.com/products/grand-mayan-reposado-tequila-750ml","0.99","-14.0","Prices from various online retailers (not limited to specified ones due to lack of direct matches on Amazon, Vivino, Liquor.com, Total Wine); Total Wine lists product but no price visible. Avg ex-tax $85[1]. All for 750ml."
"Grand Mayan Tequila Ultra Añejo - 750ml","","","94.99","94.89","https://bestbuyliquors.com/grand-mayan-ultra-tequila","220.98","https://www.winex.com/grand-mayan-tequila-ultra-a-ejo.html","269.99","https://qualityliquorstore.com/products/grand-mayan-ultra-anejo-limited-edition-tequila","0.1","-125.99","Prices from various retailers; no results from Amazon, Vivino, or Liquor.com. Lowest from Best Buy Liquors, median approximated from available prices (94.89, 104.99/114.99, 220.98, 229.99, 269.99), highest from Quality Liquor Store. Total Wine lists product but no price visible."
"Grand Mayan Silver Tequila - 750ml","","","59.99","63.0","https://norfolkwineandspirits.com/shop/grand-mayan-silver-tequila/","74.99","https://www.grandislandwineandspirits.com/collections/tequila/products/grand-mayan-silver-tequila-750ml","79.99","https://luekensliquors.com/products/grand-mayan-silver-tequila-7","-3.01","-15.0","Prices for 750ml from various retailers; Total Wine [9] lacks specific price; Amazon, Vivino, Liquor.com not in results. Lowest from Norfolk Wine & Spirits[2], median approx from available 750ml prices (63,69.99,69.99,74.99,79.99,79.99)[2][4][7][6][5][8], highest tied at Luekens[5]. Avg ex-tax $74[1]."
"Gran Patrón Platinum - 750ml","","","249.99","179.99","https://shopsk.com/products/gran-patron-platinum-tequila","199.99","https://www.thewinestop.com/blog/patron-tequila-price-guide/","249.99","https://siptequila.com/products/gran-patron-platinum-silver-tequila","70.0","50.0","Prices from various online retailers (not limited to Amazon, Total Wine, Vivino, Liquor.com as none listed); range $179.99-$249.99 for 750ml. Median approximated from available data points."
"Gran Malo Spicy Tamarindo - 750ml","","","21.99","9.95","https://theliquorbros.com/products/gran-malo-spicy-tamarindo-liqueur-750-ml","19.99","https://liquorfreight.com/es/products/gran-malo-spicy-tamarindo-tequila-750ml","26.99","https://www.finewinehouse.com/gran-malo-spicy-tamarindo-tequila-750ml.html","12.04","2.0","Prices from various retailers; Total Wine, Amazon, Vivino, Liquor.com had no listed prices. Lowest appears promotional. Multiple sites at $19.99."
"Gran Malo Spicy Tamarindo - 50ml (10 pk)","","","21.99","9.95","https://theliquorbros.com/products/gran-malo-spicy-tamarindo-liqueur-10-pack-x-50-ml","22.99","https://www.miralomamarket.com/products/gran-malo-spicy-tamarindo-tequila-liqueur-miniature-10-x-50-ml-shots","34.99","https://dramfellows.com/products/gran-malo-spicy-tamarindo-tequila-50ml-10pack","12.04","-1.0","Prices from various online retailers (not limited to Amazon, Total Wine, Vivino, Liquor.com as none found there). Extracted current sale prices where available: $9.95[6], $19.99[1][2][10], $22.99[3][9], $35.99[4], $34.99[7]. Median from sorted unique values."
"Gran Coramino Reposado Cristalino - 750ml","","","55.99","35.78","https://specsonline.com/shop/spirits/gran-coramino-tequila-reposado-cristalino/","52.99","https://www.binnys.com/spirits/tequila/gran-coramino-reposado-cristalino-tequila-128588/","59.99","https://kegnbottle.com/products/gran-coramino-reposado-cristalino-by-kevin-hart-750-ml","20.21","3.0","Prices from Spec's ($35.78), Best Buy Liquors ($44.89), Binny's ($52.99), Keg N Bottle ($59.99). No prices found on Amazon, Vivino, Liquor.com, or Total Wine in results. Wine-Searcher avg $56 ex-tax."
"Gran Coramino Añejo - 750ml","","","99.99","51.99","https://flaviar.com/products/gran-coramino-anejo-tequila-750","89.0","https://woodencork.com/collections/gran-coramino","102.99","https://topshelfwineandspirits.com/products/gran-coramino-anejo-tequila","48.0","10.99","Prices from search results (Flaviar $51.99/$96.99, ABC $59.99, Caskers $66.99, Wooden Cork $89, Keg N Bottle $99.99, Top Shelf $102.99). No prices found from Amazon, Vivino, or Liquor.com. Total Wine listing lacks price. Median approximated from available prices."
"General Gorostieta High-Proof Tequila Blanco - 750ml","","","86.99","54.95","https://elcerritoliquor.com/products/tequila-general-gorostieta-blanco-750ml","64.99","https://www.liquorcave.com/products/general-gorostieta-blanco-tequila","80.99","https://unwindbottleshop.com/products/tequila-general-gorostieta-blanco-104pf-750ml","32.04","22.0","Prices from various retailers; no exact matches found on Amazon, Total Wine, Vivino, or Liquor.com. High-proof (104pf) variants noted at $80.99 [5] and $75.00 [7]. Median calculated from available 750ml Blanco prices."
"G4 ArteNOM Primo 1860 Blanco Tequila 3-Pack","","","169.99","","","","","","","","","Search results contain only one confirmed price for G4 ArteNOM Primo 1860 Blanco Tequila 3-Pack: $169.99 (sale price, regular $199.99) from Sipsy[4]. The requested retailers (Amazon, Total Wine, Vivino, Liquor.com) are not represented in the search results with pricing for this specific product. Additional price data from the specified retailers is required to calculate lowest, median, and highest prices."
"G4 Tequila Extra Anejo - 750ml (Signed Bottle)","","","199.99","103.49","https://cwspirits.com/collections/g4-tequila","189.0","https://siptequila.com/collections/g4-tequila-family/extra-anejo","499.99","https://g4tequilas.com/g4-tequila-releases-6-year-extra-anejo/","96.5","10.99","Prices from various online retailers for G4 Tequila Extra Anejo 750ml (standard and 5/6-year variants); no direct listings found on Amazon, Total Wine, Vivino, or Liquor.com. Lowest from cwspirits.com (sale $103.49), median averaged from available (~$189), highest official 6-year retail. Total Wine mentions state min $139.99 for Extra Anejo."
"G4 Tequila Blanco de Madera - 750ml","","","84.99","45.0","https://www.vintorica.com/product/g4-blanco-de-madera-tequila-750ml/","45.0","https://www.vintorica.com/product/g4-blanco-de-madera-tequila-750ml/","45.0","https://www.vintorica.com/product/g4-blanco-de-madera-tequila-750ml/","39.99","39.99","No prices found from specified retailers (Amazon, Total Wine, Vivino, Liquor.com); only Vintorica result available with current price $45.00 (original $89.99)."
"G4 Blanco 108 High-Proof Tequila - 750ml","","","59.99","54.99","https://www.hiproof.com/products/g4-tequila-blanco-2024-release-750ml","68.99","https://www.totalwine.com/spirits/tequila/blancosilver/g4-tequila-blanco-high-proof-108/p/2126238213","109.99","https://kegnbottle.com/products/g4-blanco-xm-edition-108-overproof-tequila-750-ml-copy","5.0","-9.0","Prices from available retailers (sale prices used where applicable). Total Wine lists product but no price in snippet. No results from Amazon, Vivino, or Liquor.com. XM Edition may be variant."
"G4 7-Year Extra Añejo Tequila - 750ml","","","999.99","385","https://www.wine-searcher.com/find/g+four+tequila+extra+anejo+jalisco+mexico","650","https://sftequilashop.com/products/g4-7-year-extra-anejo-750-ml","730","https://raretequilas.com/collections/vendors?q=g4","614.99","349.99","Prices from Wine-Searcher (avg ex-tax $385[1]), Spec's ($473.67[2]), Best Buy Liquors ($599.89[3]), Rare Tequilas ($729.95[4]), SF Tequila Shop ($650[5]). Total Wine lists product but no price shown[6]. Sorted available prices: 385, 473.67, 599.89, 650, 729.95. Median is middle value 650."
"Fuenteseca 7-Year-Old Reserva Añejo Tequila - 750ml","","","279.99","198.95","https://elcerritoliquor.com/products/fuenteseca-reserva-extra-anejo-7-year-750ml","269","https://dewinespot.co/products/fuenteseca-tequila-7-year-old-reserva-extra-anejo-tequila","299","https://siptequila.com/products/fuenteseca-reserva-extra-anejo-7-year","81.04","10.99","Prices from various retailers (El Cerrito Liquor, De Wine Spot, Sip Tequila, Binny's, SFWTC); no current listings found on Amazon, Total Wine, Vivino, or Liquor.com. Average ex-tax $272 per Wine-Searcher. Some items unavailable or on sale."
"Fortaleza Reposado Winter Blend 2023 - 750ml","","","489.99","109.99","https://www.totalwine.com/spirits/tequila/reposado/fortaleza-reposado-winter-blend/p/227559750","595.0","https://pstreetwines.com/product/fortaleza-reposado-winter-blend-2023-limited-edition/","699.99","https://whiskeycaviar.com/products/fortaleza-reposado-winter-blend-2023","380.0","-105.01","Prices extracted from search results; Total Wine lists $109.99 but notes out of stock and price may vary by store. No prices found from Amazon, Vivino, or Liquor.com in results. Sorted from: 109.99[4], 159.95[9], 399.99[1], 595[3], 689.97[2], 699.99[6]. Median from 6 prices."
"Exotico Reposado Tequila - 750ml","","","17.99","12.99","https://www.bourbonbanter.com/tequila-exotico-review/","19","https://www.wine-searcher.com/find/exotic+tequila+reposado+jalisco+mexico/1/usa-co","39.99","https://craftshack.com/products/exotico-reposado-tequila","5.0","-1.01","Prices from various retailers; Total Wine listing lacks specific price. Lowest from local Indianapolis (Bourbon Banter), avg ex-tax $19 (Wine-Searcher), highest from CraftShack. El Cerrito shows discounted $189.95 (likely error/outlier for 750ml). No prices found for Amazon, Vivino, Liquor.com."
"Exotico Blanco Tequila - 750ml","","","17.99","19","https://www.wine-searcher.com/find/exotic+tequila+blanco+jalisco+mexico","22.99","https://www.caskers.com/exotico-blanco-tequila/","31.99","https://costplusliquors.com/products/exotico-tequila-blanco-750ml","-1.01","-5.0","Prices from various retailers; Wine-Searcher avg $19 ex-tax (750ml), Cost Plus $31.99 (750ml sale), Caskers $22.99 (size unspecified but product is 750ml), Marketview $21.49 (1L). Total Wine and others lack specific prices. European prices in EUR excluded."
"Espolón Reposado Tequila - 750ml","","","33.99","23.99","https://www.totalwine.com/spirits/tequila/reposado/espolon-reposado-tequila/p/96444750","30.99","https://applejack.com/Espolon-Reposado-Tequila-750-ml","35.99","https://www.elevatedbws.com/espolon-reposado-tequila-750ml.html","10.0","3.0","Prices from Total Wine ($23.99), Applejack ($30.99), Lisa's ($31.99), Purdy's (from $30.79), Elevated ($35.99). No prices found from Amazon, Vivino, or Liquor.com in results; Wine-Searcher avg $31 ex-tax."
"Espolón Añejo Tequila - 750ml","","","36.99","32.6","https://specsonline.com/shop/spirits/espolon-tequila-anejo-6-case/","43.0","https://www.wine-searcher.com/find/espolon+tequila+anejo+jalisco+mexico","466.0","https://www.jebsenwinesandspirits.com/products/espolon-anejo-tequila-750ml","4.39","-6.01","Prices from Spec's ($32.60 USD), Wine-Searcher avg ($43 ex-tax USD), Jebsen ($466 HKD ~$60 USD). No prices found from Amazon, Vivino, Liquor.com, or Total Wine. International currencies converted approximately; check retailers for current USD pricing and availability."
"Entremanos High-Proof Blanco Tequila - 750ml","","","79.99","79.99","https://www.oldtowntequila.com/entremanos-tequila/","85.99","https://tastersclub.com/products/entremanos-tequila-blanco-high-proof","89.99","https://kegnbottle.com/products/entremanos-high-proof-tequila-blanco-750-ml","0.0","-6.0","Prices from various retailers; Total Wine [10] lacks listed price. Lowest from Old Town Tequila (700ml). Multiple 750ml listings at $80-$89.99. Median calculated from available prices: 79.99, 80, 84.99, 85.99, 87.97, 89.99."
"El Tesoro Mundial Collection Basil Hayden Edition Reposado Tequila - 750ml","","","169.99","169.99","https://kegnbottle.com/products/el-tesoro-reposado-mundial-collection-basil-hayden-tequila-750-ml","179.99","https://www.thebarreltap.com/products/el-tesoro-mundial-collection-tequila-reposado-basil-hayden","194.99","https://www.passionspirits.com/el-tesoro-mundial-basil-hayden","0.0","-10.0","Prices from available retailers: $169.99 [2], $175.99 [6], $179.99 [1], $194.99 [8]. No prices found on Amazon, Vivino, or Liquor.com in results; Total Wine listed without price [9]."
"El Tesoro Extra Añejo Tequila - 750ml","","","129.99","104.99","https://www.hiproof.com/products/el-tesoro-extra-anejo-tequila","129.99","https://kegnbottle.com/products/el-tesoro-extra-anejo-tequila-750ml-1","169.99","https://siptequila.com/products/el-tesoro-extra-anejo-tequila","25.0","0.0","Prices from search results for standard El Tesoro Extra Añejo 750ml (not special editions like Paradiso or Anniversary). Specified retailers (Amazon, Total Wine, Vivino, Liquor.com) had no direct price data in results; used available online retailer prices. Total Wine lists product but no explicit price[7]. Average ex-tax ~$149[1]."
"El Tequíleño Still Strength Blanco Tequila - 750ml","","","49.99","49.99","https://sipsy.com/products/el-tequileno-still-strength-blanco-tequila-750ml","55.99","https://www.oldtowntequila.com/el-tequileno/","69.99","https://siptequila.com/products/el-tequileno-still-strength-blanco","0.0","-6.0","Prices from various online retailers; Total Wine listing lacks specific price in results. No data from Amazon, Vivino, or Liquor.com. Lowest and another at $49.99 (Sipsy, Rare Tequilas), median from available distinct sale prices."
"El Tequileño Reposado Rare Tequila - 750ml","","","189.99","184.99","https://www.kingswineandspirits.com/products/el-tequileno-reposado-rare-tequila-750ml","200.0","https://sftequilashop.com/products/el-tequileno-reposado-rare-750ml","219.99","https://www.passionspirits.com/el-tequileno-tequila-reposado-rare","5.0","-10.01","Prices from various online retailers (750ml bottles in USD where possible; excludes non-USD and ex-tax averages; no results from Amazon, Total Wine, Vivino, or Liquor.com)"
"El Tequileño Reposado & Gran Reserva Reposado - 2pk","","","79.99","54.99","https://www.totalwine.com/spirits/tequila/reposado/el-tequileno-gran-reserva-reposado-tequila/p/231678750","60","","66","https://www.wine-searcher.com/find/el+tequileno+grand+rsrv+tequila+reposado+jalisco+mexico/1/switzerland","25.0","19.99","No prices found for the exact 'El Tequileño Reposado & Gran Reserva Reposado - 2pk' bundle on Amazon, Total Wine, Vivino, or Liquor.com. Prices reflect single 750ml bottles of El Tequileño Gran Reserva Reposado from available retailers. Total Wine lists $54.99; Wine-Searcher averages $54-$66 ex-tax. No Amazon, Vivino, or Liquor.com results for this product."
"El Tequileño Platinum Blanco Gran Reserva Reposado and Gran Reserva Añejo - 3-Pack","","","189.99","189.99","https://sipsy.com/products/el-tequileno-platinum-blanco-gran-reserva-reposado-and-gran-reserva-anejo-3pk","189.99","https://sipsy.com/products/el-tequileno-platinum-blanco-gran-reserva-reposado-and-gran-reserva-anejo-3pk","264.99","https://bottlebuzz.com/products/gran-patron-tequila-platinum-el-tequileno-tequila-reposado-gran-reserva-bundle","0.0","0.0","Only two exact matches for the 3-pack found; others are different bundles, dual packs, or single bottles. Specified retailers (Amazon, Total Wine, Vivino, Liquor.com) had no results. Prices in USD.[1][2]"
"El Tequileño Platinum Blanco Tequila - 750ml","","","45.99","25","https://www.totalwine.com/spirits/tequila/blancosilver/el-tequileno-platinum-blanco-tequila/p/231679750","49.99","https://www.hitimewine.net/el-tequileno-tequila-platinum-blanco-40-750ml-nom-1108-additive-free-102682","56.99","https://kegnbottle.com/products/el-tequileno-platino-750-ml","20.99","-4.0","Prices from various retailers; Total Wine user-reported $25 (retail listed $53.99)[5]; no current Amazon/Vivino/Liquor.com listings found. Non-US prices excluded (e.g., €57.57[6]). Sale prices used where available."
"El Tequileño Gran Reserva Reposado - 750ml","","","55.99","49.99","https://www.missionliquor.com/products/el-tequileno-gran-reserva-reposado-750ml-1","54.99","https://www.totalwine.com/spirits/tequila/reposado/el-tequileno-gran-reserva-reposado-tequila/p/231678750","59.99","https://siptequila.com/products/el-tequileno-reposado-gran-reserva","6.0","1.0","Prices from Mission Liquor ($49.99), Caskers ($50.99), Total Wine ($54.99), Sip Tequila ($59.99). No prices found from Amazon, Vivino, or Liquor.com. Excludes non-USD, non-750ml, or unclear pricing."
"El Tequileño Gran Reserva Añejo - 750ml","","","85.99","73.99","https://www.caskers.com/el-tequile-o-a-ejo-gran-reserva-tequila/","84.99","https://siptequila.com/products/el-tequileno-anejo-gran-reserva","118.75","https://cwspirits.com/products/el-tequileno-gran-reserva-anejo-750ml","12.0","1.0","Prices from various online retailers; none directly from Amazon, Vivino, or Liquor.com in results. Total Wine listed without specific price. Lowest from Caskers, median approximated from available sale prices, highest from Country Wine & Spirits."
"El Tequileño Cristalino Reposado Tequila - 750ml","","","50.99","44.99","https://www.missionliquor.com/products/el-tequileno-cristalino-reposado-750ml","54.99","https://www.binnys.com/spirits/tequila/el-tequileno-cristalino-reposado-tequila-145707/","62.99","https://unwindbottleshop.com/products/el-tequileno-tequila-reposado-cristalino-750ml","6.0","-4.0","Prices from various online retailers; no listings found on Amazon, Total Wine, Vivino, or Liquor.com. Sorted from available: 44.99[6], 50.99[2], 52.99[4], 54.99[3][8], 55[5], 55.99[3], 59.99[7], 62.99[10]. Median from 54.99/55/55.99."
"El Tequileño Blanco Tequila - 750ml","","","22.99","11.99","https://liqirlb.com/product/el-tequileno-blanco-75cl/","24.99","https://www.oldtowntequila.com/el-tequileno/","53.99","https://www.totalwine.com/spirits/tequila/blancosilver/el-tequileno-platinum-blanco-tequila/p/231679750","11.0","-2.0","Prices from various online retailers; Total Wine lists 'Platinum Blanco' at $53.99 which may be a variant. No direct prices found from Amazon, Vivino, or Liquor.com. Avg ex-tax price ~$24-25 per Wine-Searcher. Lowest from liqirlb.com (possibly regional pricing)."
"El Tequileno Blanco & Platinum Blanco Tequila - 2-Pack","","","64.99","64.99","https://kegnbottle.com/products/el-tequileno-tequila-gift-pack-2-bottles-375-ml","64.99","https://kegnbottle.com/products/el-tequileno-tequila-gift-pack-2-bottles-375-ml","64.99","https://kegnbottle.com/products/el-tequileno-tequila-gift-pack-2-bottles-375-ml","0.0","0.0","No exact matches for 'El Tequileno Blanco & Platinum Blanco Tequila - 2-Pack' found on Amazon, Total Wine, Vivino, or Liquor.com. Used closest match: El Tequileno Tequila Gift Pack (Platinum Blanco & Reposado, 2x375ml) at $64.99 from Keg N Bottle. Total Wine lists single Platinum Blanco 750ml at $53.99[5]."
"El Jimador Silver Tequila - 750ml","","","23.99","20","https://www.foodrepublic.com/1529202/best-worst-inexpensive-tequilas-to-buy-avoid/","24.99","https://cellar.com/products/el-jimador-silver-750ml","30.99","https://costplusliquors.com/products/el-jimador-tequila-silver-750ml","3.99","-1.0","Prices from general retailers (Drizly vendors, Cost Plus Liquors, Cellar.com, Caskers); no direct matches from Amazon, Total Wine, Vivino, or Liquor.com. Wine-Searcher avg $21. Ltr size excluded."
"El Jimador Reposado Tequila - 750ml","","","24.99","22.49","https://cwspirits.com/collections/el-jimador","23.99","https://www.oldtowntequila.com/brands/El-Jimador.html","26.99","https://topshelfwineandspirits.com/products/el-jimador-repsado","2.5","1.0","Prices from various online retailers; Total Wine [10] lacks specific price; Amazon, Vivino, Liquor.com not in results; avg ex-tax $22 [1]; prices exclude tax/shipping."
"El Gran Legado Blanco Tequila - 750ml","","","59.99","44.99","https://www.oldtowntequila.com/el-gran-legado/","59.99","https://raretequilas.com/products/el-gran-legado-blanco-tequila","69.99","https://liquorfreight.com/products/le-gran-legado-blanco-tequila-750ml","15.0","0.0","Prices from various online retailers; no current prices found on Amazon, Total Wine, Vivino, or Liquor.com. Standard Blanco 750ml selected (excluding still strength variants). Median calculated from available prices: 44.99, 49.99, 52.99, 59.99, 69.99."
"El Gran Legado Blanco and Cascahuin Blanco Tequila - 2-Pack","","","104.99","44.99","https://www.oldtowntequila.com/el-gran-legado/","58.99","https://tastersclub.com/products/cascahuin-el-gran-legado-de-vida-tequila-blanco","159.99","https://caskcartel.com/en-es/products/cascahuin-el-gran-legado-de-vida-blanco-tequila","60.0","46.0","No exact matches for the 'El Gran Legado Blanco and Cascahuin Blanco Tequila - 2-Pack' found on Amazon, Total Wine, Vivino, or Liquor.com. Prices reflect individual 750ml bottles of El Gran Legado Blanco or similar Cascahuin Blanco from other retailers. Sorted: $44.99[1], $58.99[5], $59.99[4], ~$58[3], ~$60[8], $159.99[2]. Median calculated from available US USD prices."
"El Cristiano Silver Tequila - 750ml","","","45.99","39.99","https://kegnbottle.com/products/el-cristiano-silver-tequila-750-ml","48.99","https://www.totalwine.com/spirits/tequila/blancosilver/el-cristiano-silver-tequila/p/346553750","60.09","https://www.thebottleshoppe.com/product/el-cristiano-silver-tequila-750ml/19735","6.0","-3.0","Prices from various online retailers; Total Wine listed at $48.99. No current prices found for Amazon, Vivino, or Liquor.com in results. Sale prices used where applicable (e.g., Keg N Bottle at $39.99, Old Town Tequila at $47.99 not selected as lowest)."
"El Cristiano Reposado Tequila - 750ml","","","54.99","52.99","https://flaviar.com/products/el-cristiano-reposado-tequila-750","59.99","https://www.oldtowntequila.com/el-cristiano/","74.99","https://siptequila.com/products/el-cristiano-reposado","2.0","-5.0","Prices from search results (Old Town Tequila $59.99[3], Keg N Bottle $53.99[4], Total Wine $64.99[6], Flaviar $52.99[8], Wooden Cork $53[9]). No direct matches from Amazon, Vivino, or Liquor.com. Averages from Wine-Searcher ($63-$109) not used for extremes. Prices ex-tax where noted; availability may vary."
"Dos Ángeles Tequila Blanco - 750ml","","","54.99","49.99","https://www.hiproof.com/products/dos-angeles-caidos-tequila-blanco-750ml","57.99","https://www.finewinehouse.com/dos-angeles-caidos-blanco-tequila-750ml.html","74.99","https://kegnbottle.com/products/dos-angeles-caidos-high-proof-blanco-tequila-750-ml","5.0","-3.0","Prices from available search results for Dos Angeles Caidos Blanco Tequila 750ml variants; no prices found from Amazon, Vivino, or Liquor.com. Total Wine lists product but no price[7]. Median calculated from listed prices: 49.99, 50.00, 57.99, 65 (avg), 74.99."
"Don Vicente Reposado - 750ml","","","68.99","59.99","https://www.oldtowntequila.com/don-vicente/","64.99","https://kegnbottle.com/products/don-vicente-reposado-750ml","69.99","https://siptequila.com/products/don-vicente-reposado","9.0","4.0","Prices from various online retailers; Total Wine listing lacks visible price. Amazon, Vivino, Liquor.com not in results. Avg ex-tax $61 per Wine-Searcher. Excludes Fuerte variant."
"Don Vicente Fuerte High-Proof Blanco - 750ml","","","89.99","79.99","https://www.binnys.com/spirits/tequila/don-vicente-fuerte-blanco-high-proof-tequila-from-el-pandillo-distillery-160325/","89.99","https://sipsy.com/products/don-vicente-fuerte-high-proof-blanco-750ml","89.99","https://siptequila.com/products/don-vicente-fuerte-blanco-108-proof","10.0","0.0","No prices found from specified retailers (Amazon, Total Wine, Vivino, Liquor.com). Prices from other online retailers: lowest $79.99 at Binny's[6], most others at $89.99[1][2][3][4][5]."
"Don Vicente Blanco Reposado Extra Añejo 3-Pack","","","299.99","","","","","","","","","No prices found for 'Don Vicente Blanco Reposado Extra Añejo 3-Pack' across Amazon, Total Wine, Vivino, or Liquor.com. Search results show individual bottle prices only for Don Vicente Blanco, Reposado, and Extra Añejo variants from other retailers."
"Don Pilar Reposado Tequila - 750ml","","","42.99","37.95","https://www.folsomwinespirits.com/products/don-pilar-reposado-tequila","42.99","https://kegnbottle.com/products/don-pilar-reposado-tequila-750-ml","58.79","https://craftcity.com/products/don-pilar-tequila-reposado-750ml","5.04","0.0","Prices from various online retailers; Total Wine lists product but no price in results. Sorted from: $37.95[7], $39.98[3], $41.99[5], $42.99[2], $44.99[4], $55[6], $58.79[9]. No prices found from Amazon, Vivino, or Liquor.com."
"Don Pilar Extra Añejo Tequila - 750ml","","","169.99","139.99","https://www.remedyliquor.com/products/don-pilar-tequila-extra-anejo-750ml","164.99","https://www.missionliquor.com/products/don-pilar-tequila-extra-anejo-750ml-1","259.99","https://www.oldtowntequila.com/don-pilar-extra-anejo/","30.0","5.0","Search results did not include Amazon, Vivino, or Liquor.com. Prices compiled from 8 available online retailers. The highest price ($259.99) may reflect a special edition (El Secreto Don Pilar Extra Anejo). Median calculated from available price points: $139.99, $154.99, $159.99, $164.99, $165.00, $169.99, $174.99, $189.99, $190.00, $192.99, $259.99."
"Don Pilar Blanco Tequila - 750ml","","","39.99","31.98","https://liquornearme.com/products/don-pilar-tequila-blanco-750ml","36.99","https://www.oldtowntequila.com/brands/Don-Pilar.html","45.0","https://sftequilashop.com/collections/don-pilar","8.01","3.0","Prices from various online retailers; Total Wine, Amazon, Vivino, and Liquor.com did not list specific prices in search results. Sorted from available: 31.98, 32.99, 34.99/36.99, 37, 37.99, 39.99, 45. Median approximated from sorted values."
"Don Pilar Añejo Tequila - 750ml","","","44.99","42.98","https://liquornearme.com/products/don-pilar-tequila-anejo-750ml","46.99","https://kegnbottle.com/products/don-pilar-anejo-tequila-750-ml","65.0","https://sftequilashop.com/products/don-pilar-anejo-750ml","2.01","-2.0","Prices from Keg N Bottle ($46.99), LiquorNearMe ($42.98), SF Tequila Shop ($65); Total Wine listing lacks price; no prices found on Amazon, Vivino, or Liquor.com; Wine-Searcher avg $60 ex-tax. Focused on Añejo 750ml only."
"Don Julio Tequila Gift Pack - 3 Bottles","","","79.99","79.99","https://sipsy.com/products/don-julio-tequila-gift-pack-3-bottles","149.99","https://www.delmesaliquor.com/products/don-julio-tequila-gift-pack-3-x-375ml","149.99","https://www.delmesaliquor.com/products/don-julio-tequila-gift-pack-3-x-375ml","0.0","-70.0","No prices found from Amazon, Vivino, or Liquor.com. Total Wine lists the product but no price shown. Prices from 375ml 3-bottle packs; smaller sizes excluded."
"Don Julio Tequila Blanco - 750ml","","","55.99","44.99","https://cwspirits.com/collections/don-julio","51.99","https://kegnbottle.com/products/don-julio-blanco-tequila-750-ml-1","68.99","https://www.bottlevalues.com/spirits/?varietal=Tequila&price_band=75&size=750&winery=Don+Julio&sortby=sort_item_order&l=25&item_type=spirits","11.0","4.0","Prices extracted from search results for Don Julio Blanco Tequila 750ml. No direct prices found from Amazon, Vivino, or Liquor.com in results; used available retailer listings (e.g., Keg N Bottle $51.99[1], CW Spirits $44.99[3], Bottle Values up to $68.99[2]). Total Wine page listed but no price in snippet[8]. Prices may vary by location/taxes; date: 2026-03-31."
"Don Julio Real Tequila - 750ml","","","1199.99","21.99","https://flaviar.com/products/don-julio-real-tequila-extra-anejo-750","1099.99","https://woodencork.com/products/don-julio-real","1299.99","https://preetliquor.com/products/don-julio-real-anejo-750ml","1178.0","100.0","Prices from search results; lowest appears promotional or erroneous. No direct matches from Amazon, Total Wine, Vivino, or Liquor.com. Averages ~$1000-$1200 ex-tax per Wine-Searcher [1][4]. Total Wine lists other Don Julio but not Real [9]."
"Don Julio Private Cask Barrel Reposado Tequila - 750ml","","","59.99","54.99","blackbookspirits.com","59.99","thebarreltap.com","72.0","wine-searcher.com","5.0","0.0","Search results do not include data from Amazon, Vivino, or Liquor.com. Prices are from available retailers in search results: Black Book Spirits ($54.99), The Barrel Tap ($59.99), Binny's ($59.99), Top Shelf Wine and Spirits ($67.99), and Wine-Searcher average ($72.00). Don Julio Private Cask Reposado is a limited-edition, barrel-select spirit, so prices and availability vary by retailer and specific barrel selection. Private Cask editions are hand-selected and may have different pricing based on the specific barrel chosen."
"Don Julio Blanco Gift Set","","","55.99","","","","","","","","",""
"Don Julio Alma Miel Joven Tequila - 750ml","","","89.99","","","","","","","","",""
"Don Julio 70 Tequila Ultra Añejo - 750ml","","","84.99","69.95","https://www.comparar.net/precios/don-julio-nuevo-3904929641292254292.html","88.99","https://www.bodeboca.com/destilados-licores/don-julio-70-anejo","122.0","https://www.idealo.es/precios/200294491/don-julio-70-tequila-anejo-claro-0-7-liters-35.html","15.04","-4.0","Prices in EUR from European retailers (no US sites like Amazon/Total Wine/Vivino found in results); lowest via Amazon Marketplace ES, highest from idealo.es comparison. Converted £70 to ~82 EUR assuming 1.17 GBP/EUR."
"Don Fulano Blanco Fuerte Tequila - 750ml","","","59.99","57","https://raretequilas.com/products/don-fulano-fuerte-blanco-100-proof-tequila","59.99","https://www.totalwine.com/spirits/tequila/blancosilver/don-fulano-fuerte-tequila/p/101440750","69.99","https://siptequila.com/products/don-fulano-fuerte","2.99","0.0","Prices from various online retailers (Total Wine: $64.99[5], Liquor Barn: $59.99[3], VS Liquor: $59.99[7], El Cerrito Liquor: $59.95[8], Rare Tequilas: $57.99[9], Sip Tequila: $69.99[4]). No direct prices found from Amazon, Vivino, or Liquor.com. Averages reported: $66[1], $53[2] (may include regular Blanco). Total Wine not lowest despite query specification."
"Dinastía Real Extra Añejo - 750ml","","","129.99","94.99","https://sipwhiskey.com/collections/tequila-mezcal/products/tequila-dinastia-real-extra-anejo","119.99","https://www.oldtowntequila.com/dinastia-real/","187.0","https://finewinepr.com/product/dinastia-real-tequila-extra-anejo-750ml/","35.0","10.0","Prices from various online retailers (not limited to specified ones due to lack of results from Amazon, Vivino, Liquor.com). Lowest and median from US retailers in USD; highest from Fine Wine PR (likely USD). Total Wine lists $154.99. Prices as of available data; may vary."
"DeLeón Platinum Silver Tequila - 750ml","","","40.99","29.99","https://theliquorbros.com/products/deleon-platinum-silver-tequila-750ml","40","https://www.wine-searcher.com/find/deleon+platinum+tequila+jalisco+mexico/1/usa","47.99","https://minibardelivery.com/store/product/deleon-platinum-tequila/deleon-platinum-tequila-750ml","11.0","0.99","Prices from various retailers (not limited to Amazon, Total Wine, Vivino, Liquor.com as none directly listed Platinum Silver); no prices found on specified sites. Range: $29.99-$47.99, avg ~$40 ex-tax."
"De León Añejo Tequila - 750ml","","","64.99","39.99","https://shopsk.com/products/deleon-anejo-tequila","54.99","https://morewines.com/deleon-anejo-tequila-750ml/","61","https://morewines.com/deleon-anejo-tequila-750ml/","25.0","10.0","Prices from various online retailers (Old Town Tequila $48.99, ShopSK $39.99 sale, MoreWines $54.99, ShopWineDirect MSRP $56.99); no prices found on Amazon, Vivino, Liquor.com, or Total Wine product pages. Excludes luxury variants like Leona ($887-$999). Total Wine lists product but no price visible."
"Corrido Tequila Reposado - 750ml","","","65.99","16","https://sunsetliquorstore.com/products/corrido-reposado-750-ml-1","58.37","https://www.reservebar.com/collections/tequila-corrido","79.99","https://kegnbottle.com/products/corrido-reposado-tequila-750-ml","49.99","7.62","Prices from various retailers; Total Wine [6] lacks explicit price; Old Town Tequila lists conflicting prices ($49.99/$64.99); median approximated from available prices (16,51.99,58.37,64.99,65,79.99). No prices found for Amazon, Vivino, Liquor.com."
"Corrido Tequila Blanco - 750ml","","","55.99","43.09","https://www.reservebar.com/collections/tequila-corrido","54.99","https://www.oldtowntequila.com/brands/Corrido.html","69.99","https://kegnbottle.com/products/corrido-blanco-tequila-750-ml","12.9","1.0","Prices from various online retailers; Total Wine $53.99[4], Flaviar $49.99[5], SF Tequila $55[6], Passion Spirits $59.99[9]. Specified retailers (Amazon, Total Wine, Vivino, Liquor.com) not found in results. Old Town has conflicting prices ($34.99/$54.99), used $54.99. ReserveBar lowest at $43.09."
"Corrido Tequila Añejo - 750ml","","","94.99","61.99","https://flaviar.com/products/corrido-anejo-tequila-750","89.99","https://kegnbottle.com/products/corrido-anejo-tequila-750-ml-1","169.99","https://www.whiskyliquorstore.com/216874/tequila-corrido-anejo-80p","33.0","5.0","Prices from various online retailers (Flaviar, Keg N Bottle, Greatbooze, Whisky Liquor Store, etc.); none found on Amazon, Total Wine, Vivino, or Liquor.com in results. Sorted unique prices: 61.99, 89.99, 94.99, 149.99, 169.99."
"Corrido Blanco Reposado and Añejo Tequila - 3-Pack","","","209.99","189.99","https://kegnbottle.com/products/3-tres-tequila-combo-pack-blanco-reposado-anejo-3x750ml","209.99","https://sipsy.com/products/corrido-blanco-reposado-and-anejo-tequila-3pk","209.99","https://sipsy.com/products/corrido-blanco-reposado-and-anejo-tequila-3pk","20.0","0.0","No prices found on Amazon, Total Wine, Vivino, or Liquor.com. Prices from other retailers for similar Corrido or comparable 3-packs: $189.99 (3 Tres, possibly similar), $209.99 (exact match on Sipsy). Individual bottles sum ~$190-$260[5][9][10]."
"Corralejo Tequila Reposado - 750ml","","","33.99","24.99","https://shopsk.com/products/corralejo-reposado-tequila","30.0","https://sftequilashop.com/products/corralejo-reposado","39.99","https://theliquorstore.com/products/corralejo-tequila-reposado-750ml","9.0","3.99","Prices from various online retailers; Total Wine link lacks specific price. Ex-tax averages ~$29-30[1][2]. No direct prices from Amazon, Vivino, or Liquor.com in results."
"Corazón Single Barrel Tequila Reposado - 750ml","","","34.99","14.99","https://www.hiproof.com/products/corazon-single-barrel-buffalo-trace-reposado-750ml","39.99","https://beveragewarehousemi.com/products/corazon-reposado-single-estate","59.99","https://kegnbottle.com/products/private-barrel-bourbon-750-ml","20.0","-5.0","Prices from various online retailers; lowest from HiProof (Buffalo Trace barrel), median from Beverage Warehouse (Weller barrels), highest from Keg N Bottle. No direct results from Amazon, Total Wine, Vivino, or Liquor.com. Specific barrel finishes may vary product slightly. Average ex-tax $40 per Wine-Searcher."
"Cincoro Blanco - 750ml","","","109.99","59.99","https://shopwinedirect.com/cincoro-blanco-tequila-750ml.html","72.99","https://www.totalwine.com/spirits/tequila/blancosilver/cincoro-blanco-tequila/p/185154750","89.99","https://bottlebroz.com/products/cincoro-blanco-tequila-750ml","50.0","37.0","Prices from search results (Total Wine included); no data found for Amazon, Vivino, or Liquor.com. Sorted from available single-bottle 750ml prices: 59.99, 62.99, 64.99/66.49/69.99, 72.99, 79.99, 89.99. Median from ordered list."
"Cincoro Añejo - 750ml","","","159.99","109.99","https://www.missionliquor.com/products/cincoro-tequila-anejo-750ml-1","129.89","https://bestbuyliquors.com/cincoro-anejo-tequila","149.99","https://theliquorbarn.com/collections/vendors?q=cincoro","50.0","30.1","Prices for 750ml Cincoro Añejo from available retailers (Mission Liquor, Best Buy Liquors, Liquor Barn). No prices found on Amazon, Total Wine, Vivino, or Liquor.com in results. Average ex-tax $146 per Wine-Searcher[1]. Total Wine lists product but no price[10]."
"Cimarron Reposado Tequila - 750ml","","","31.99","26.99","https://www.missionliquor.com/products/cimarron-tequila-reposado-750ml","29","https://www.wine-searcher.com/find/cimarron+tequila+reposado+jalisco+mexico/1/usa-ia","32.99","https://cwspirits.com/products/cimarron-reposado-750ml","5.0","2.99","Prices from various online retailers; Total Wine lists product but no price in results. Amazon, Vivino, Liquor.com not found in results. Avg ex-tax ~$28-29[1][2]. Mission Liquor $26.99[6], Wine-Searcher avg $29[2], CW Spirits $32.99[5]."
"Chula Parranda Extra Añejo Special Artist Edition - 750ml","","","179.99","115.0","https://sftequilashop.com/products/chula-parranda-extra-anejo-750ml","174.29","https://mmwineliquor.com/products/chula-parranda-extra-anejo-tequila-750ml-brown-ceramic-bottle","219.99","https://dramfellows.com/products/chula-parranda-extra-anejo-ceramic","64.99","5.7","Prices from Sipsy ($179.99), SF Tequila Shop ($115.00), Whisky and Whiskey ($169.99), MM Wine Liquor ($174.29), DramFellows ($219.99). No prices found on specified retailers (Amazon, Total Wine, Vivino, Liquor.com). Some results may refer to variants like Huichol or non-Extra Añejo editions."
"Cazcanes No. 9 Rosa Reposado Limited Edition Tequila - 750ml","","","129.99","74.99","https://cazcanes.com/products/no-9-rosa-reposado","109.99","https://siptequila.com/products/cazcanes-rosa-reposado-no-9","143.99","https://www.passionspirits.com/cazcanes-no-9-rosa-reposado-tequila","55.0","20.0","Search results do not include pricing from Amazon, Vivino, or Liquor.com as requested. Prices are from available online retailers in the search results. Prices range from $74.99 to $143.99 for the 750ml bottle. Note that the lowest price ($74.99) appears to be a sale price on the official Cazcanes website."
"Cazcanes No. 9 Rosa Blanco Limited Edition Tequila - 750ml","","","99.99","","","","","","","","",""
"Cazadores Tequila Reposado - 750ml","","","30.99","15","https://www.wine-searcher.com/find/cazadores+tequila+reposado+jalisco+mexico/1/mexico","26","https://specsonline.com/shop/spirits/cazadores-tequila-reposado-2/","42","https://specsonline.com/shop/spirits/cazadores-tequila-reposado-2/","15.99","4.99","Prices extracted from search results; none directly from Amazon, Vivino, or Liquor.com. Wine-Searcher avg $17 ex-tax[2], Sipsy $30.99[3], Spec's $25.23-$41.99[4], Applejack $22.99[5]. Total Wine listing lacks price[9]. Prices may vary by location/taxes/shipping."
"Cazadores Reposado Tequila with Cantarito Cup Gift","","","31.99","24.99","https://www.bottlesandcases.com/spirits/Cazadores-Reposado-Tequila-Gift-Set-w-Cantarito-Cup-w5115114wg","29.99","https://lyliquor.com/products/cazadores-reposado-tequila-and-cantarito-cup-gift-set","39.66","https://hudsonwineco.com/shop/product/cazadores-reposado-tequila-and-cantarito-cup-gift-set/636543d0a85c14236e85574c?option-id=c6d978a150e607fbe0d477570fa12276001ae48b097ea1b974c56dfc4f56f41a","7.0","2.0","Prices from various online retailers (not limited to specified ones); no prices found on Amazon, Total Wine, Vivino, or Liquor.com. Extracted clear prices: $24.99[1], $25.99[6], $29.99[2], $39.66[4]. Median calculated from these four values."
"Cazadores Cocktail Paloma - 4-Pack 12oz","","","15.99","12.99","https://raretequilas.com/products/cazadores-tequila-paloma-ready-to-drink-4-pack-cans-12-oz","15.99","https://www.napacabs.com/cazadores-tequila-paloma-cocktail-ready-to-drink-4-pack-12oz-cans.html","20.99","https://raretequilas.com/products/cazadores-tequila-paloma-ready-to-drink-4-pack-cans-12-oz","3.0","0.0","Prices from various online retailers (not limited to Amazon, Total Wine, Vivino, Liquor.com as none listed current prices there). Sorted: $12.99[4], $13.57[2], $14.99[5], $15.99[1][3]. Total Wine[7] lacks price. Rare Tequilas shows original $20.99, current $12.99[4]."
"Cazadores Cocktail Margarita - 4-Pack 12oz","","","15.99","9.99","https://www.binnys.com/spirits/premixed-cocktails/cazadores-margarita-pack-cans-114546/","15.99","https://sipsy.com/products/cazadores-cocktail-margarita-4-pack-12oz","20.99","https://raretequilas.com/products/cazadores-cocktail-margarita-ready-to-drink-4-pack-cans-12-oz","6.0","0.0","Prices from various retailers: Spec's $13.57, Greatbooze $14.99, multiple at $15.99; Total Wine lacks listed price. None from Amazon, Vivino, or Liquor.com. Binny's listed at $9.99."
"Cazadores Blanco Silver Tequila - 750ml","","","28.99","21.74","https://www.missionliquor.com/collections/cazadores-tequila","25.99","https://www.totalwine.com/spirits/tequila/blancosilver/cazadores-blanco-tequila/p/35315750","28.99","https://sipsy.com/products/cazadores-blanco-silver-tequila-750-ml","7.25","3.0","Prices from Caskers ($21.99), Mission Liquor ($21.74 sale), Sipsy ($28.99), Total Wine ($25.99). No direct prices found from Amazon, Vivino, or Liquor.com in results; median approximated from available data."
"Cava de Oro Extra Añejo - 750ml","","","104.99","63.85","https://www.vintorica.com/product/cava-de-oro-tequila-anejo-extra-750ml/","63.85","https://www.vintorica.com/product/cava-de-oro-tequila-anejo-extra-750ml/","127.69","https://www.vintorica.com/product/cava-de-oro-tequila-anejo-extra-750ml/","41.14","41.14","No prices found from Amazon, Total Wine, Vivino, or Liquor.com. Data from Vintorica only (current sale: $63.85, original: $127.69). [2] lacks price info."
"Cascahuin Tahona Blanco Tequila - 750ml","","","99.99","83.99","https://www.liquorcave.com/products/tequila-cascahuin-tahona-blanco-tequila","89.97","https://www.oldtowntequila.com/cascahuin-tahona-blanco-tequila/","109.99","https://cwspirits.com/products/cascahuin-tahona-blanco-750ml","16.0","10.02","Prices from available retailers (Liquor Cave $83.99, Old Town Tequila $89.99, El Cerrito Liquor $89.95, Caskers $92.99, ShopWineDirect $97.99); no prices found on Amazon, Vivino, or Liquor.com. Median calculated from sorted unique prices. Wine-Searcher avg $95 ex-tax."
"Cascahuin Tahona Blanco & Plata 48% Tequila - 2-Pack","","","179.99","68.99","https://www.remedyliquor.com/products/cascahuin-tequila-plata-48-750ml","89.99","https://siptequila.com/collections/tequila-cascahuin","99.99","https://sipwhiskey.com/products/cascahuin-48-plata-tequila","111.0","90.0","No exact matches for 'Cascahuin Tahona Blanco & Plata 48% Tequila - 2-Pack' found on Amazon, Total Wine, Vivino, or Liquor.com. Prices reflect single 750ml bottles of Cascahuin Plata 48% or Tahona Blanco from other retailers. Median calculated from available prices: 68.99, 69.99, 89.99, 99.99."
"Cascahuín Plata 48 Tequila - 750ml","","","89.99","59.95","https://elcerritoliquor.com/products/cascahuin-plata-48-tequila-750ml","85.0","https://sftequilashop.com/products/cascahuin-48-750ml","99.99","https://cwspirits.com/products/cascahuin-plata-48-750ml","30.04","4.99","Prices from available retailers; no listings found on Amazon, Vivino, or Liquor.com. Total Wine lists product but no price specified[10]. Sale prices used where applicable (e.g., Sip Tequila sale $89.99 or $99[3]). Average ex-tax $88[1]."
"Cascahuín Plata 48° Blanco & Don Fulano Blanco Fuerte Tequila – 2-Pack","","","147.99","69.99","https://www.hiproof.com/products/cascahuin-plata-48-blanco-tequila","89.99","https://www.skurnik.com/sku/tequila-plata-48-cascahuin/","99.0","https://siptequila.com/products/cascahuin-plata-48","78.0","58.0","No listings found for the exact 'Cascahuín Plata 48° Blanco & Don Fulano Blanco Fuerte Tequila – 2-Pack' on Amazon, Total Wine, Vivino, or Liquor.com. Prices reflect individual 750ml bottles of Cascahuín Plata 48 from other retailers; Total Wine has a listing but no price in results."
"Cascahuin Blanco Tequila - 750ml","","","54.99","44.99","https://shopwinedirect.com/cascahuin-blanco-tequila-750ml.html","52.99","https://kegnbottle.com/products/tequila-cascahuin-blanco-750-ml","59.99","https://cwspirits.com/products/cascahuin-blanco-750ml","10.0","2.0","Prices from available retailers (not limited to Amazon, Total Wine, Vivino, Liquor.com as no prices listed there). MSRP values used where applicable; ex-tax avg $51 ignored for retail comparison. Some results may reference variants like 'Old Label' or 'Tahona'."
"Casamigos Tequila Blanco – 12-pack - 50ml","","","65.99","","","","","","","","",""
"Casamigos Cristalino Reposado Tequila - 750ml","","","64.99","38.99","https://www.marketviewliquor.com/product/casamigos-tequila-reposado-cristalino-750ml","54.99","https://shopsk.com/products/casamigos-cristalino-reposado-tequila-750ml","57.99","https://kegnbottle.com/products/casamigos-cristalino-reposado-tequila-750-ml","26.0","10.0","Prices from available retailers (Marketview Liquor $38.99, ShopSK $49.99, Wine-Searcher avg $56-57, Keg N Bottle $57.99). No prices found from Amazon, Total Wine, Vivino, or Liquor.com in results. Total Wine link lacks price."
"Casa Rica Rosado Tequila - 750ml","","","51.99","39.99","https://www.remedyliquor.com/products/casa-rica-tequila-blanco-rosado-750ml","44.99","https://www.oldtowntequila.com/casa-rica/","64.99","https://craftshack.com/products/casa-rica-rosado-tequila-blanco","12.0","7.0","Prices from various online retailers (Remedy Liquor, Old Town Tequila, CraftShack, etc.); no listings found from specified retailers Amazon, Total Wine, Vivino, or Liquor.com. Lowest/median/highest calculated from available prices: $39.99[5], $42.99[3], $43.98[4], $44.99[3], $45.00[6], $49.09[1], $50.00[8], $64.99[2]."
"Casa Rica Reposado Tequila - 750ml","","","54.99","39.99","https://www.remedyliquor.com/products/casa-rica-tequila-reposado-750ml","42.99","https://shop.casaricatequila.com/shop-now-casa-rica","53.09","https://www.thebottleshoppe.com/product/casa-rica-reposado-tequila-750ml/16470","15.0","12.0","Prices from various online retailers; no results from Amazon, Total Wine, Vivino, or Liquor.com. Sorted from explicit prices: 39.99, 42.98, 42.99, 44.99 (Rosado variant), 48.00, 48.99, 53.09. Median from available Reposado prices."
"Casa Rica Blanco Tequila - 750ml","","","49.99","37.99","https://shop.casaricatequila.com/shop-now-casa-rica","45.99","https://tastersclub.com/products/casa-rica-blanco","63.99","https://craftshack.com/products/casa-rica-blanco-tequila","12.0","4.0","Prices from various online retailers (official site, CraftShack, Old Town Tequila, etc.); none found from specified retailers Amazon, Total Wine, Vivino, Liquor.com. Sorted: 37.99, 42.99, 43.98, 45.99, 47.99, 47.99, 50.83, 63.99."
"Camarena Silver - 750ml","","","22.99","19.99","https://www.vons.com/shop/product-details.960042814.html","24.49","https://www.haskells.com/camarena-silver-tequila-750ml/","26.99","https://wineanthology.com/7758-camarena-silver-tequila","3.0","-1.5","Prices from Vons ($19.99), Banks ($22.00), Liquorama sale ($23.99), Wine-Searcher avg ($23), Haskells ($24.49), Wine Anthology sale ($26.99). No prices found on Amazon, Total Wine, Vivino, or Liquor.com in results; median approximated from available prices."
"Camarena Reposado - 750ml","","","22.99","15.99","https://tastetequila.com/2010/familia-camarena-reposado-you-could-do-much-worse-for-the-price/","27.99","https://www.caskers.com/camarena-reposado-tequila/","34.99","https://www.kingsfoodmarkets.com/shop/product-details.960042815.html","7.0","-5.0","Prices from available sources (Target $18.99, Wine-Searcher avg $24, Kings $34.99, Caskers $27.99, BevMo via review $15.99); no current prices found from Amazon, Vivino, Liquor.com, or Total Wine."
"Caballito Cerrero Unicorn Chato Blanco - 750ml","","","369.99","179.99","https://www.bevys.com/shop/product/caballito-cerrero-unicorn-chato-blanco/65388484a45f3a7c7b3467af?option-id=c197a2e8cd7289a9f7eeb04dc727c632a607d87687db6a0761989ca8494f5429","249.99","https://www.hiproof.com/products/caballito-cerrero-unicorn-chato-agave-blanco-750ml","299.99","https://www.remedyliquor.com/products/caballito-cerrero-agave-spirit-chato-blanco-unicorn-750ml","190.0","120.0","Pricing data collected from available online retailers. Not all requested retailers (Amazon, Total Wine, Vivino, Liquor.com) appeared in search results. Prices shown are from Hi Proof ($249.99), Remedy Liquor ($299.99), Bevy's ($179.99), SF Tequila Shop ($250.00), and El Cerrito Liquor ($235.99). One Bevy's listing shows out of stock status. Product is a limited edition 750ml bottle at 55% ABV."
"Caballito Cerrero Unicorn Agave Azul - 750ml","","","249.99","74.99","https://www.oldtowntequila.com/caballito-cerrero-unicorn-azul-agave-blanco/","249.95","https://www.miralomamarket.com/products/caballito-cerrero-unicorn-azul-agave-blanco-limit-1","299.99","https://www.remedyliquor.com/products/caballito-cerrero-agave-spirit-azul-blanco-unicorn-750ml","175.0","0.04","Prices from various online retailers; no listings found on Amazon, Total Wine, Vivino, or Liquor.com. Sorted prices: $74.99[6], $199.99[7], $222 avg[1], $249.95[3], $249.99[2], $299.99[4]. Median from sorted list."
"Caballito Cerrero Azul Blanco 46-750ml","","","79.99","75.99","https://cellar.com/products/caballito-cerrero-blanco-46-azul-agave-spirit-750ml","79.0","https://siptequila.com/products/caballito-cerrero-blanco-46","83.99","https://costplusliquors.com/products/caballito-cerrero-blanco-azul-46-tequila-750ml","4.0","0.99","Prices from search results: Cellar.com $75.99[7], SipTequila $79[2], CostPlusLiquors $83.99[3]. No prices found on Amazon, Vivino, or Liquor.com. Total Wine lists product but no price[8]. Wine-Searcher avg $76 ex-tax[1]. Other sites lack explicit prices."
"Buzzballz Tequila Rita - 200ml","","","5.29","3.99","https://www.bottlesandcases.com/spirits/Buzzballz-Tequila-Rita-200ml-w963475195","4.19","https://bottlestork.com/products/buzzballz-tequila-rita-200ml","7.99","https://flaviar.com/products/buzz-ballz-tequila-rita-200","1.3","1.1","Prices from various online retailers; Total Wine, Amazon, Vivino, and Liquor.com had no specific prices listed in results. Single 200ml bottle prices used (Costco [1] is 24-pack at $31.17)."
"BuzzBallz Tequila Rita - 1.75L","","","24.99","9.97","https://app.warehouserunner.com/costco/1138221-buzzballz-tequila-rita-biggies-1-75l","17.49","https://app.warehouserunner.com/costco/1138221-buzzballz-tequila-rita-biggies-1-75l","23.99","https://raretequilas.com/products/buzzballz-biggies-tequila-rita-1-75","15.02","7.5","Prices from Costco (range $9.97-$17.49), Rare Tequilas ($23.99), Liquor Barn ($21.99), Luekens ($15.99), Walmart ($19.98). No prices found on Amazon, Total Wine, Vivino, or Liquor.com. Lowest and median from Costco sales via WarehouseRunner; median approximated as range high due to limited data points."
"BuzzBall Strawberry Margarita - 200ml","","","5.29","2.99","https://www.hiproof.com/products/buzzballz-strawberry-margarita-200-ml","3.99","https://www.marketviewliquor.com/product/buzzballz-strawberry-rita-200ml","6.99","https://www.grandwinecellar.com/products/buzzballz-strawberry-margarita","2.3","1.3","Prices for single 200ml bottles only. No listings found from specified retailers (Amazon, Total Wine, Vivino, Liquor.com). Other retailers used. Single bottle prices: $2.99[1], $3.59[3], $3.99[5][6], $6.99[9]. Multi-packs excluded."
"Avión Reserva Cristalino Tequila - 750ml","","","149.99","62.99","https://www.caskers.com/avion-reserva-cristalino-tequila/","107.99","https://topshelfwineandspirits.com/products/avion-reserva-cristalino","131.99","https://kegnbottle.com/products/avion-cristalino-reserva-tequila-750ml","87.0","42.0","Prices from Caskers ($62.99), Sip Tequila sale ($89.99), Top Shelf ($107.99), Keg N Bottle ($131.99). No direct prices found from Amazon, Total Wine, Vivino, or Liquor.com in results; Total Wine lacks listed price. Average ex-tax ~$140-141 per Wine-Searcher."
"Avión Reserva 44 Extra Añejo Tequila - 750ml","","","159.99","99.99","https://www.universalfws.com/product/p-5626-avion-reserva-44-extra-anejo-tequila/","127","https://www.wine-searcher.com/find/avion+rsrv+44+tequila+extra+anejo+jalisco+mexico/1/usa","149.99","https://www.bcliquorstores.com/product/411763","60.0","32.99","Prices from available sources; Total Wine listing lacks explicit price. Average ex-tax ~$127-$132 per Wine-Searcher. No direct prices found from Amazon, Vivino, or Liquor.com in results."
"Avión Reposado Tequila - 750ml","","","54.99","32.99","https://raretequilas.com/collections/vendors?q=avion","44.99","https://www.oldtowntequila.com/brands/Avion.html","51.99","https://shopwinedirect.com/avion-reposado-tequila-750ml.html","22.0","10.0","Prices from various online retailers; lowest from Rare Tequilas (sold out), median from Old Town Tequila and Sip Whiskey, highest MSRP from ShopWineDirect. No direct prices found from Amazon, Total Wine, Vivino, or Liquor.com in results. Ex-tax average $52 per Wine-Searcher. Non-USD prices excluded."
"Atanasio Blanco Tequila and Reposado Tequila - 2-Pack","","","168.99","168.99","https://sipsy.com/products/atanasio-blanco-tequila-and-reposado-tequila-2pk","168.99","https://sipsy.com/products/atanasio-blanco-tequila-and-reposado-tequila-2pk","168.99","https://sipsy.com/products/atanasio-blanco-tequila-and-reposado-tequila-2pk","0.0","0.0","Only one price found for the exact 'Atanasio Blanco Tequila and Reposado Tequila - 2-Pack' from Sipsy ($168.99). No listings on Amazon, Total Wine, Vivino, or Liquor.com. Other results show individual bottles or different bundles.[2]"
"Atanasio Blanco Tequila - 750ml","","","77.99","64.99","https://www.oldtowntequila.com/atanasio/","74.99","https://siptequila.com/products/atanasio-blanco","79.99","https://www.thebottlehousesd.com/products/atanasio-blanco-tequila-750ml","13.0","3.0","Prices from various online retailers; Total Wine lists product but no price in results. Median calculated from available individual 750ml Blanco prices: 64.99, 70, 72.99, 74.99, 79.99. No prices found from Amazon, Vivino, or Liquor.com."
"Atanasio Añejo Tequila - 750ml","","","119.99","89.99","https://www.oldtowntequila.com/atanasio/","111.99","https://unwindbottleshop.com/products/atanasio-tequila-anejo-750ml","139.99","https://www.whiskyliquorstore.com/203778/atanasio-tequila-anejo-750ml","30.0","8.0","Prices from various online retailers; no results found from Amazon, Total Wine, Vivino, or Liquor.com. Used current sale prices where available. Median calculated from sorted unique prices: 89.99, 99.95, 109.99, 110.00, 111.99, 119.99, 121.99, 136.99/139.99."
"ArteNOM Selección de 1579 Blanco - 750ml","","","59.99","42","https://ludwigsfinewine.com/products/artenom-seleccion-1579-silver-750-ml","65","https://sftequilashop.com/products/artenom-seleccion-1579-blanco-750ml","74.99","https://siptequila.com/products/artenom-seleccion-de-1579-blanco","17.99","-5.01","Prices from various online retailers (750ml where specified); median approximated from available USD prices ($42, $54.99, $64.99, $65); no direct results from Amazon, Total Wine, Vivino, or Liquor.com; excludes non-750ml and case pricing; GBP prices not converted."
"Arte Nom 1123 Tequila Blanco Histórico - 750ml","","","74.99","","","","","","","","","No prices found from specified retailers (Amazon, Total Wine, Vivino, Liquor.com). Search result [1] mentions a discount but lacks a specific price, retailer, or 750ml size match."
"Arette Tequila Reposado - 750ml","","","27.99","25.99","https://www.totalwine.com/spirits/tequila/reposado/arette-reposado-tequila/p/101901010","27.99","https://sipsy.com/products/arette-tequila-reposado-750ml","79.0","https://siptequila.com/products/arette-artesanal-reposado","2.0","0.0","Prices from available retailers; Total Wine is 1L bottle, others mostly 750ml; no prices found from Amazon, Vivino, or Liquor.com; $79 may be for 'Artesanal' variant."
"Arette Tequila Blanco - 750ml","","","25.99","27.76","https://specsonline.com/shop/spirits/arette-tequila-blanco/","29.99","https://theliquorbarn.com/collections/vendors?q=arette","35.99","https://www.totalwine.com/spirits/tequila/c/000824?brandcode=arette","-1.77","-4.0","Prices for 750ml where specified; Total Wine lists $35.99. No direct prices found from Amazon, Vivino, or Liquor.com. Some results for 700ml or variants like Artesanal."
"Alma Del Jaguar Tequila Blanco - 750ml","","","49.99","44.99","https://siptequila.com/products/alma-del-jaguar-blanco","49.99","https://www.totalwine.com/spirits/tequila/blancosilver/alma-del-jaguar-blanco-tequila/p/2126227184","59","https://siptequila.com/products/alma-del-jaguar-blanco","5.0","0.0","Prices from Total Wine ($49.99)[3], Mission Liquor ($47.99)[5], official site ($49.99)[6], Bottle King sale ($49.99)[8], Sip Tequila sale ($44.99, reg $54.99-$59)[2]. No prices found on Amazon, Vivino, or Liquor.com. Nocturna high-proof variants excluded (e.g., $69.99)[1]."
"1800 Reposado Tequila - 750ml","","","29.99","25.49","https://www.totalwine.com/spirits/tequila/reposado/1800-reposado-tequila/p/1799750","27.99","https://shopwinedirect.com/1800-reposado-tequila-750ml.html","33.78","https://www.walmart.com/cp/1800-tequila/8576709","4.5","2.0","Prices from Total Wine ($25.49)[7], ShopWineDirect MSRP ($27.99)[2], SpiritsPrices ($26.25 avg)[1], Walmart ($33.78)[8]. No direct prices found from Amazon, Vivino, or Liquor.com in results; ranges/others excluded (e.g., Warehouse $16.99 unverified size)[9]."
"1800 Cristalino - 750ml","","","44.99","42.07","https://specsonline.com/shop/spirits/1800-tequila-cristalino-anejo/","54.99","https://www.missionliquor.com/products/1800-cristalino-anejo-tequila-750ml-1","64.99","https://raretequilas.com/products/1800-cristalino-tequila-750ml","2.92","-10.0","Prices extracted from search results for 750ml bottles. None from Amazon, Vivino, or Liquor.com in results. Spec's: $42.07; Mission Liquor: $54.99 (sale); Rare Tequilas: $64.99; others higher or unclear. Total Wine no price listed."
"1800 Añejo - 750ml","","","34.99","28.99","https://theliquorbarn.com/products/1800-anejo-tequila-750","42.99","https://raretequilas.com/collections/vendors?q=1800","89.99","https://www.nationwideliquor.com/54919/1800-anejo-tequila-750ml","6.0","-8.0","Prices extracted from search results for 1800 Añejo 750ml. Lowest from Liquor Barn ($28.99, unavailable). Median approximated from available prices (28.99, 32.99, 36.99, 42.99, 50.99, 89.99). Total Wine [9] lacks price. No direct matches from Amazon, Vivino, or Liquor.com in results."
